
Append with new capture


/Gem Systems GSM-19GW 4046514 v7.0 4 IV 2013 M ew5fl.v7o                          
/ID 45142 file 01survey.b   16 VII25
/datum  49000.00
/ 051.7627556   014.3228212 
/UTC


/Gem Systems GSM-19GW 4046514 v7.0 4 IV 2013 M ew5fl.v7o                          
/ID 45142 file 02survey.b   22 VII25
/datum  49000.00
/ 051.7740993   014.2785475 
/UTC
/time nT sq 
091752.0  49823.63 99 
091753.0  49823.71 99 
091754.0  49823.78 99 
091755.0  49823.79 99 
091756.0  49823.74 99 
091757.0  49823.73 99 
091758.0  49823.68 99 
091759.0  49823.70 99 
091800.0  49823.71 99 
091801.0  49823.69 99 
091802.0  49823.67 99 
091803.0  49823.58 99 
091804.0  49823.53 99 
091805.0  49823.58 99 
091806.0  49823.57 99 
091807.0  49823.55 99 
091808.0  49823.55 99 
091809.0  49823.54 99 
091810.0  49823.52 99 
091811.0  49823.47 99 
091812.0  49823.41 99 
091813.0  49823.39 99 
091814.0  49823.39 99 
091815.0  49823.39 99 
091816.0  49823.34 99 
091817.0  49823.39 99 
091818.0  49823.36 99 
091819.0  49823.32 99 
091820.0  49823.28 99 
091821.0  49823.27 99 
091822.0  49823.41 99 
091823.0  49823.58 99 
091824.0  49823.63 99 
091825.0  49823.62 99 
091826.0  49823.63 99 
091827.0  49823.67 99 
091828.0  49823.69 99 
091829.0  49823.69 99 
091830.0  49823.75 99 
091831.0  49823.76 99 
091832.0  49823.75 99 
091833.0  49823.71 99 
091834.0  49823.68 99 
091835.0  49823.63 99 
091836.0  49823.65 99 
091837.0  49823.67 99 
091838.0  49823.61 99 
091839.0  49823.54 99 
091840.0  49823.54 99 
091841.0  49823.55 99 
091842.0  49823.56 99 
091843.0  49823.53 99 
091844.0  49823.57 99 
091845.0  49823.53 99 
091846.0  49823.52 99 
091847.0  49823.51 99 
091848.0  49823.52 99 
091849.0  49823.64 99 
091850.0  49823.63 99 
091851.0  49823.62 99 
091852.0  49823.59 99 
091853.0  49823.48 99 
091854.0  49823.33 99 
091855.0  49823.25 99 
091856.0  49823.21 99 
091857.0  49823.23 99 
091858.0  49823.19 99 
091859.0  49823.24 99 
091900.0  49823.23 99 
091901.0  49823.22 99 
091902.0  49823.18 99 
091903.0  49823.25 99 
091904.0  49823.32 99 
091905.0  49823.36 99 
091906.0  49823.28 99 
091907.0  49823.29 99 
091908.0  49823.43 99 
091909.0  49823.41 99 
091910.0  49823.39 99 
091911.0  49823.30 99 
091912.0  49823.27 99 
091913.0  49823.35 99 
091914.0  49823.32 99 
091915.0  49823.37 99 
091916.0  49823.33 99 
091917.0  49823.31 99 
091918.0  49823.35 99 
091919.0  49823.34 99 
091920.0  49823.39 99 
091921.0  49823.38 99 
091922.0  49823.51 99 
091923.0  49823.61 99 
091924.0  49823.61 99 
091925.0  49823.56 99 
091926.0  49823.50 99 
091927.0  49823.38 99 
091928.0  49823.39 99 
091929.0  49823.37 99 
091930.0  49823.37 99 
091931.0  49823.42 99 
091932.0  49823.38 99 
091933.0  49823.34 99 
091934.0  49823.42 99 
091935.0  49823.47 99 
091936.0  49823.47 99 
091937.0  49823.58 99 
091938.0  49823.53 99 
091939.0  49823.59 99 
091940.0  49823.52 99 
091941.0  49823.50 99 
091942.0  49823.56 99 
091943.0  49823.56 99 
091944.0  49823.54 99 
091945.0  49823.48 99 
091946.0  49823.39 99 
091947.0  49823.37 99 
091948.0  49823.32 99 
091949.0  49823.41 99 
091950.0  49823.44 99 
091951.0  49823.44 99 
091952.0  49823.45 99 
091953.0  49823.48 99 
091954.0  49823.45 99 
091955.0  49823.38 99 
091956.0  49823.42 99 
091957.0  49823.41 99 
091958.0  49823.42 99 
091959.0  49823.55 99 
092000.0  49823.62 99 
092001.0  49823.59 99 
092002.0  49823.54 99 
092003.0  49823.40 99 
092004.0  49823.36 99 
092005.0  49823.30 99 
092006.0  49823.27 99 
092007.0  49823.40 99 
092008.0  49823.50 99 
092009.0  49823.50 99 
092010.0  49823.46 99 
092011.0  49823.45 99 
092012.0  49823.40 99 
092013.0  49823.34 99 
092014.0  49823.26 99 
092015.0  49823.19 99 
092016.0  49823.24 99 
092017.0  49823.26 99 
092018.0  49823.23 99 
092019.0  49823.30 99 
092020.0  49823.37 99 
092021.0  49823.46 99 
092022.0  49823.46 99 
092023.0  49823.50 99 
092024.0  49823.46 99 
092025.0  49823.41 99 
092026.0  49823.40 99 
092027.0  49823.37 99 
092028.0  49823.18 99 
092029.0  49823.11 99 
092030.0  49823.11 99 
092031.0  49823.11 99 
092032.0  49822.96 99 
092033.0  49822.84 99 
092034.0  49822.86 99 
092035.0  49822.98 99 
092036.0  49823.18 99 
092037.0  49823.26 99 
092038.0  49823.25 99 
092039.0  49823.15 99 
092040.0  49823.03 99 
092041.0  49822.98 99 
092042.0  49823.05 99 
092043.0  49823.14 99 
092044.0  49823.27 99 
092045.0  49823.25 99 
092046.0  49823.28 99 
092047.0  49823.29 99 
092048.0  49823.28 99 
092049.0  49823.34 99 
092050.0  49823.28 99 
092051.0  49823.20 99 
092052.0  49823.20 99 
092053.0  49823.21 99 
092054.0  49823.33 99 
092055.0  49823.68 99 
092056.0  49823.88 99 
092057.0  49823.98 99 
092058.0  49823.90 99 
092059.0  49823.93 99 
092100.0  49823.98 99 
092101.0  49824.36 99 
092102.0  49824.44 99 
092103.0  49824.48 99 
092104.0  49824.42 99 
092105.0  49824.58 99 
092106.0  49824.67 99 
092107.0  49824.71 99 
092108.0  49824.65 99 
092109.0  49824.59 99 
092110.0  49824.63 99 
092111.0  49824.65 99 
092112.0  49824.75 99 
092113.0  49824.75 99 
092114.0  49824.76 99 
092115.0  49824.78 99 
092116.0  49824.79 99 
092117.0  49824.74 99 
092118.0  49824.75 99 
092119.0  49824.75 99 
092120.0  49824.73 99 
092121.0  49824.78 99 
092122.0  49824.74 99 
092123.0  49824.77 99 
092124.0  49824.75 99 
092125.0  49824.79 99 
092126.0  49824.78 99 
092127.0  49824.76 99 
092128.0  49824.77 99 
092129.0  49824.75 99 
092130.0  49824.78 99 
092131.0  49824.79 99 
092132.0  49824.80 99 
092133.0  49824.79 99 
092134.0  49824.78 99 
092135.0  49824.77 99 
092136.0  49824.79 99 
092137.0  49824.83 99 
092138.0  49824.78 99 
092139.0  49824.75 99 
092140.0  49824.74 99 
092141.0  49824.74 99 
092142.0  49824.71 99 
092143.0  49824.73 99 
092144.0  49824.70 99 
092145.0  49824.73 99 
092146.0  49824.68 99 
092147.0  49824.64 99 
092148.0  49824.51 99 
092149.0  49824.61 99 
092150.0  49824.63 99 
092151.0  49824.66 99 
092152.0  49824.63 99 
092153.0  49824.62 99 
092154.0  49824.54 99 
092155.0  49824.56 99 
092156.0  49824.56 99 
092157.0  49824.59 99 
092158.0  49824.63 99 
092159.0  49824.70 99 
092200.0  49824.68 99 
092201.0  49824.63 99 
092202.0  49824.72 99 
092203.0  49824.67 99 
092204.0  49824.68 99 
092205.0  49824.70 99 
092206.0  49824.66 99 
092207.0  49824.75 99 
092208.0  49824.80 99 
092209.0  49824.83 99 
092210.0  49824.84 99 
092211.0  49824.78 99 
092212.0  49824.73 99 
092213.0  49824.62 99 
092214.0  49824.53 99 
092215.0  49824.51 99 
092216.0  49824.43 99 
092217.0  49824.39 99 
092218.0  49824.55 99 
092219.0  49824.60 99 
092220.0  49824.65 99 
092221.0  49824.66 99 
092222.0  49824.61 99 
092223.0  49824.50 99 
092224.0  49824.49 99 
092225.0  49824.55 99 
092226.0  49824.51 99 
092227.0  49824.48 99 
092228.0  49824.40 99 
092229.0  49824.21 99 
092230.0  49824.11 99 
092231.0  49824.04 99 
092232.0  49824.02 99 
092233.0  49823.92 99 
092234.0  49824.08 99 
092235.0  49824.17 99 
092236.0  49824.37 99 
092237.0  49824.59 99 
092238.0  49824.59 99 
092239.0  49824.67 99 
092240.0  49824.74 99 
092241.0  49824.76 99 
092242.0  49824.80 99 
092243.0  49824.82 99 
092244.0  49824.81 99 
092245.0  49824.86 99 
092246.0  49824.88 99 
092247.0  49824.88 99 
092248.0  49824.89 99 
092249.0  49824.84 99 
092250.0  49824.83 99 
092251.0  49824.84 99 
092252.0  49824.86 99 
092253.0  49824.82 99 
092254.0  49824.84 99 
092255.0  49824.80 99 
092256.0  49824.82 99 
092257.0  49824.81 99 
092258.0  49824.79 99 
092259.0  49824.73 99 
092300.0  49824.61 99 
092301.0  49824.60 99 
092302.0  49824.56 99 
092303.0  49824.56 99 
092304.0  49824.68 99 
092305.0  49824.65 99 
092306.0  49824.60 99 
092307.0  49824.57 99 
092308.0  49824.66 99 
092309.0  49824.71 99 
092310.0  49824.64 99 
092311.0  49824.58 99 
092312.0  49824.61 99 
092313.0  49824.67 99 
092314.0  49824.70 99 
092315.0  49824.77 99 
092316.0  49824.86 99 
092317.0  49824.84 99 
092318.0  49824.80 99 
092319.0  49824.72 99 
092320.0  49824.57 99 
092321.0  49824.61 99 
092322.0  49824.49 99 
092323.0  49824.35 99 
092324.0  49824.24 99 
092325.0  49824.22 99 
092326.0  49824.23 99 
092327.0  49824.25 99 
092328.0  49824.30 99 
092329.0  49824.27 99 
092330.0  49824.24 99 
092331.0  49824.35 99 
092332.0  49824.70 99 
092333.0  49824.76 99 
092334.0  49824.79 99 
092335.0  49824.80 99 
092336.0  49824.77 99 
092337.0  49824.85 99 
092338.0  49824.83 99 
092339.0  49824.83 99 
092340.0  49824.79 99 
092341.0  49824.71 99 
092342.0  49824.67 99 
092343.0  49824.68 99 
092344.0  49824.65 99 
092345.0  49824.69 99 
092346.0  49824.71 99 
092347.0  49824.66 99 
092348.0  49824.64 99 
092349.0  49824.61 99 
092350.0  49824.63 99 
092351.0  49824.65 99 
092352.0  49824.69 99 
092353.0  49824.73 99 
092354.0  49824.90 99 
092355.0  49824.85 99 
092356.0  49824.73 99 
092357.0  49824.75 99 
092358.0  49824.76 99 
092359.0  49824.80 99 
092400.0  49824.82 99 
092401.0  49824.85 99 
092402.0  49824.84 99 
092403.0  49824.85 99 
092404.0  49824.80 99 
092405.0  49824.80 99 
092406.0  49824.71 99 
092407.0  49824.77 99 
092408.0  49824.79 99 
092409.0  49824.77 99 
092410.0  49824.74 99 
092411.0  49824.72 99 
092412.0  49824.82 99 
092413.0  49824.85 99 
092414.0  49824.86 99 
092415.0  49824.93 99 
092416.0  49824.94 99 
092417.0  49824.86 99 
092418.0  49824.81 99 
092419.0  49824.82 99 
092420.0  49824.84 99 
092421.0  49824.90 99 
092422.0  49825.00 99 
092423.0  49825.03 99 
092424.0  49825.07 99 
092425.0  49825.07 99 
092426.0  49825.05 99 
092427.0  49825.02 99 
092428.0  49824.90 99 
092429.0  49824.77 99 
092430.0  49824.75 99 
092431.0  49824.86 99 
092432.0  49824.90 99 
092433.0  49824.87 99 
092434.0  49824.84 99 
092435.0  49824.79 99 
092436.0  49824.76 99 
092437.0  49824.75 99 
092438.0  49824.76 99 
092439.0  49824.79 99 
092440.0  49824.69 99 
092441.0  49824.47 99 
092442.0  49824.32 99 
092443.0  49824.41 99 
092444.0  49824.73 99 
092445.0  49824.82 99 
092446.0  49824.89 99 
092447.0  49824.83 99 
092448.0  49824.77 99 
092449.0  49824.67 99 
092450.0  49824.70 99 
092451.0  49824.67 99 
092452.0  49824.68 99 
092453.0  49823.91 99 
092454.0  49824.25 99 
092455.0  49824.53 99 
092456.0  49824.68 99 
092457.0  49824.77 99 
092458.0  49824.91 99 
092459.0  49824.92 99 
092500.0  49824.95 99 
092501.0  49824.92 99 
092502.0  49824.92 99 
092503.0  49824.80 99 
092504.0  49824.81 99 
092505.0  49824.76 99 
092506.0  49824.78 99 
092507.0  49824.81 99 
092508.0  49824.77 99 
092509.0  49824.75 99 
092510.0  49824.74 99 
092511.0  49824.71 99 
092512.0  49824.71 99 
092513.0  49824.71 99 
092514.0  49824.70 99 
092515.0  49824.74 99 
092516.0  49824.75 99 
092517.0  49824.81 99 
092518.0  49824.78 99 
092519.0  49824.64 99 
092520.0  49824.45 99 
092521.0  49824.22 99 
092522.0  49824.17 99 
092523.0  49824.26 99 
092524.0  49824.27 99 
092525.0  49824.29 99 
092526.0  49824.56 99 
092527.0  49824.70 99 
092528.0  49824.74 99 
092529.0  49824.78 99 
092530.0  49824.80 99 
092531.0  49824.72 99 
092532.0  49824.67 99 
092533.0  49824.74 99 
092534.0  49824.79 99 
092535.0  49824.78 99 
092536.0  49824.73 99 
092537.0  49824.71 99 
092538.0  49824.78 99 
092539.0  49824.82 99 
092540.0  49824.83 99 
092541.0  49824.80 99 
092542.0  49824.60 99 
092543.0  49824.37 99 
092544.0  49824.50 99 
092545.0  49824.72 99 
092546.0  49824.81 99 
092547.0  49824.84 99 
092548.0  49824.82 99 
092549.0  49824.86 99 
092550.0  49824.87 99 
092551.0  49824.84 99 
092552.0  49824.81 99 
092553.0  49824.82 99 
092554.0  49824.80 99 
092555.0  49824.64 99 
092556.0  49824.47 99 
092557.0  49824.61 99 
092558.0  49824.90 99 
092559.0  49824.93 99 
092600.0  49825.04 99 
092601.0  49825.07 99 
092602.0  49825.08 99 
092603.0  49825.17 99 
092604.0  49825.08 99 
092605.0  49825.04 99 
092606.0  49824.98 99 
092607.0  49824.87 99 
092608.0  49824.77 99 
092609.0  49824.78 99 
092610.0  49824.82 99 
092611.0  49824.79 99 
092612.0  49824.75 99 
092613.0  49824.66 99 
092614.0  49824.67 99 
092615.0  49824.70 99 
092616.0  49824.72 99 
092617.0  49824.76 99 
092618.0  49824.72 99 
092619.0  49824.68 99 
092620.0  49824.70 99 
092621.0  49824.67 99 
092622.0  49824.65 99 
092623.0  49824.62 99 
092624.0  49824.50 99 
092625.0  49824.45 99 
092626.0  49824.43 99 
092627.0  49824.42 99 
092628.0  49824.53 99 
092629.0  49824.58 99 
092630.0  49824.62 99 
092631.0  49824.75 99 
092632.0  49824.81 99 
092633.0  49824.84 99 
092634.0  49824.83 99 
092635.0  49824.74 99 
092636.0  49824.69 99 
092637.0  49824.62 99 
092638.0  49824.60 99 
092639.0  49824.62 99 
092640.0  49824.61 99 
092641.0  49824.58 99 
092642.0  49824.59 99 
092643.0  49824.67 99 
092644.0  49824.68 99 
092645.0  49824.66 99 
092646.0  49823.97 99 
092647.0  49823.87 99 
092648.0  49824.34 99 
092649.0  49824.31 99 
092650.0  49824.19 99 
092651.0  49824.04 99 
092652.0  49823.90 99 
092653.0  49823.91 99 
092654.0  49823.83 99 
092655.0  49823.88 99 
092656.0  49824.00 99 
092657.0  49824.07 99 
092658.0  49824.17 99 
092659.0  49824.26 99 
092700.0  49824.39 99 
092701.0  49824.49 99 
092702.0  49824.71 99 
092703.0  49824.92 99 
092704.0  49824.94 99 
092705.0  49824.87 99 
092706.0  49824.92 99 
092707.0  49824.92 99 
092708.0  49824.88 99 
092709.0  49824.89 99 
092710.0  49824.93 99 
092711.0  49825.00 99 
092712.0  49825.09 99 
092713.0  49824.98 99 
092714.0  49824.92 99 
092715.0  49824.97 99 
092716.0  49824.98 99 
092717.0  49824.99 99 
092718.0  49824.91 99 
092719.0  49824.87 99 
092720.0  49824.86 99 
092721.0  49824.78 99 
092722.0  49824.77 99 
092723.0  49824.75 99 
092724.0  49824.74 99 
092725.0  49824.79 99 
092726.0  49824.79 99 
092727.0  49824.74 99 
092728.0  49824.72 99 
092729.0  49824.73 99 
092730.0  49824.81 99 
092731.0  49824.83 99 
092732.0  49824.86 99 
092733.0  49824.87 99 
092734.0  49824.87 99 
092735.0  49824.82 99 
092736.0  49824.84 99 
092737.0  49824.86 99 
092738.0  49824.84 99 
092739.0  49824.85 99 
092740.0  49824.76 99 
092741.0  49824.73 99 
092742.0  49824.65 99 
092743.0  49824.49 99 
092744.0  49824.27 99 
092745.0  49824.16 99 
092746.0  49824.13 99 
092747.0  49824.14 99 
092748.0  49824.13 99 
092749.0  49824.15 99 
092750.0  49824.26 99 
092751.0  49824.28 99 
092752.0  49824.37 99 
092753.0  49824.44 99 
092754.0  49824.54 99 
092755.0  49824.58 99 
092756.0  49824.64 99 
092757.0  49824.78 99 
092758.0  49825.01 99 
092759.0  49825.11 99 
092800.0  49825.13 99 
092801.0  49825.13 99 
092802.0  49825.12 99 
092803.0  49825.19 99 
092804.0  49825.29 99 
092805.0  49825.27 99 
092806.0  49825.33 99 
092807.0  49825.31 99 
092808.0  49825.29 99 
092809.0  49825.29 99 
092810.0  49825.30 99 
092811.0  49825.24 99 
092812.0  49825.11 99 
092813.0  49825.05 99 
092814.0  49825.00 99 
092815.0  49824.96 99 
092816.0  49824.95 99 
092817.0  49824.94 99 
092818.0  49824.82 99 
092819.0  49824.74 99 
092820.0  49824.77 99 
092821.0  49824.82 99 
092822.0  49824.88 99 
092823.0  49824.89 99 
092824.0  49824.90 99 
092825.0  49824.90 99 
092826.0  49824.89 99 
092827.0  49824.87 99 
092828.0  49824.82 99 
092829.0  49824.89 99 
092830.0  49825.40 99 
092831.0  49825.16 99 
092832.0  49824.93 99 
092833.0  49824.83 99 
092834.0  49824.78 99 
092835.0  49824.69 99 
092836.0  49824.52 99 
092837.0  49824.27 99 
092838.0  49824.13 99 
092839.0  49824.07 99 
092840.0  49824.21 99 
092841.0  49824.59 99 
092842.0  49824.66 99 
092843.0  49824.76 99 
092844.0  49824.73 99 
092845.0  49824.78 99 
092846.0  49824.82 99 
092847.0  49824.86 99 
092848.0  49824.85 99 
092849.0  49824.85 99 
092850.0  49824.86 99 
092851.0  49824.86 99 
092852.0  49824.83 99 
092853.0  49824.75 99 
092854.0  49824.79 99 
092855.0  49824.75 99 
092856.0  49824.77 99 
092857.0  49824.81 99 
092858.0  49824.89 99 
092859.0  49824.89 99 
092900.0  49824.94 99 
092901.0  49824.93 99 
092902.0  49824.96 99 
092903.0  49824.96 99 
092904.0  49825.01 99 
092905.0  49824.98 99 
092906.0  49824.91 99 
092907.0  49824.88 99 
092908.0  49824.96 99 
092909.0  49824.93 99 
092910.0  49824.87 99 
092911.0  49824.75 99 
092912.0  49824.45 99 
092913.0  49824.30 99 
092914.0  49824.18 99 
092915.0  49824.16 99 
092916.0  49824.20 99 
092917.0  49824.36 99 
092918.0  49824.28 99 
092919.0  49824.23 99 
092920.0  49824.17 99 
092921.0  49824.16 99 
092922.0  49824.16 99 
092923.0  49824.22 99 
092924.0  49824.29 99 
092925.0  49824.38 99 
092926.0  49824.52 99 
092927.0  49824.56 99 
092928.0  49824.55 99 
092929.0  49824.57 99 
092930.0  49824.72 99 
092931.0  49824.85 99 
092932.0  49824.84 99 
092933.0  49824.73 99 
092934.0  49824.67 99 
092935.0  49824.72 99 
092936.0  49824.80 99 
092937.0  49824.78 99 
092938.0  49824.73 99 
092939.0  49824.67 99 
092940.0  49824.69 99 
092941.0  49824.80 99 
092942.0  49824.83 99 
092943.0  49824.78 99 
092944.0  49824.78 99 
092945.0  49824.81 99 
092946.0  49824.83 99 
092947.0  49824.82 99 
092948.0  49824.78 99 
092949.0  49824.74 99 
092950.0  49824.72 99 
092951.0  49824.87 99 
092952.0  49824.76 99 
092953.0  49824.87 99 
092954.0  49824.92 99 
092955.0  49824.90 99 
092956.0  49824.94 99 
092957.0  49824.83 99 
092958.0  49824.80 99 
092959.0  49824.93 99 
093000.0  49825.02 99 
093001.0  49825.03 99 
093002.0  49825.06 99 
093003.0  49824.82 99 
093004.0  49824.77 99 
093005.0  49824.84 99 
093006.0  49824.78 99 
093007.0  49824.92 99 
093008.0  49824.92 99 
093009.0  49824.89 99 
093010.0  49824.84 99 
093011.0  49824.84 99 
093012.0  49824.91 99 
093013.0  49824.86 99 
093014.0  49824.85 99 
093015.0  49824.87 99 
093016.0  49824.83 99 
093017.0  49824.83 99 
093018.0  49824.88 99 
093019.0  49824.89 99 
093020.0  49824.87 99 
093021.0  49824.86 99 
093022.0  49824.89 99 
093023.0  49824.87 99 
093024.0  49824.85 99 
093025.0  49824.85 99 
093026.0  49824.85 99 
093027.0  49824.77 99 
093028.0  49824.70 99 
093029.0  49824.64 99 
093030.0  49824.67 99 
093031.0  49824.61 99 
093032.0  49824.68 99 
093033.0  49824.76 99 
093034.0  49824.85 99 
093035.0  49824.87 99 
093036.0  49824.87 99 
093037.0  49824.81 99 
093038.0  49824.73 99 
093039.0  49824.69 99 
093040.0  49824.73 99 
093041.0  49824.69 99 
093042.0  49824.69 99 
093043.0  49824.72 99 
093044.0  49824.74 99 
093045.0  49824.93 99 
093046.0  49824.98 99 
093047.0  49825.02 99 
093048.0  49824.97 99 
093049.0  49824.95 99 
093050.0  49824.95 99 
093051.0  49824.96 99 
093052.0  49824.94 99 
093053.0  49824.89 99 
093054.0  49824.91 99 
093055.0  49824.93 99 
093056.0  49824.95 99 
093057.0  49824.97 99 
093058.0  49824.97 99 
093059.0  49824.97 99 
093100.0  49824.96 99 
093101.0  49824.95 99 
093102.0  49824.92 99 
093103.0  49824.97 99 
093104.0  49824.95 99 
093105.0  49824.90 99 
093106.0  49824.89 99 
093107.0  49824.88 99 
093108.0  49824.94 99 
093109.0  49824.93 99 
093110.0  49824.92 99 
093111.0  49824.92 99 
093112.0  49824.90 99 
093113.0  49824.85 99 
093114.0  49824.81 99 
093115.0  49824.81 99 
093116.0  49824.94 99 
093117.0  49824.91 99 
093118.0  49824.94 99 
093119.0  49824.90 99 
093120.0  49824.90 99 
093121.0  49824.88 99 
093122.0  49824.89 99 
093123.0  49824.87 99 
093124.0  49824.74 99 
093125.0  49824.64 99 
093126.0  49824.66 99 
093127.0  49824.67 99 
093128.0  49824.75 99 
093129.0  49824.85 99 
093130.0  49824.95 99 
093131.0  49824.96 99 
093132.0  49824.91 99 
093133.0  49824.91 99 
093134.0  49824.93 99 
093135.0  49824.98 99 
093136.0  49825.05 99 
093137.0  49825.01 99 
093138.0  49825.02 99 
093139.0  49825.08 99 
093140.0  49825.00 99 
093141.0  49824.98 99 
093142.0  49824.99 99 
093143.0  49824.99 99 
093144.0  49825.01 99 
093145.0  49825.05 99 
093146.0  49825.07 99 
093147.0  49825.09 99 
093148.0  49825.09 99 
093149.0  49825.16 99 
093150.0  49825.09 99 
093151.0  49824.92 99 
093152.0  49824.84 99 
093153.0  49824.88 99 
093154.0  49824.76 99 
093155.0  49824.76 99 
093156.0  49824.74 99 
093157.0  49824.87 99 
093158.0  49824.86 99 
093159.0  49824.91 99 
093200.0  49824.85 99 
093201.0  49824.70 99 
093202.0  49824.40 99 
093203.0  49824.22 99 
093204.0  49824.15 99 
093205.0  49824.31 99 
093206.0  49824.43 99 
093207.0  49824.44 99 
093208.0  49824.52 99 
093209.0  49824.55 99 
093210.0  49824.58 99 
093211.0  49824.64 99 
093212.0  49824.60 99 
093213.0  49824.61 99 
093214.0  49824.61 99 
093215.0  49824.62 99 
093216.0  49824.61 99 
093217.0  49824.74 99 
093218.0  49824.84 99 
093219.0  49824.92 99 
093220.0  49824.91 99 
093221.0  49824.90 99 
093222.0  49824.95 99 
093223.0  49824.94 99 
093224.0  49825.00 99 
093225.0  49825.10 99 
093226.0  49825.08 99 
093227.0  49825.01 99 
093228.0  49824.93 99 
093229.0  49824.83 99 
093230.0  49824.75 99 
093231.0  49824.68 99 
093232.0  49824.77 99 
093233.0  49824.87 99 
093234.0  49824.85 99 
093235.0  49824.81 99 
093236.0  49824.78 99 
093237.0  49824.81 99 
093238.0  49824.91 99 
093239.0  49824.95 99 
093240.0  49825.03 99 
093241.0  49825.02 99 
093242.0  49825.04 99 
093243.0  49825.04 99 
093244.0  49825.03 99 
093245.0  49825.00 99 
093246.0  49824.94 99 
093247.0  49824.85 99 
093248.0  49824.95 99 
093249.0  49825.04 99 
093250.0  49825.15 99 
093251.0  49825.12 99 
093252.0  49825.14 99 
093253.0  49825.21 99 
093254.0  49825.18 99 
093255.0  49825.20 99 
093256.0  49825.19 99 
093257.0  49825.09 99 
093258.0  49825.01 99 
093259.0  49824.83 99 
093300.0  49824.72 99 
093301.0  49824.56 99 
093302.0  49824.44 99 
093303.0  49824.25 99 
093304.0  49824.21 99 
093305.0  49824.15 99 
093306.0  49824.06 99 
093307.0  49824.04 99 
093308.0  49824.34 99 
093309.0  49824.42 99 
093310.0  49824.46 99 
093311.0  49824.47 99 
093312.0  49824.54 99 
093313.0  49824.58 99 
093314.0  49824.85 99 
093315.0  49825.02 99 
093316.0  49825.09 99 
093317.0  49825.07 99 
093318.0  49825.06 99 
093319.0  49825.02 99 
093320.0  49825.28 99 
093321.0  49825.40 99 
093322.0  49825.26 99 
093323.0  49825.22 99 
093324.0  49825.28 99 
093325.0  49825.32 99 
093326.0  49825.32 99 
093327.0  49825.27 99 
093328.0  49825.35 99 
093329.0  49825.37 99 
093330.0  49825.34 99 
093331.0  49825.31 99 
093332.0  49825.20 99 
093333.0  49825.11 99 
093334.0  49825.02 99 
093335.0  49825.09 99 
093336.0  49825.09 99 
093337.0  49825.00 99 
093338.0  49824.96 99 
093339.0  49824.93 99 
093340.0  49824.83 99 
093341.0  49824.76 99 
093342.0  49824.73 99 
093343.0  49824.66 99 
093344.0  49824.59 99 
093345.0  49824.62 99 
093346.0  49824.61 99 
093347.0  49824.58 99 
093348.0  49824.62 99 
093349.0  49824.71 99 
093350.0  49824.76 99 
093351.0  49825.01 99 
093352.0  49825.02 99 
093353.0  49824.93 99 
093354.0  49824.77 99 
093355.0  49824.62 99 
093356.0  49824.68 99 
093357.0  49824.62 99 
093358.0  49824.56 99 
093359.0  49824.71 99 
093400.0  49825.21 99 
093401.0  49825.31 99 
093402.0  49825.35 99 
093403.0  49825.17 99 
093404.0  49825.10 99 
093405.0  49825.08 99 
093406.0  49825.01 99 
093407.0  49825.04 99 
093408.0  49825.13 99 
093409.0  49825.22 99 
093410.0  49825.18 99 
093411.0  49824.92 99 
093412.0  49824.62 99 
093413.0  49824.50 99 
093414.0  49824.50 99 
093415.0  49824.67 99 
093416.0  49824.76 99 
093417.0  49824.78 99 
093418.0  49824.99 99 
093419.0  49825.21 99 
093420.0  49825.30 99 
093421.0  49825.44 99 
093422.0  49825.58 99 
093423.0  49825.62 99 
093424.0  49825.57 99 
093425.0  49825.49 99 
093426.0  49825.46 99 
093427.0  49825.43 99 
093428.0  49825.41 99 
093429.0  49825.34 99 
093430.0  49825.36 99 
093431.0  49825.34 99 
093432.0  49825.32 99 
093433.0  49825.25 99 
093434.0  49825.07 99 
093435.0  49824.99 99 
093436.0  49825.12 99 
093437.0  49825.14 99 
093438.0  49825.14 99 
093439.0  49824.95 99 
093440.0  49824.84 99 
093441.0  49824.83 99 
093442.0  49824.75 99 
093443.0  49824.72 99 
093444.0  49824.85 99 
093445.0  49824.84 99 
093446.0  49824.85 99 
093447.0  49824.83 99 
093448.0  49824.83 99 
093449.0  49824.62 99 
093450.0  49824.42 99 
093451.0  49824.50 99 
093452.0  49824.60 99 
093453.0  49824.68 99 
093454.0  49824.78 99 
093455.0  49824.86 99 
093456.0  49824.82 99 
093457.0  49824.82 99 
093458.0  49824.74 99 
093459.0  49824.61 99 
093500.0  49824.83 99 
093501.0  49824.94 99 
093502.0  49824.99 99 
093503.0  49825.04 99 
093504.0  49825.08 99 
093505.0  49825.05 99 
093506.0  49824.97 99 
093507.0  49824.99 99 
093508.0  49825.06 99 
093509.0  49825.14 99 
093510.0  49825.05 99 
093511.0  49825.06 99 
093512.0  49825.05 99 
093513.0  49825.12 99 
093514.0  49825.17 99 
093515.0  49825.21 99 
093516.0  49825.20 99 
093517.0  49825.22 99 
093518.0  49825.30 99 
093519.0  49825.30 99 
093520.0  49825.36 99 
093521.0  49825.43 99 
093522.0  49825.47 99 
093523.0  49825.50 99 
093524.0  49825.48 99 
093525.0  49825.47 99 
093526.0  49825.39 99 
093527.0  49825.32 99 
093528.0  49825.27 99 
093529.0  49825.24 99 
093530.0  49825.18 99 
093531.0  49825.22 99 
093532.0  49825.21 99 
093533.0  49825.19 99 
093534.0  49825.22 99 
093535.0  49825.23 99 
093536.0  49825.23 99 
093537.0  49825.24 99 
093538.0  49825.25 99 
093539.0  49825.23 99 
093540.0  49825.23 99 
093541.0  49825.19 99 
093542.0  49825.09 99 
093543.0  49825.19 99 
093544.0  49825.15 99 
093545.0  49825.18 99 
093546.0  49825.17 99 
093547.0  49825.17 99 
093548.0  49825.09 99 
093549.0  49825.09 99 
093550.0  49825.12 99 
093551.0  49825.13 99 
093552.0  49826.63 99 
093553.0  49825.92 99 
093554.0  49825.61 99 
093555.0  49825.41 99 
093556.0  49825.41 99 
093557.0  49825.35 99 
093558.0  49825.41 99 
093559.0  49825.52 99 
093600.0  49825.51 99 
093601.0  49825.45 99 
093602.0  49825.27 99 
093603.0  49825.19 99 
093604.0  49825.18 99 
093605.0  49825.21 99 
093606.0  49825.27 99 
093607.0  49825.35 99 
093608.0  49825.44 99 
093609.0  49825.47 99 
093610.0  49825.49 99 
093611.0  49825.52 99 
093612.0  49825.49 99 
093613.0  49825.37 99 
093614.0  49825.31 99 
093615.0  49825.33 99 
093616.0  49825.38 99 
093617.0  49825.43 99 
093618.0  49825.43 99 
093619.0  49825.40 99 
093620.0  49825.40 99 
093621.0  49825.41 99 
093622.0  49825.42 99 
093623.0  49825.43 99 
093624.0  49825.41 99 
093625.0  49825.39 99 
093626.0  49825.39 99 
093627.0  49825.31 99 
093628.0  49825.21 99 
093629.0  49825.20 99 
093630.0  49825.27 99 
093631.0  49825.26 99 
093632.0  49825.24 99 
093633.0  49825.11 99 
093634.0  49825.16 99 
093635.0  49825.28 99 
093636.0  49825.36 99 
093637.0  49825.41 99 
093638.0  49825.43 99 
093639.0  49825.46 99 
093640.0  49825.51 99 
093641.0  49825.63 99 
093642.0  49825.67 99 
093643.0  49825.64 99 
093644.0  49825.57 99 
093645.0  49825.55 99 
093646.0  49825.48 99 
093647.0  49825.62 99 
093648.0  49825.53 99 
093649.0  49825.46 99 
093650.0  49825.43 99 
093651.0  49825.45 99 
093652.0  49825.41 99 
093653.0  49825.38 99 
093654.0  49825.41 99 
093655.0  49825.46 99 
093656.0  49825.52 99 
093657.0  49825.56 99 
093658.0  49825.52 99 
093659.0  49825.57 99 
093700.0  49825.62 99 
093701.0  49825.63 99 
093702.0  49825.61 99 
093703.0  49825.60 99 
093704.0  49825.62 99 
093705.0  49825.60 99 
093706.0  49825.63 99 
093707.0  49825.54 99 
093708.0  49825.44 99 
093709.0  49825.14 99 
093710.0  49824.89 99 
093711.0  49824.64 99 
093712.0  49824.50 99 
093713.0  49824.47 99 
093714.0  49824.68 99 
093715.0  49824.93 99 
093716.0  49824.98 99 
093717.0  49825.10 99 
093718.0  49825.12 99 
093719.0  49825.17 99 
093720.0  49825.45 99 
093721.0  49825.66 99 
093722.0  49825.70 99 
093723.0  49825.71 99 
093724.0  49825.70 99 
093725.0  49825.68 99 
093726.0  49825.68 99 
093727.0  49825.74 99 
093728.0  49825.71 99 
093729.0  49825.69 99 
093730.0  49825.80 99 
093731.0  49825.78 99 
093732.0  49825.74 99 
093733.0  49825.72 99 
093734.0  49825.75 99 
093735.0  49825.73 99 
093736.0  49825.68 99 
093737.0  49825.71 99 
093738.0  49825.72 99 
093739.0  49825.74 99 
093740.0  49825.71 99 
093741.0  49825.73 99 
093742.0  49825.65 99 
093743.0  49825.66 99 
093744.0  49825.63 99 
093745.0  49825.52 99 
093746.0  49825.48 99 
093747.0  49825.40 99 
093748.0  49825.31 99 
093749.0  49825.25 99 
093750.0  49825.15 99 
093751.0  49825.19 99 
093752.0  49825.23 99 
093753.0  49825.38 99 
093754.0  49825.49 99 
093755.0  49825.56 99 
093756.0  49825.58 99 
093757.0  49825.55 99 
093758.0  49825.53 99 
093759.0  49825.45 99 
093800.0  49825.30 99 
093801.0  49825.15 99 
093802.0  49824.97 99 
093803.0  49824.89 99 
093804.0  49824.85 99 
093805.0  49824.90 99 
093806.0  49825.06 99 
093807.0  49825.14 99 
093808.0  49825.21 99 
093809.0  49825.30 99 
093810.0  49825.32 99 
093811.0  49825.37 99 
093812.0  49825.42 99 
093813.0  49825.68 99 
093814.0  49825.88 99 
093815.0  49825.93 99 
093816.0  49825.93 99 
093817.0  49825.92 99 
093818.0  49825.92 99 
093819.0  49825.93 99 
093820.0  49826.00 99 
093821.0  49826.03 99 
093822.0  49826.02 99 
093823.0  49825.99 99 
093824.0  49826.03 99 
093825.0  49826.07 99 
093826.0  49826.05 99 
093827.0  49825.94 99 
093828.0  49825.89 99 
093829.0  49825.81 99 
093830.0  49825.84 99 
093831.0  49825.96 99 
093832.0  49825.99 99 
093833.0  49825.98 99 
093834.0  49825.92 99 
093835.0  49825.90 99 
093836.0  49825.78 99 
093837.0  49825.77 99 
093838.0  49825.83 99 
093839.0  49825.92 99 
093840.0  49825.87 99 
093841.0  49825.84 99 
093842.0  49825.82 99 
093843.0  49825.81 99 
093844.0  49825.74 99 
093845.0  49825.73 99 
093846.0  49825.76 99 
093847.0  49825.82 99 
093848.0  49825.83 99 
093849.0  49825.85 99 
093850.0  49825.97 99 
093851.0  49826.01 99 
093852.0  49825.95 99 
093853.0  49825.83 99 
093854.0  49825.73 99 
093855.0  49825.66 99 
093856.0  49825.69 99 
093857.0  49825.63 99 
093858.0  49825.76 99 
093859.0  49825.89 99 
093900.0  49825.97 99 
093901.0  49826.00 99 
093902.0  49825.97 99 
093903.0  49825.90 99 
093904.0  49825.84 99 
093905.0  49825.78 99 
093906.0  49825.76 99 
093907.0  49825.78 99 
093908.0  49825.69 99 
093909.0  49825.56 99 
093910.0  49825.52 99 
093911.0  49825.50 99 
093912.0  49825.63 99 
093913.0  49825.76 99 
093914.0  49825.90 99 
093915.0  49826.03 99 
093916.0  49826.03 99 
093917.0  49826.09 99 
093918.0  49826.03 99 
093919.0  49826.04 99 
093920.0  49826.05 99 
093921.0  49825.96 99 
093922.0  49825.85 99 
093923.0  49825.84 99 
093924.0  49825.92 99 
093925.0  49825.97 99 
093926.0  49825.99 99 
093927.0  49826.11 99 
093928.0  49826.12 99 
093929.0  49825.98 99 
093930.0  49825.98 99 
093931.0  49825.97 99 
093932.0  49825.94 99 
093933.0  49825.90 99 
093934.0  49825.86 99 
093935.0  49825.87 99 
093936.0  49825.85 99 
093937.0  49825.86 99 
093938.0  49825.87 99 
093939.0  49825.87 99 
093940.0  49825.91 99 
093941.0  49825.97 99 
093942.0  49826.02 99 
093943.0  49825.94 99 
093944.0  49825.91 99 
093945.0  49825.91 99 
093946.0  49825.85 99 
093947.0  49825.71 99 
093948.0  49825.54 99 
093949.0  49825.47 99 
093950.0  49825.37 99 
093951.0  49825.35 99 
093952.0  49825.33 99 
093953.0  49825.29 99 
093954.0  49825.45 99 
093955.0  49825.55 99 
093956.0  49825.61 99 
093957.0  49825.70 99 
093958.0  49825.67 99 
093959.0  49825.72 99 
094000.0  49825.78 99 
094001.0  49825.89 99 
094002.0  49825.92 99 
094003.0  49825.73 99 
094004.0  49825.67 99 
094005.0  49825.64 99 
094006.0  49825.62 99 
094007.0  49825.63 99 
094008.0  49825.61 99 
094009.0  49825.73 99 
094010.0  49825.79 99 
094011.0  49825.82 99 
094012.0  49825.86 99 
094013.0  49825.91 99 
094014.0  49826.01 99 
094015.0  49825.98 99 
094016.0  49825.97 99 
094017.0  49825.97 99 
094018.0  49825.87 99 
094019.0  49825.89 99 
094020.0  49825.94 99 
094021.0  49825.95 99 
094022.0  49825.81 99 
094023.0  49825.96 99 
094024.0  49826.01 99 
094025.0  49826.50 99 
094026.0  49826.49 99 
094027.0  49826.23 99 
094028.0  49826.14 99 
094029.0  49826.10 99 
094030.0  49826.16 99 
094031.0  49826.19 99 
094032.0  49826.15 99 
094033.0  49826.06 99 
094034.0  49826.05 99 
094035.0  49826.09 99 
094036.0  49826.09 99 
094037.0  49826.20 99 
094038.0  49826.14 99 
094039.0  49826.16 99 
094040.0  49826.22 99 
094041.0  49826.23 99 
094042.0  49826.20 99 
094043.0  49826.19 99 
094044.0  49826.28 99 
094045.0  49826.29 99 
094046.0  49826.29 99 
094047.0  49826.29 99 
094048.0  49826.27 99 
094049.0  49826.31 99 
094050.0  49826.30 99 
094051.0  49826.26 99 
094052.0  49826.13 99 
094053.0  49826.04 99 
094054.0  49825.98 99 
094055.0  49825.89 99 
094056.0  49825.69 99 
094057.0  49825.43 99 
094058.0  49825.33 99 
094059.0  49825.21 99 
094100.0  49825.32 99 
094101.0  49825.40 99 
094102.0  49825.50 99 
094103.0  49825.61 99 
094104.0  49825.67 99 
094105.0  49825.72 99 
094106.0  49825.94 99 
094107.0  49826.02 99 
094108.0  49826.13 99 
094109.0  49826.20 99 
094110.0  49826.28 99 
094111.0  49826.27 99 
094112.0  49826.35 99 
094113.0  49826.41 99 
094114.0  49826.43 99 
094115.0  49826.47 99 
094116.0  49826.42 99 
094117.0  49826.38 99 
094118.0  49826.38 99 
094119.0  49826.45 99 
094120.0  49826.47 99 
094121.0  49826.53 99 
094122.0  49826.51 99 
094123.0  49826.57 99 
094124.0  49826.65 99 
094125.0  49826.62 99 
094126.0  49826.66 99 
094127.0  49826.65 99 
094128.0  49826.66 99 
094129.0  49826.64 99 
094130.0  49826.66 99 
094131.0  49826.65 99 
094132.0  49826.51 99 
094133.0  49826.37 99 
094134.0  49826.28 99 
094135.0  49826.23 99 
094136.0  49826.22 99 
094137.0  49826.27 99 
094138.0  49826.28 99 
094139.0  49826.32 99 
094140.0  49826.42 99 
094141.0  49826.48 99 
094142.0  49826.52 99 
094143.0  49826.55 99 
094144.0  49826.58 99 
094145.0  49826.66 99 
094146.0  49826.79 99 
094147.0  49826.80 99 
094148.0  49826.91 99 
094149.0  49826.95 99 
094150.0  49826.92 99 
094151.0  49826.97 99 
094152.0  49827.03 99 
094153.0  49827.11 99 
094154.0  49827.17 99 
094155.0  49827.28 99 
094156.0  49827.35 99 
094157.0  49827.41 99 
094158.0  49827.42 99 
094159.0  49827.37 99 
094200.0  49827.36 99 
094201.0  49827.33 99 
094202.0  49827.29 99 
094203.0  49827.21 99 
094204.0  49827.06 99 
094205.0  49826.97 99 
094206.0  49826.91 99 
094207.0  49826.86 99 
094208.0  49826.83 99 
094209.0  49826.77 99 
094210.0  49826.71 99 
094211.0  49826.65 99 
094212.0  49826.59 99 
094213.0  49826.56 99 
094214.0  49826.50 99 
094215.0  49826.52 99 
094216.0  49826.51 99 
094217.0  49826.47 99 
094218.0  49826.44 99 
094219.0  49826.46 99 
094220.0  49826.43 99 
094221.0  49826.46 99 
094222.0  49826.45 99 
094223.0  49826.44 99 
094224.0  49826.41 99 
094225.0  49826.33 99 
094226.0  49826.27 99 
094227.0  49826.46 99 
094228.0  49826.61 99 
094229.0  49826.65 99 
094230.0  49826.73 99 
094231.0  49826.74 99 
094232.0  49826.76 99 
094233.0  49826.74 99 
094234.0  49826.74 99 
094235.0  49826.73 99 
094236.0  49826.73 99 
094237.0  49826.76 99 
094238.0  49826.77 99 
094239.0  49826.78 99 
094240.0  49826.73 99 
094241.0  49826.73 99 
094242.0  49826.71 99 
094243.0  49826.71 99 
094244.0  49826.68 99 
094245.0  49826.73 99 
094246.0  49826.73 99 
094247.0  49826.73 99 
094248.0  49826.75 99 
094249.0  49826.79 99 
094250.0  49826.86 99 
094251.0  49826.83 99 
094252.0  49826.80 99 
094253.0  49826.81 99 
094254.0  49826.82 99 
094255.0  49826.83 99 
094256.0  49826.81 99 
094257.0  49826.80 99 
094258.0  49826.77 99 
094259.0  49826.78 99 
094300.0  49826.80 99 
094301.0  49826.82 99 
094302.0  49826.81 99 
094303.0  49826.74 99 
094304.0  49826.59 99 
094305.0  49826.67 99 
094306.0  49826.67 99 
094307.0  49826.64 99 
094308.0  49826.52 99 
094309.0  49826.39 99 
094310.0  49826.28 99 
094311.0  49826.20 99 
094312.0  49826.11 99 
094313.0  49826.12 99 
094314.0  49826.14 99 
094315.0  49826.20 99 
094316.0  49826.15 99 
094317.0  49826.27 99 
094318.0  49826.24 99 
094319.0  49826.25 99 
094320.0  49826.49 99 
094321.0  49826.75 99 
094322.0  49826.80 99 
094323.0  49826.87 99 
094324.0  49826.83 99 
094325.0  49826.83 99 
094326.0  49826.79 99 
094327.0  49826.82 99 
094328.0  49826.91 99 
094329.0  49826.93 99 
094330.0  49826.92 99 
094331.0  49826.94 99 
094332.0  49826.96 99 
094333.0  49826.98 99 
094334.0  49827.04 99 
094335.0  49827.04 99 
094336.0  49827.05 99 
094337.0  49826.98 99 
094338.0  49826.94 99 
094339.0  49826.92 99 
094340.0  49826.91 99 
094341.0  49826.94 99 
094342.0  49826.95 99 
094343.0  49826.91 99 
094344.0  49826.87 99 
094345.0  49826.83 99 
094346.0  49826.79 99 
094347.0  49826.81 99 
094348.0  49826.82 99 
094349.0  49826.98 99 
094350.0  49827.08 99 
094351.0  49827.16 99 
094352.0  49827.20 99 
094353.0  49827.25 99 
094354.0  49827.26 99 
094355.0  49827.27 99 
094356.0  49827.29 99 
094357.0  49827.28 99 
094358.0  49827.25 99 
094359.0  49827.18 99 
094400.0  49827.12 99 
094401.0  49827.09 99 
094402.0  49827.22 99 
094403.0  49827.30 99 
094404.0  49827.32 99 
094405.0  49827.33 99 
094406.0  49827.30 99 
094407.0  49827.30 99 
094408.0  49827.31 99 
094409.0  49827.31 99 
094410.0  49827.34 99 
094411.0  49827.32 99 
094412.0  49827.30 99 
094413.0  49827.29 99 
094414.0  49827.15 99 
094415.0  49826.98 99 
094416.0  49826.79 99 
094417.0  49826.61 99 
094418.0  49826.42 99 
094419.0  49826.45 99 
094420.0  49826.25 99 
094421.0  49826.44 99 
094422.0  49826.49 99 
094423.0  49826.22 99 
094424.0  49825.93 99 
094425.0  49826.42 99 
094426.0  49827.09 99 
094427.0  49827.23 99 
094428.0  49827.31 99 
094429.0  49827.46 99 
094430.0  49827.44 99 
094431.0  49827.35 99 
094432.0  49827.41 99 
094433.0  49827.44 99 
094434.0  49827.53 99 
094435.0  49827.53 99 
094436.0  49827.52 99 
094437.0  49827.46 99 
094438.0  49827.53 99 
094439.0  49827.54 99 
094440.0  49827.52 99 
094441.0  49827.54 99 
094442.0  49827.63 99 
094443.0  49827.64 99 
094444.0  49827.67 99 
094445.0  49827.68 99 
094446.0  49827.53 99 
094447.0  49827.50 99 
094448.0  49827.54 99 
094449.0  49827.48 99 
094450.0  49827.40 99 
094451.0  49827.40 99 
094452.0  49827.37 99 
094453.0  49827.32 99 
094454.0  49827.39 99 
094455.0  49827.37 99 
094456.0  49827.35 99 
094457.0  49827.39 99 
094458.0  49827.42 99 
094459.0  49827.40 99 
094500.0  49827.45 99 
094501.0  49827.25 99 
094502.0  49827.24 99 
094503.0  49827.32 99 
094504.0  49827.29 99 
094505.0  49827.22 99 
094506.0  49827.13 99 
094507.0  49827.21 99 
094508.0  49827.32 99 
094509.0  49827.16 99 
094510.0  49827.12 99 
094511.0  49827.24 99 
094512.0  49827.34 99 
094513.0  49827.42 99 
094514.0  49827.37 99 
094515.0  49827.34 99 
094516.0  49827.34 99 
094517.0  49827.33 99 
094518.0  49827.30 99 
094519.0  49827.22 99 
094520.0  49827.22 99 
094521.0  49827.08 99 
094522.0  49826.86 99 
094523.0  49826.65 99 
094524.0  49826.83 99 
094525.0  49827.02 99 
094526.0  49827.07 99 
094527.0  49827.05 99 
094528.0  49827.09 99 
094529.0  49827.07 99 
094530.0  49827.09 99 
094531.0  49827.12 99 
094532.0  49827.15 99 
094533.0  49827.16 99 
094534.0  49827.21 99 
094535.0  49827.22 99 
094536.0  49827.26 99 
094537.0  49827.23 99 
094538.0  49827.18 99 
094539.0  49827.15 99 
094540.0  49827.18 99 
094541.0  49827.17 99 
094542.0  49827.18 99 
094543.0  49827.15 99 
094544.0  49827.12 99 
094545.0  49827.11 99 
094546.0  49827.06 99 
094547.0  49827.06 99 
094548.0  49827.05 99 
094549.0  49827.14 99 
094550.0  49827.10 99 
094551.0  49826.89 99 
094552.0  49826.75 99 
094553.0  49826.66 99 
094554.0  49826.55 99 
094555.0  49826.44 99 
094556.0  49826.54 99 
094557.0  49826.56 99 
094558.0  49826.61 99 
094559.0  49826.89 99 
094600.0  49827.17 99 
094601.0  49827.32 99 
094602.0  49827.27 99 
094603.0  49827.19 99 
094604.0  49827.26 99 
094605.0  49827.19 99 
094606.0  49827.15 99 
094607.0  49827.13 99 
094608.0  49827.25 99 
094609.0  49827.34 99 
094610.0  49827.29 99 
094611.0  49827.22 99 
094612.0  49827.03 99 
094613.0  49826.98 99 
094614.0  49827.20 99 
094615.0  49827.31 99 
094616.0  49827.40 99 
094617.0  49827.36 99 
094618.0  49827.36 99 
094619.0  49827.37 99 
094620.0  49827.34 99 
094621.0  49827.30 99 
094622.0  49827.28 99 
094623.0  49827.28 99 
094624.0  49827.29 99 
094625.0  49827.34 99 
094626.0  49827.44 99 
094627.0  49827.50 99 
094628.0  49827.47 99 
094629.0  49827.40 99 
094630.0  49827.42 99 
094631.0  49827.41 99 
094632.0  49827.36 99 
094633.0  49827.30 99 
094634.0  49827.28 99 
094635.0  49827.28 99 
094636.0  49827.27 99 
094637.0  49827.32 99 
094638.0  49827.34 99 
094639.0  49827.40 99 
094640.0  49827.43 99 
094641.0  49827.51 99 
094642.0  49827.50 99 
094643.0  49827.48 99 
094644.0  49827.46 99 
094645.0  49827.51 99 
094646.0  49827.57 99 
094647.0  49827.60 99 
094648.0  49827.61 99 
094649.0  49827.58 99 
094650.0  49827.54 99 
094651.0  49827.53 99 
094652.0  49827.53 99 
094653.0  49827.54 99 
094654.0  49827.55 99 
094655.0  49827.55 99 
094656.0  49827.56 99 
094657.0  49827.44 99 
094658.0  49827.45 99 
094659.0  49827.43 99 
094700.0  49827.48 99 
094701.0  49827.55 99 
094702.0  49827.59 99 
094703.0  49827.58 99 
094704.0  49827.58 99 
094705.0  49827.56 99 
094706.0  49827.50 99 
094707.0  49827.50 99 
094708.0  49827.44 99 
094709.0  49827.39 99 
094710.0  49827.24 99 
094711.0  49827.16 99 
094712.0  49827.06 99 
094713.0  49827.01 99 
094714.0  49827.08 99 
094715.0  49827.12 99 
094716.0  49827.07 99 
094717.0  49827.06 99 
094718.0  49827.06 99 
094719.0  49827.11 99 
094720.0  49827.10 99 
094721.0  49827.06 99 
094722.0  49827.11 99 
094723.0  49827.44 99 
094724.0  49827.55 99 
094725.0  49827.58 99 
094726.0  49827.57 99 
094727.0  49827.66 99 
094728.0  49827.70 99 
094729.0  49827.65 99 
094730.0  49827.64 99 
094731.0  49827.77 99 
094732.0  49827.83 99 
094733.0  49827.89 99 
094734.0  49827.94 99 
094735.0  49827.94 99 
094736.0  49827.92 99 
094737.0  49827.89 99 
094738.0  49827.78 99 
094739.0  49827.79 99 
094740.0  49827.79 99 
094741.0  49827.75 99 
094742.0  49827.61 99 
094743.0  49827.58 99 
094744.0  49827.53 99 
094745.0  49827.53 99 
094746.0  49827.65 99 
094747.0  49827.74 99 
094748.0  49827.71 99 
094749.0  49827.76 99 
094750.0  49827.81 99 
094751.0  49827.83 99 
094752.0  49827.82 99 
094753.0  49827.76 99 
094754.0  49827.85 99 
094755.0  49827.86 99 
094756.0  49827.87 99 
094757.0  49827.88 99 
094758.0  49827.84 99 
094759.0  49827.77 99 
094800.0  49827.74 99 
094801.0  49827.69 99 
094802.0  49827.55 99 
094803.0  49827.39 99 
094804.0  49827.38 99 
094805.0  49827.45 99 
094806.0  49827.42 99 
094807.0  49827.43 99 
094808.0  49827.52 99 
094809.0  49827.40 99 
094810.0  49827.09 99 
094811.0  49826.91 99 
094812.0  49826.80 99 
094813.0  49826.89 99 
094814.0  49827.03 99 
094815.0  49827.22 99 
094816.0  49827.31 99 
094817.0  49827.46 99 
094818.0  49827.69 99 
094819.0  49827.70 99 
094820.0  49827.78 99 
094821.0  49827.76 99 
094822.0  49827.86 99 
094823.0  49827.80 99 
094824.0  49827.76 99 
094825.0  49827.84 99 
094826.0  49827.76 99 
094827.0  49827.60 99 
094828.0  49827.55 99 
094829.0  49827.48 99 
094830.0  49827.52 99 
094831.0  49827.51 99 
094832.0  49827.52 99 
094833.0  49827.72 99 
094834.0  49827.89 99 
094835.0  49827.88 99 
094836.0  49827.88 99 
094837.0  49827.81 99 
094838.0  49827.77 99 
094839.0  49827.73 99 
094840.0  49827.70 99 
094841.0  49827.79 99 
094842.0  49827.82 99 
094843.0  49827.86 99 
094844.0  49827.88 99 
094845.0  49827.89 99 
094846.0  49827.83 99 
094847.0  49827.86 99 
094848.0  49827.83 99 
094849.0  49827.82 99 
094850.0  49827.80 99 
094851.0  49827.77 99 
094852.0  49827.74 99 
094853.0  49827.72 99 
094854.0  49827.71 99 
094855.0  49827.73 99 
094856.0  49827.76 99 
094857.0  49827.75 99 
094858.0  49827.80 99 
094859.0  49827.81 99 
094900.0  49827.87 99 
094901.0  49827.85 99 
094902.0  49827.82 99 
094903.0  49827.76 99 
094904.0  49827.76 99 
094905.0  49827.86 99 
094906.0  49827.88 99 
094907.0  49827.86 99 
094908.0  49827.88 99 
094909.0  49827.86 99 
094910.0  49827.88 99 
094911.0  49827.92 99 
094912.0  49827.83 99 
094913.0  49827.63 99 
094914.0  49827.41 99 
094915.0  49827.39 99 
094916.0  49827.74 99 
094917.0  49827.93 99 
094918.0  49827.93 99 
094919.0  49827.96 99 
094920.0  49827.95 99 
094921.0  49827.96 99 
094922.0  49828.02 99 
094923.0  49828.00 99 
094924.0  49828.03 99 
094925.0  49828.01 99 
094926.0  49827.97 99 
094927.0  49828.00 99 
094928.0  49828.03 99 
094929.0  49827.99 99 
094930.0  49828.00 99 
094931.0  49827.99 99 
094932.0  49828.03 99 
094933.0  49828.03 99 
094934.0  49828.02 99 
094935.0  49827.96 99 
094936.0  49827.95 99 
094937.0  49827.94 99 
094938.0  49827.93 99 
094939.0  49827.96 99 
094940.0  49828.10 99 
094941.0  49828.05 99 
094942.0  49827.96 99 
094943.0  49827.93 99 
094944.0  49827.90 99 
094945.0  49827.93 99 
094946.0  49827.92 99 
094947.0  49827.86 99 
094948.0  49827.80 99 
094949.0  49827.96 99 
094950.0  49828.07 99 
094951.0  49828.07 99 
094952.0  49828.09 99 
094953.0  49828.06 99 
094954.0  49828.01 99 
094955.0  49827.92 99 
094956.0  49827.85 99 
094957.0  49827.77 99 
094958.0  49827.62 99 
094959.0  49827.64 99 
095000.0  49827.62 99 
095001.0  49827.71 99 
095002.0  49827.81 99 
095003.0  49827.84 99 
095004.0  49827.89 99 
095005.0  49827.96 99 
095006.0  49827.96 99 
095007.0  49827.92 99 
095008.0  49827.80 99 
095009.0  49827.62 99 
095010.0  49827.48 99 
095011.0  49827.90 99 
095012.0  49828.12 99 
095013.0  49828.08 99 
095014.0  49828.21 99 
095015.0  49828.37 99 
095016.0  49828.39 99 
095017.0  49828.42 99 
095018.0  49828.35 99 
095019.0  49828.18 99 
095020.0  49828.09 99 
095021.0  49828.09 99 
095022.0  49828.07 99 
095023.0  49828.11 99 
095024.0  49828.10 99 
095025.0  49828.07 99 
095026.0  49828.05 99 
095027.0  49828.03 99 
095028.0  49828.02 99 
095029.0  49828.14 99 
095030.0  49828.15 99 
095031.0  49828.14 99 
095032.0  49828.15 99 
095033.0  49828.14 99 
095034.0  49828.01 99 
095035.0  49827.97 99 
095036.0  49827.95 99 
095037.0  49827.95 99 
095038.0  49827.92 99 
095039.0  49827.93 99 
095040.0  49828.07 99 
095041.0  49828.18 99 
095042.0  49828.31 99 
095043.0  49828.35 99 
095044.0  49828.44 99 
095045.0  49828.50 99 
095046.0  49828.48 99 
095047.0  49828.54 99 
095048.0  49828.54 99 
095049.0  49828.53 99 
095050.0  49828.56 99 
095051.0  49828.55 99 
095052.0  49828.52 99 
095053.0  49828.52 99 
095054.0  49828.56 99 
095055.0  49828.53 99 
095056.0  49828.45 99 
095057.0  49828.47 99 
095058.0  49828.42 99 
095059.0  49828.49 99 
095100.0  49828.54 99 
095101.0  49828.44 99 
095102.0  49828.33 99 
095103.0  49828.11 99 
095104.0  49828.02 99 
095105.0  49828.02 99 
095106.0  49828.01 99 
095107.0  49828.08 99 
095108.0  49828.13 99 
095109.0  49828.14 99 
095110.0  49828.09 99 
095111.0  49828.11 99 
095112.0  49828.13 99 
095113.0  49828.16 99 
095114.0  49828.17 99 
095115.0  49828.26 99 
095116.0  49828.27 99 
095117.0  49828.30 99 
095118.0  49828.27 99 
095119.0  49828.34 99 
095120.0  49828.41 99 
095121.0  49828.52 99 
095122.0  49828.50 99 
095123.0  49828.54 99 
095124.0  49828.50 99 
095125.0  49828.48 99 
095126.0  49828.45 99 
095127.0  49828.40 99 
095128.0  49828.39 99 
095129.0  49828.25 99 
095130.0  49828.32 99 
095131.0  49828.40 99 
095132.0  49828.41 99 
095133.0  49828.36 99 
095134.0  49828.34 99 
095135.0  49828.40 99 
095136.0  49828.47 99 
095137.0  49828.38 99 
095138.0  49828.34 99 
095139.0  49828.24 99 
095140.0  49828.22 99 
095141.0  49828.21 99 
095142.0  49828.28 99 
095143.0  49828.23 99 
095144.0  49828.26 99 
095145.0  49828.26 99 
095146.0  49828.21 99 
095147.0  49828.17 99 
095148.0  49828.33 99 
095149.0  49828.47 99 
095150.0  49828.51 99 
095151.0  49828.54 99 
095152.0  49828.56 99 
095153.0  49828.46 99 
095154.0  49828.37 99 
095155.0  49828.40 99 
095156.0  49828.40 99 
095157.0  49828.44 99 
095158.0  49828.52 99 
095159.0  49828.64 99 
095200.0  49828.60 99 
095201.0  49828.51 99 
095202.0  49828.44 99 
095203.0  49828.43 99 
095204.0  49828.56 99 
095205.0  49828.69 99 
095206.0  49828.70 99 
095207.0  49828.62 99 
095208.0  49828.61 99 
095209.0  49828.58 99 
095210.0  49828.54 99 
095211.0  49828.51 99 
095212.0  49828.56 99 
095213.0  49828.59 99 
095214.0  49828.61 99 
095215.0  49828.64 99 
095216.0  49828.59 99 
095217.0  49828.63 99 
095218.0  49828.67 99 
095219.0  49828.73 99 
095220.0  49828.71 99 
095221.0  49828.74 99 
095222.0  49828.80 99 
095223.0  49828.85 99 
095224.0  49828.91 99 
095225.0  49828.98 99 
095226.0  49829.01 99 
095227.0  49829.03 99 
095228.0  49829.01 99 
095229.0  49828.94 99 
095230.0  49828.95 99 
095231.0  49828.99 99 
095232.0  49829.00 99 
095233.0  49828.97 99 
095234.0  49828.99 99 
095235.0  49828.98 99 
095236.0  49828.96 99 
095237.0  49828.92 99 
095238.0  49828.89 99 
095239.0  49829.02 99 
095240.0  49829.00 99 
095241.0  49828.94 99 
095242.0  49828.94 99 
095243.0  49829.00 99 
095244.0  49829.01 99 
095245.0  49829.06 99 
095246.0  49829.06 99 
095247.0  49829.03 99 
095248.0  49828.99 99 
095249.0  49828.99 99 
095250.0  49828.93 99 
095251.0  49828.90 99 
095252.0  49828.85 99 
095253.0  49828.81 99 
095254.0  49828.64 99 
095255.0  49828.51 99 
095256.0  49828.44 99 
095257.0  49828.59 99 
095258.0  49828.66 99 
095259.0  49828.71 99 
095300.0  49828.75 99 
095301.0  49828.78 99 
095302.0  49828.75 99 
095303.0  49828.78 99 
095304.0  49828.81 99 
095305.0  49828.76 99 
095306.0  49828.70 99 
095307.0  49828.77 99 
095308.0  49828.85 99 
095309.0  49828.88 99 
095310.0  49828.89 99 
095311.0  49828.88 99 
095312.0  49828.91 99 
095313.0  49828.90 99 
095314.0  49828.86 99 
095315.0  49828.91 99 
095316.0  49828.92 99 
095317.0  49828.95 99 
095318.0  49829.07 99 
095319.0  49829.05 99 
095320.0  49829.08 99 
095321.0  49829.08 99 
095322.0  49829.08 99 
095323.0  49829.12 99 
095324.0  49829.08 99 
095325.0  49829.08 99 
095326.0  49829.08 99 
095327.0  49829.06 99 
095328.0  49829.05 99 
095329.0  49829.03 99 
095330.0  49829.00 99 
095331.0  49828.93 99 
095332.0  49828.96 99 
095333.0  49828.89 99 
095334.0  49828.87 99 
095335.0  49828.87 99 
095336.0  49828.87 99 
095337.0  49828.95 99 
095338.0  49829.03 99 
095339.0  49829.04 99 
095340.0  49829.09 99 
095341.0  49829.11 99 
095342.0  49829.10 99 
095343.0  49829.12 99 
095344.0  49829.12 99 
095345.0  49829.18 99 
095346.0  49829.17 99 
095347.0  49829.19 99 
095348.0  49829.18 99 
095349.0  49829.24 99 
095350.0  49829.20 99 
095351.0  49829.20 99 
095352.0  49829.19 99 
095353.0  49829.19 99 
095354.0  49829.16 99 
095355.0  49829.12 99 
095356.0  49829.09 99 
095357.0  49829.15 99 
095358.0  49829.25 99 
095359.0  49829.37 99 
095400.0  49829.47 99 
095401.0  49829.54 99 
095402.0  49829.48 99 
095403.0  49829.46 99 
095404.0  49829.44 99 
095405.0  49829.41 99 
095406.0  49829.34 99 
095407.0  49829.32 99 
095408.0  49829.24 99 
095409.0  49829.14 99 
095410.0  49829.14 99 
095411.0  49829.10 99 
095412.0  49829.07 99 
095413.0  49829.10 99 
095414.0  49829.18 99 
095415.0  49829.30 99 
095416.0  49829.31 99 
095417.0  49829.21 99 
095418.0  49829.07 99 
095419.0  49828.98 99 
095420.0  49829.06 99 
095421.0  49829.14 99 
095422.0  49829.12 99 
095423.0  49829.18 99 
095424.0  49829.24 99 
095425.0  49829.39 99 
095426.0  49829.54 99 
095427.0  49829.56 99 
095428.0  49829.57 99 
095429.0  49829.50 99 
095430.0  49829.46 99 
095431.0  49829.32 99 
095432.0  49829.30 99 
095433.0  49829.36 99 
095434.0  49829.39 99 
095435.0  49829.39 99 
095436.0  49829.40 99 
095437.0  49829.41 99 
095438.0  49829.45 99 
095439.0  49829.48 99 
095440.0  49829.50 99 
095441.0  49829.48 99 
095442.0  49829.52 99 
095443.0  49829.58 99 
095444.0  49829.59 99 
095445.0  49829.68 99 
095446.0  49829.69 99 
095447.0  49829.73 99 
095448.0  49829.68 99 
095449.0  49829.64 99 
095450.0  49829.65 99 
095451.0  49829.65 99 
095452.0  49829.70 99 
095453.0  49829.62 99 
095454.0  49829.54 99 
095455.0  49829.51 99 
095456.0  49829.47 99 
095457.0  49829.44 99 
095458.0  49829.42 99 
095459.0  49829.44 99 
095500.0  49829.45 99 
095501.0  49829.49 99 
095502.0  49829.55 99 
095503.0  49829.56 99 
095504.0  49829.62 99 
095505.0  49829.63 99 
095506.0  49829.67 99 
095507.0  49829.69 99 
095508.0  49829.72 99 
095509.0  49829.76 99 
095510.0  49829.74 99 
095511.0  49829.77 99 
095512.0  49829.79 99 
095513.0  49829.76 99 
095514.0  49829.72 99 
095515.0  49829.61 99 
095516.0  49829.46 99 
095517.0  49829.33 99 
095518.0  49829.08 99 
095519.0  49828.88 99 
095520.0  49829.04 99 
095521.0  49829.07 99 
095522.0  49829.14 99 
095523.0  49829.03 99 
095524.0  49829.20 99 
095525.0  49829.29 99 
095526.0  49829.42 99 
095527.0  49829.48 99 
095528.0  49829.53 99 
095529.0  49829.54 99 
095530.0  49829.56 99 
095531.0  49829.59 99 
095532.0  49829.61 99 
095533.0  49829.55 99 
095534.0  49829.50 99 
095535.0  49829.42 99 
095536.0  49829.54 99 
095537.0  49829.57 99 
095538.0  49829.52 99 
095539.0  49829.56 99 
095540.0  49829.58 99 
095541.0  49829.55 99 
095542.0  49829.51 99 
095543.0  49829.51 99 
095544.0  49829.54 99 
095545.0  49829.57 99 
095546.0  49829.59 99 
095547.0  49829.63 99 
095548.0  49829.65 99 
095549.0  49829.65 99 
095550.0  49829.66 99 
095551.0  49828.86 99 
095552.0  49828.97 99 
095553.0  49829.28 99 
095554.0  49829.41 99 
095555.0  49829.52 99 
095556.0  49829.22 99 
095557.0  49829.39 99 
095558.0  49829.53 99 
095559.0  49829.63 99 
095600.0  49829.68 99 
095601.0  49829.67 99 
095602.0  49829.67 99 
095603.0  49829.63 99 
095604.0  49829.59 99 
095605.0  49829.60 99 
095606.0  49829.64 99 
095607.0  49829.58 99 
095608.0  49829.64 99 
095609.0  49829.59 99 
095610.0  49829.57 99 
095611.0  49829.64 99 
095612.0  49829.70 99 
095613.0  49829.68 99 
095614.0  49829.69 99 
095615.0  49829.68 99 
095616.0  49829.71 99 
095617.0  49829.76 99 
095618.0  49829.66 99 
095619.0  49829.57 99 
095620.0  49829.55 99 
095621.0  49829.55 99 
095622.0  49829.54 99 
095623.0  49829.46 99 
095624.0  49829.39 99 
095625.0  49829.36 99 
095626.0  49829.48 99 
095627.0  49829.54 99 
095628.0  49829.56 99 
095629.0  49829.63 99 
095630.0  49829.68 99 
095631.0  49829.69 99 
095632.0  49829.84 99 
095633.0  49829.96 99 
095634.0  49830.01 99 
095635.0  49830.03 99 
095636.0  49829.99 99 
095637.0  49829.95 99 
095638.0  49830.01 99 
095639.0  49830.09 99 
095640.0  49830.10 99 
095641.0  49830.05 99 
095642.0  49829.92 99 
095643.0  49829.91 99 
095644.0  49829.88 99 
095645.0  49829.91 99 
095646.0  49829.93 99 
095647.0  49829.93 99 
095648.0  49829.84 99 
095649.0  49829.89 99 
095650.0  49829.99 99 
095651.0  49830.05 99 
095652.0  49830.17 99 
095653.0  49830.13 99 
095654.0  49830.07 99 
095655.0  49830.20 99 
095656.0  49830.28 99 
095657.0  49830.17 99 
095658.0  49830.02 99 
095659.0  49829.93 99 
095700.0  49829.88 99 
095701.0  49829.85 99 
095702.0  49829.89 99 
095703.0  49829.88 99 
095704.0  49829.80 99 
095705.0  49829.66 99 
095706.0  49829.48 99 
095707.0  49829.28 99 
095708.0  49829.08 99 
095709.0  49829.01 99 
095710.0  49828.99 99 
095711.0  49828.98 99 
095712.0  49829.13 99 
095713.0  49829.16 99 
095714.0  49829.25 99 
095715.0  49829.64 99 
095716.0  49829.79 99 
095717.0  49829.78 99 
095718.0  49829.66 99 
095719.0  49829.49 99 
095720.0  49829.46 99 
095721.0  49829.46 99 
095722.0  49829.46 99 
095723.0  49829.63 99 
095724.0  49829.83 99 
095725.0  49829.90 99 
095726.0  49829.96 99 
095727.0  49830.05 99 
095728.0  49830.12 99 
095729.0  49830.21 99 
095730.0  49830.10 99 
095731.0  49830.13 99 
095732.0  49830.16 99 
095733.0  49830.23 99 
095734.0  49830.29 99 
095735.0  49830.24 99 
095736.0  49830.15 99 
095737.0  49830.09 99 
095738.0  49830.11 99 
095739.0  49830.08 99 
095740.0  49830.02 99 
095741.0  49829.95 99 
095742.0  49829.83 99 
095743.0  49829.74 99 
095744.0  49829.76 99 
095745.0  49829.88 99 
095746.0  49829.94 99 
095747.0  49829.99 99 
095748.0  49829.98 99 
095749.0  49829.98 99 
095750.0  49830.02 99 
095751.0  49830.07 99 
095752.0  49829.85 99 
095753.0  49829.72 99 
095754.0  49829.79 99 
095755.0  49829.78 99 
095756.0  49829.62 99 
095757.0  49829.46 99 
095758.0  49829.35 99 
095759.0  49829.28 99 
095800.0  49829.39 99 
095801.0  49829.27 99 
095802.0  49829.23 99 
095803.0  49829.30 99 
095804.0  49829.43 99 
095805.0  49829.66 99 
095806.0  49829.92 99 
095807.0  49830.08 99 
095808.0  49830.10 99 
095809.0  49830.12 99 
095810.0  49830.15 99 
095811.0  49830.14 99 
095812.0  49830.11 99 
095813.0  49830.11 99 
095814.0  49830.11 99 
095815.0  49830.14 99 
095816.0  49830.29 99 
095817.0  49830.30 99 
095818.0  49830.29 99 
095819.0  49830.24 99 
095820.0  49830.24 99 
095821.0  49830.30 99 
095822.0  49830.32 99 
095823.0  49830.34 99 
095824.0  49830.25 99 
095825.0  49830.14 99 
095826.0  49830.04 99 
095827.0  49830.07 99 
095828.0  49830.01 99 
095829.0  49830.00 99 
095830.0  49830.10 99 
095831.0  49830.03 99 
095832.0  49830.01 99 
095833.0  49829.98 99 
095834.0  49829.98 99 
095835.0  49830.05 99 
095836.0  49830.06 99 
095837.0  49830.04 99 
095838.0  49830.02 99 
095839.0  49829.97 99 
095840.0  49830.02 99 
095841.0  49830.19 99 
095842.0  49830.31 99 
095843.0  49830.26 99 
095844.0  49830.29 99 
095845.0  49830.33 99 
095846.0  49830.29 99 
095847.0  49830.29 99 
095848.0  49830.27 99 
095849.0  49830.28 99 
095850.0  49830.37 99 
095851.0  49830.35 99 
095852.0  49830.30 99 
095853.0  49830.27 99 
095854.0  49830.28 99 
095855.0  49830.34 99 
095856.0  49830.29 99 
095857.0  49830.36 99 
095858.0  49830.46 99 
095859.0  49830.51 99 
095900.0  49830.56 99 
095901.0  49830.55 99 
095902.0  49830.53 99 
095903.0  49830.49 99 
095904.0  49830.52 99 
095905.0  49830.58 99 
095906.0  49830.62 99 
095907.0  49830.61 99 
095908.0  49830.62 99 
095909.0  49830.62 99 
095910.0  49830.62 99 
095911.0  49830.61 99 
095912.0  49830.58 99 
095913.0  49830.59 99 
095914.0  49830.60 99 
095915.0  49830.58 99 
095916.0  49830.52 99 
095917.0  49830.45 99 
095918.0  49830.38 99 
095919.0  49830.51 99 
095920.0  49830.50 99 
095921.0  49830.40 99 
095922.0  49830.33 99 
095923.0  49830.26 99 
095924.0  49830.23 99 
095925.0  49830.24 99 
095926.0  49830.33 99 
095927.0  49830.53 99 
095928.0  49830.55 99 
095929.0  49830.56 99 
095930.0  49830.56 99 
095931.0  49830.64 99 
095932.0  49830.68 99 
095933.0  49830.64 99 
095934.0  49830.62 99 
095935.0  49830.60 99 
095936.0  49830.64 99 
095937.0  49830.68 99 
095938.0  49830.64 99 
095939.0  49830.57 99 
095940.0  49830.54 99 
095941.0  49830.55 99 
095942.0  49830.54 99 
095943.0  49830.51 99 
095944.0  49830.52 99 
095945.0  49830.51 99 
095946.0  49830.50 99 
095947.0  49830.52 99 
095948.0  49830.56 99 
095949.0  49830.53 99 
095950.0  49830.48 99 
095951.0  49830.58 99 
095952.0  49830.65 99 
095953.0  49830.70 99 
095954.0  49830.65 99 
095955.0  49830.66 99 
095956.0  49830.55 99 
095957.0  49830.43 99 
095958.0  49830.32 99 
095959.0  49830.21 99 
100000.0  49830.16 99 
100001.0  49830.19 99 
100002.0  49830.14 99 
100003.0  49830.19 99 
100004.0  49830.18 99 
100005.0  49830.27 99 
100006.0  49830.32 99 
100007.0  49830.30 99 
100008.0  49830.32 99 
100009.0  49830.39 99 
100010.0  49830.36 99 
100011.0  49830.38 99 
100012.0  49830.59 99 
100013.0  49830.73 99 
100014.0  49830.79 99 
100015.0  49830.77 99 
100016.0  49830.76 99 
100017.0  49830.71 99 
100018.0  49830.69 99 
100019.0  49830.73 99 
100020.0  49830.77 99 
100021.0  49830.75 99 
100022.0  49830.72 99 
100023.0  49830.73 99 
100024.0  49830.83 99 
100025.0  49830.78 99 
100026.0  49830.84 99 
100027.0  49830.99 99 
100028.0  49831.01 99 
100029.0  49831.13 99 
100030.0  49831.19 99 
100031.0  49831.18 99 
100032.0  49831.22 99 
100033.0  49831.19 99 
100034.0  49831.09 99 
100035.0  49830.97 99 
100036.0  49830.92 99 
100037.0  49830.88 99 
100038.0  49830.87 99 
100039.0  49830.83 99 
100040.0  49830.80 99 
100041.0  49830.79 99 
100042.0  49830.78 99 
100043.0  49830.76 99 
100044.0  49830.77 99 
100045.0  49830.79 99 
100046.0  49830.74 99 
100047.0  49830.66 99 
100048.0  49830.64 99 
100049.0  49830.62 99 
100050.0  49830.66 99 
100051.0  49830.74 99 
100052.0  49830.76 99 
100053.0  49830.82 99 
100054.0  49830.82 99 
100055.0  49830.83 99 
100056.0  49830.90 99 
100057.0  49830.86 99 
100058.0  49830.74 99 
100059.0  49830.72 99 
100100.0  49830.69 99 
100101.0  49830.66 99 
100102.0  49830.62 99 
100103.0  49830.74 99 
100104.0  49830.66 99 
100105.0  49830.60 99 
100106.0  49830.55 99 
100107.0  49830.56 99 
100108.0  49830.60 99 
100109.0  49830.57 99 
100110.0  49830.49 99 
100111.0  49830.40 99 
100112.0  49830.30 99 
100113.0  49830.24 99 
100114.0  49830.23 99 
100115.0  49830.29 99 
100116.0  49830.27 99 
100117.0  49830.26 99 
100118.0  49830.28 99 
100119.0  49830.30 99 
100120.0  49830.36 99 
100121.0  49830.44 99 
100122.0  49830.47 99 
100123.0  49830.51 99 
100124.0  49830.63 99 
100125.0  49830.62 99 
100126.0  49830.67 99 
100127.0  49830.56 99 
100128.0  49830.59 99 
100129.0  49830.71 99 
100130.0  49830.69 99 
100131.0  49830.65 99 
100132.0  49830.58 99 
100133.0  49830.56 99 
100134.0  49830.56 99 
100135.0  49830.62 99 
100136.0  49830.67 99 
100137.0  49830.72 99 
100138.0  49830.73 99 
100139.0  49830.81 99 
100140.0  49830.86 99 
100141.0  49830.89 99 
100142.0  49830.86 99 
100143.0  49830.85 99 
100144.0  49830.92 99 
100145.0  49830.95 99 
100146.0  49830.96 99 
100147.0  49830.98 99 
100148.0  49831.15 99 
100149.0  49831.18 99 
100150.0  49831.24 99 
100151.0  49831.27 99 
100152.0  49831.26 99 
100153.0  49831.27 99 
100154.0  49831.25 99 
100155.0  49831.14 99 
100156.0  49831.09 99 
100157.0  49831.05 99 
100158.0  49831.07 99 
100159.0  49831.08 99 
100200.0  49831.08 99 
100201.0  49831.09 99 
100202.0  49831.13 99 
100203.0  49831.10 99 
100204.0  49831.12 99 
100205.0  49831.10 99 
100206.0  49831.11 99 
100207.0  49831.11 99 
100208.0  49831.07 99 
100209.0  49831.09 99 
100210.0  49831.00 99 
100211.0  49830.95 99 
100212.0  49831.06 99 
100213.0  49831.21 99 
100214.0  49831.25 99 
100215.0  49831.32 99 
100216.0  49831.35 99 
100217.0  49831.39 99 
100218.0  49831.35 99 
100219.0  49831.34 99 
100220.0  49831.34 99 
100221.0  49831.34 99 
100222.0  49831.29 99 
100223.0  49831.25 99 
100224.0  49831.18 99 
100225.0  49831.10 99 
100226.0  49831.11 99 
100227.0  49831.10 99 
100228.0  49831.05 99 
100229.0  49830.99 99 
100230.0  49830.97 99 
100231.0  49830.97 99 
100232.0  49830.97 99 
100233.0  49830.97 99 
100234.0  49830.91 99 
100235.0  49830.85 99 
100236.0  49830.74 99 
100237.0  49830.86 99 
100238.0  49830.90 99 
100239.0  49830.90 99 
100240.0  49830.95 99 
100241.0  49830.93 99 
100242.0  49830.96 99 
100243.0  49830.93 99 
100244.0  49830.93 99 
100245.0  49830.95 99 
100246.0  49830.97 99 
100247.0  49830.92 99 
100248.0  49830.95 99 
100249.0  49830.94 99 
100250.0  49830.91 99 
100251.0  49830.88 99 
100252.0  49830.88 99 
100253.0  49830.85 99 
100254.0  49830.82 99 
100255.0  49830.73 99 
100256.0  49830.73 99 
100257.0  49830.72 99 
100258.0  49830.70 99 
100259.0  49830.69 99 
100300.0  49830.73 99 
100301.0  49830.77 99 
100302.0  49830.80 99 
100303.0  49830.81 99 
100304.0  49830.99 99 
100305.0  49831.06 99 
100306.0  49831.15 99 
100307.0  49831.08 99 
100308.0  49831.04 99 
100309.0  49831.00 99 
100310.0  49830.98 99 
100311.0  49830.94 99 
100312.0  49830.93 99 
100313.0  49830.94 99 
100314.0  49830.84 99 
100315.0  49830.85 99 
100316.0  49830.99 99 
100317.0  49831.11 99 
100318.0  49831.21 99 
100319.0  49831.20 99 
100320.0  49831.00 99 
100321.0  49830.92 99 
100322.0  49830.86 99 
100323.0  49830.83 99 
100324.0  49830.75 99 
100325.0  49830.80 99 
100326.0  49830.83 99 
100327.0  49830.86 99 
100328.0  49830.94 99 
100329.0  49831.09 99 
100330.0  49831.20 99 
100331.0  49831.04 99 
100332.0  49831.00 99 
100333.0  49830.93 99 
100334.0  49830.89 99 
100335.0  49830.91 99 
100336.0  49830.93 99 
100337.0  49830.96 99 
100338.0  49830.95 99 
100339.0  49830.98 99 
100340.0  49831.07 99 
100341.0  49831.11 99 
100342.0  49831.08 99 
100343.0  49830.98 99 
100344.0  49830.87 99 
100345.0  49830.89 99 
100346.0  49830.89 99 
100347.0  49830.87 99 
100348.0  49830.84 99 
100349.0  49830.86 99 
100350.0  49830.83 99 
100351.0  49830.80 99 
100352.0  49830.77 99 
100353.0  49830.79 99 
100354.0  49830.78 99 
100355.0  49830.73 99 
100356.0  49830.71 99 
100357.0  49830.69 99 
100358.0  49830.65 99 
100359.0  49830.61 99 
100400.0  49830.62 99 
100401.0  49830.59 99 
100402.0  49830.64 99 
100403.0  49830.61 99 
100404.0  49830.59 99 
100405.0  49830.62 99 
100406.0  49830.72 99 
100407.0  49830.75 99 
100408.0  49830.84 99 
100409.0  49830.95 99 
100410.0  49831.01 99 
100411.0  49831.05 99 
100412.0  49830.98 99 
100413.0  49830.94 99 
100414.0  49830.94 99 
100415.0  49830.98 99 
100416.0  49830.99 99 
100417.0  49831.06 99 
100418.0  49831.01 99 
100419.0  49830.99 99 
100420.0  49831.01 99 
100421.0  49830.90 99 
100422.0  49830.78 99 
100423.0  49830.76 99 
100424.0  49830.99 99 
100425.0  49831.10 99 
100426.0  49831.16 99 
100427.0  49831.14 99 
100428.0  49831.14 99 
100429.0  49831.06 99 
100430.0  49831.13 99 
100431.0  49831.09 99 
100432.0  49831.09 99 
100433.0  49830.96 99 
100434.0  49830.99 99 
100435.0  49830.93 99 
100436.0  49830.95 99 
100437.0  49831.12 99 
100438.0  49831.09 99 
100439.0  49831.02 99 
100440.0  49831.03 99 
100441.0  49831.02 99 
100442.0  49831.07 99 
100443.0  49831.09 99 
100444.0  49831.10 99 
100445.0  49831.13 99 
100446.0  49831.14 99 
100447.0  49831.17 99 
100448.0  49831.17 99 
100449.0  49831.23 99 
100450.0  49831.23 99 
100451.0  49831.23 99 
100452.0  49831.27 99 
100453.0  49831.21 99 
100454.0  49831.20 99 
100455.0  49831.14 99 
100456.0  49831.14 99 
100457.0  49831.13 99 
100458.0  49831.14 99 
100459.0  49831.12 99 
100500.0  49831.09 99 
100501.0  49830.91 99 
100502.0  49830.81 99 
100503.0  49830.77 99 
100504.0  49830.73 99 
100505.0  49830.80 99 
100506.0  49830.82 99 
100507.0  49830.86 99 
100508.0  49830.95 99 
100509.0  49830.93 99 
100510.0  49830.96 99 
100511.0  49831.04 99 
100512.0  49831.23 99 
100513.0  49831.28 99 
100514.0  49831.28 99 
100515.0  49831.23 99 
100516.0  49831.27 99 
100517.0  49831.25 99 
100518.0  49831.18 99 
100519.0  49831.17 99 
100520.0  49831.22 99 
100521.0  49831.23 99 
100522.0  49831.24 99 
100523.0  49831.28 99 
100524.0  49831.30 99 
100525.0  49831.35 99 
100526.0  49831.41 99 
100527.0  49831.41 99 
100528.0  49831.41 99 
100529.0  49831.41 99 
100530.0  49831.47 99 
100531.0  49831.52 99 
100532.0  49831.50 99 
100533.0  49831.50 99 
100534.0  49831.54 99 
100535.0  49831.54 99 
100536.0  49831.61 99 
100537.0  49831.69 99 
100538.0  49831.56 99 
100539.0  49831.50 99 
100540.0  49831.51 99 
100541.0  49831.48 99 
100542.0  49831.45 99 
100543.0  49831.47 99 
100544.0  49831.46 99 
100545.0  49831.50 99 
100546.0  49831.46 99 
100547.0  49831.47 99 
100548.0  49831.39 99 
100549.0  49831.37 99 
100550.0  49831.34 99 
100551.0  49831.35 99 
100552.0  49831.37 99 
100553.0  49831.28 99 
100554.0  49831.13 99 
100555.0  49831.06 99 
100556.0  49831.16 99 
100557.0  49831.16 99 
100558.0  49831.11 99 
100559.0  49831.17 99 
100600.0  49831.21 99 
100601.0  49831.18 99 
100602.0  49831.13 99 
100603.0  49831.05 99 
100604.0  49831.12 99 
100605.0  49831.19 99 
100606.0  49831.24 99 
100607.0  49831.22 99 
100608.0  49831.40 99 
100609.0  49831.57 99 
100610.0  49831.59 99 
100611.0  49831.62 99 
100612.0  49831.61 99 
100613.0  49831.58 99 
100614.0  49831.55 99 
100615.0  49831.55 99 
100616.0  49831.55 99 
100617.0  49831.67 99 
100618.0  49831.62 99 
100619.0  49831.57 99 
100620.0  49831.50 99 
100621.0  49831.50 99 
100622.0  49831.42 99 
100623.0  49831.35 99 
100624.0  49831.24 99 
100625.0  49831.24 99 
100626.0  49831.37 99 
100627.0  49831.50 99 
100628.0  49831.56 99 
100629.0  49831.73 99 
100630.0  49831.74 99 
100631.0  49831.68 99 
100632.0  49831.63 99 
100633.0  49831.57 99 
100634.0  49831.52 99 
100635.0  49831.52 99 
100636.0  49831.45 99 
100637.0  49831.30 99 
100638.0  49831.21 99 
100639.0  49831.20 99 
100640.0  49831.29 99 
100641.0  49831.37 99 
100642.0  49831.43 99 
100643.0  49831.34 99 
100644.0  49831.44 99 
100645.0  49831.51 99 
100646.0  49831.52 99 
100647.0  49831.54 99 
100648.0  49831.54 99 
100649.0  49831.55 99 
100650.0  49831.56 99 
100651.0  49831.55 99 
100652.0  49831.57 99 
100653.0  49831.58 99 
100654.0  49831.58 99 
100655.0  49831.54 99 
100656.0  49831.40 99 
100657.0  49831.23 99 
100658.0  49831.08 99 
100659.0  49830.94 99 
100700.0  49830.99 99 
100701.0  49831.35 99 
100702.0  49831.40 99 
100703.0  49831.38 99 
100704.0  49831.37 99 
100705.0  49831.39 99 
100706.0  49831.40 99 
100707.0  49831.43 99 
100708.0  49831.46 99 
100709.0  49831.48 99 
100710.0  49831.48 99 
100711.0  49831.47 99 
100712.0  49831.47 99 
100713.0  49831.46 99 
100714.0  49831.44 99 
100715.0  49831.43 99 
100716.0  49831.41 99 
100717.0  49831.39 99 
100718.0  49831.40 99 
100719.0  49831.42 99 
100720.0  49831.39 99 
100721.0  49831.32 99 
100722.0  49831.29 99 
100723.0  49831.27 99 
100724.0  49831.25 99 
100725.0  49831.19 99 
100726.0  49831.07 99 
100727.0  49830.91 99 
100728.0  49830.79 99 
100729.0  49830.67 99 
100730.0  49830.51 99 
100731.0  49830.71 99 
100732.0  49830.71 99 
100733.0  49830.71 99 
100734.0  49830.80 99 
100735.0  49830.96 99 
100736.0  49830.99 99 
100737.0  49831.03 99 
100738.0  49831.19 99 
100739.0  49831.18 99 
100740.0  49831.14 99 
100741.0  49831.15 99 
100742.0  49831.16 99 
100743.0  49831.20 99 
100744.0  49831.18 99 
100745.0  49831.17 99 
100746.0  49831.22 99 
100747.0  49831.31 99 
100748.0  49831.28 99 
100749.0  49831.25 99 
100750.0  49831.14 99 
100751.0  49831.06 99 
100752.0  49830.98 99 
100753.0  49830.94 99 
100754.0  49830.89 99 
100755.0  49830.93 99 
100756.0  49831.05 99 
100757.0  49831.12 99 
100758.0  49831.27 99 
100759.0  49831.39 99 
100800.0  49831.44 99 
100801.0  49831.48 99 
100802.0  49831.47 99 
100803.0  49831.47 99 
100804.0  49831.45 99 
100805.0  49831.42 99 
100806.0  49831.49 99 
100807.0  49831.48 99 
100808.0  49831.43 99 
100809.0  49831.45 99 
100810.0  49831.38 99 
100811.0  49831.30 99 
100812.0  49831.16 99 
100813.0  49831.01 99 
100814.0  49830.98 99 
100815.0  49831.01 99 
100816.0  49831.06 99 
100817.0  49831.21 99 
100818.0  49831.37 99 
100819.0  49831.44 99 
100820.0  49831.46 99 
100821.0  49831.51 99 
100822.0  49831.52 99 
100823.0  49831.53 99 
100824.0  49831.55 99 
100825.0  49831.44 99 
100826.0  49831.41 99 
100827.0  49831.41 99 
100828.0  49831.38 99 
100829.0  49831.43 99 
100830.0  49831.45 99 
100831.0  49831.46 99 
100832.0  49831.49 99 
100833.0  49831.47 99 
100834.0  49831.44 99 
100835.0  49831.50 99 
100836.0  49831.47 99 
100837.0  49831.40 99 
100838.0  49831.35 99 
100839.0  49831.38 99 
100840.0  49831.44 99 
100841.0  49831.46 99 
100842.0  49831.49 99 
100843.0  49831.54 99 
100844.0  49831.55 99 
100845.0  49831.55 99 
100846.0  49831.53 99 
100847.0  49831.54 99 
100848.0  49831.50 99 
100849.0  49831.65 99 
100850.0  49831.72 99 
100851.0  49831.75 99 
100852.0  49831.65 99 
100853.0  49831.69 99 
100854.0  49831.71 99 
100855.0  49831.72 99 
100856.0  49831.75 99 
100857.0  49831.74 99 
100858.0  49831.75 99 
100859.0  49831.73 99 
100900.0  49831.63 99 
100901.0  49831.51 99 
100902.0  49831.36 99 
100903.0  49831.31 99 
100904.0  49831.36 99 
100905.0  49831.39 99 
100906.0  49831.40 99 
100907.0  49831.38 99 
100908.0  49831.40 99 
100909.0  49831.35 99 
100910.0  49831.27 99 
100911.0  49831.24 99 
100912.0  49831.22 99 
100913.0  49831.22 99 
100914.0  49831.20 99 
100915.0  49831.19 99 
100916.0  49831.11 99 
100917.0  49831.08 99 
100918.0  49831.27 99 
100919.0  49831.31 99 
100920.0  49831.13 99 
100921.0  49830.95 99 
100922.0  49830.78 99 
100923.0  49830.58 99 
100924.0  49830.55 99 
100925.0  49830.56 99 
100926.0  49830.61 99 
100927.0  49830.78 99 
100928.0  49831.17 99 
100929.0  49831.30 99 
100930.0  49831.38 99 
100931.0  49831.38 99 
100932.0  49831.41 99 
100933.0  49831.39 99 
100934.0  49831.40 99 
100935.0  49831.37 99 
100936.0  49831.31 99 
100937.0  49831.25 99 
100938.0  49831.23 99 
100939.0  49831.23 99 
100940.0  49831.27 99 
100941.0  49831.33 99 
100942.0  49831.38 99 
100943.0  49831.35 99 
100944.0  49831.39 99 
100945.0  49831.43 99 
100946.0  49831.41 99 
100947.0  49831.43 99 
100948.0  49831.42 99 
100949.0  49831.43 99 
100950.0  49831.42 99 
100951.0  49831.32 99 
100952.0  49831.21 99 
100953.0  49831.09 99 
100954.0  49831.08 99 
100955.0  49831.07 99 
100956.0  49831.22 99 
100957.0  49831.23 99 
100958.0  49831.22 99 
100959.0  49831.26 99 
101000.0  49831.28 99 
101001.0  49831.40 99 
101002.0  49831.46 99 
101003.0  49831.42 99 
101004.0  49831.46 99 
101005.0  49831.46 99 
101006.0  49831.36 99 
101007.0  49831.26 99 
101008.0  49831.42 99 
101009.0  49831.41 99 
101010.0  49831.46 99 
101011.0  49831.38 99 
101012.0  49831.38 99 
101013.0  49831.42 99 
101014.0  49831.43 99 
101015.0  49831.45 99 
101016.0  49831.46 99 
101017.0  49831.49 99 
101018.0  49831.50 99 
101019.0  49831.49 99 
101020.0  49831.45 99 
101021.0  49831.31 99 
101022.0  49831.04 99 
101023.0  49830.77 99 
101024.0  49830.51 99 
101025.0  49830.58 99 
101026.0  49830.88 99 
101027.0  49830.95 99 
101028.0  49830.98 99 
101029.0  49830.99 99 
101030.0  49831.08 99 
101031.0  49831.09 99 
101032.0  49831.06 99 
101033.0  49831.19 99 
101034.0  49831.19 99 
101035.0  49831.20 99 
101036.0  49831.14 99 
101037.0  49831.01 99 
101038.0  49830.93 99 
101039.0  49830.80 99 
101040.0  49830.59 99 
101041.0  49830.27 99 
101042.0  49829.99 99 
101043.0  49829.90 99 
101044.0  49830.06 99 
101045.0  49830.12 99 
101046.0  49830.12 99 
101047.0  49830.15 99 
101048.0  49830.45 99 
101049.0  49830.74 99 
101050.0  49830.89 99 
101051.0  49830.92 99 
101052.0  49830.86 99 
101053.0  49830.84 99 
101054.0  49830.86 99 
101055.0  49830.90 99 
101056.0  49830.91 99 
101057.0  49830.98 99 
101058.0  49830.98 99 
101059.0  49830.99 99 
101100.0  49831.05 99 
101101.0  49831.06 99 
101102.0  49830.97 99 
101103.0  49830.95 99 
101104.0  49830.96 99 
101105.0  49830.99 99 
101106.0  49831.06 99 
101107.0  49831.07 99 
101108.0  49831.05 99 
101109.0  49831.02 99 
101110.0  49831.00 99 
101111.0  49830.93 99 
101112.0  49830.92 99 
101113.0  49830.89 99 
101114.0  49830.80 99 
101115.0  49830.74 99 
101116.0  49830.62 99 
101117.0  49830.56 99 
101118.0  49830.47 99 
101119.0  49830.44 99 
101120.0  49830.46 99 
101121.0  49830.49 99 
101122.0  49830.45 99 
101123.0  49830.52 99 
101124.0  49830.67 99 
101125.0  49830.77 99 
101126.0  49830.86 99 
101127.0  49830.89 99 
101128.0  49830.94 99 
101129.0  49831.04 99 
101130.0  49831.04 99 
101131.0  49830.98 99 
101132.0  49830.83 99 
101133.0  49830.61 99 
101134.0  49830.65 99 
101135.0  49830.50 99 
101136.0  49830.27 99 
101137.0  49830.25 99 
101138.0  49830.23 99 
101139.0  49830.25 99 
101140.0  49830.28 99 
101141.0  49830.33 99 
101142.0  49830.31 99 
101143.0  49830.35 99 
101144.0  49830.43 99 
101145.0  49830.76 99 
101146.0  49830.88 99 
101147.0  49830.91 99 
101148.0  49830.94 99 
101149.0  49830.94 99 
101150.0  49830.91 99 
101151.0  49830.92 99 
101152.0  49830.82 99 
101153.0  49830.86 99 
101154.0  49830.86 99 
101155.0  49830.87 99 
101156.0  49830.84 99 
101157.0  49830.92 99 
101158.0  49830.97 99 
101159.0  49830.91 99 
101200.0  49830.95 99 
101201.0  49831.06 99 
101202.0  49831.04 99 
101203.0  49830.95 99 
101204.0  49830.78 99 
101205.0  49830.64 99 
101206.0  49830.63 99 
101207.0  49830.63 99 
101208.0  49830.72 99 
101209.0  49830.83 99 
101210.0  49830.86 99 
101211.0  49830.48 99 
101212.0  49830.58 99 
101213.0  49830.66 99 
101214.0  49830.75 99 
101215.0  49830.82 99 
101216.0  49830.84 99 
101217.0  49830.87 99 
101218.0  49830.85 99 
101219.0  49830.86 99 
101220.0  49830.89 99 
101221.0  49830.86 99 
101222.0  49830.83 99 
101223.0  49830.79 99 
101224.0  49830.71 99 
101225.0  49830.64 99 
101226.0  49830.62 99 
101227.0  49830.59 99 
101228.0  49830.66 99 
101229.0  49830.70 99 
101230.0  49830.73 99 
101231.0  49830.76 99 
101232.0  49830.79 99 
101233.0  49830.86 99 
101234.0  49830.88 99 
101235.0  49830.93 99 
101236.0  49830.91 99 
101237.0  49830.84 99 
101238.0  49830.81 99 
101239.0  49830.84 99 
101240.0  49830.82 99 
101241.0  49830.82 99 
101242.0  49830.78 99 
101243.0  49830.83 99 
101244.0  49830.89 99 
101245.0  49830.94 99 
101246.0  49830.94 99 
101247.0  49830.97 99 
101248.0  49830.96 99 
101249.0  49830.96 99 
101250.0  49830.95 99 
101251.0  49830.91 99 
101252.0  49830.96 99 
101253.0  49831.01 99 
101254.0  49830.97 99 
101255.0  49830.97 99 
101256.0  49831.07 99 
101257.0  49831.04 99 
101258.0  49830.99 99 
101259.0  49831.01 99 
101300.0  49831.06 99 
101301.0  49831.09 99 
101302.0  49831.02 99 
101303.0  49831.00 99 
101304.0  49831.01 99 
101305.0  49831.05 99 
101306.0  49831.28 99 
101307.0  49831.22 99 
101308.0  49831.18 99 
101309.0  49831.40 99 
101310.0  49831.32 99 
101311.0  49831.26 99 
101312.0  49831.22 99 
101313.0  49831.23 99 
101314.0  49831.30 99 
101315.0  49831.30 99 
101316.0  49831.27 99 
101317.0  49831.25 99 
101318.0  49831.20 99 
101319.0  49831.14 99 
101320.0  49831.15 99 
101321.0  49831.12 99 
101322.0  49831.13 99 
101323.0  49831.10 99 
101324.0  49831.14 99 
101325.0  49831.20 99 
101326.0  49831.32 99 
101327.0  49831.35 99 
101328.0  49831.28 99 
101329.0  49831.21 99 
101330.0  49831.14 99 
101331.0  49831.12 99 
101332.0  49831.14 99 
101333.0  49831.15 99 
101334.0  49831.14 99 
101335.0  49831.04 99 
101336.0  49830.85 99 
101337.0  49830.70 99 
101338.0  49830.51 99 
101339.0  49830.31 99 
101340.0  49830.39 99 
101341.0  49830.35 99 
101342.0  49830.35 99 
101343.0  49830.44 99 
101344.0  49830.51 99 
101345.0  49830.53 99 
101346.0  49830.55 99 
101347.0  49830.62 99 
101348.0  49830.67 99 
101349.0  49830.76 99 
101350.0  49830.77 99 
101351.0  49830.79 99 
101352.0  49830.92 99 
101353.0  49830.93 99 
101354.0  49830.87 99 
101355.0  49830.96 99 
101356.0  49831.04 99 
101357.0  49831.12 99 
101358.0  49831.13 99 
101359.0  49831.12 99 
101400.0  49831.25 99 
101401.0  49831.39 99 
101402.0  49831.31 99 
101403.0  49831.22 99 
101404.0  49831.20 99 
101405.0  49831.25 99 
101406.0  49831.26 99 
101407.0  49831.28 99 
101408.0  49831.34 99 
101409.0  49831.39 99 
101410.0  49831.39 99 
101411.0  49831.44 99 
101412.0  49831.40 99 
101413.0  49831.36 99 
101414.0  49831.35 99 
101415.0  49831.41 99 
101416.0  49831.44 99 
101417.0  49831.47 99 
101418.0  49831.37 99 
101419.0  49831.28 99 
101420.0  49831.19 99 
101421.0  49831.18 99 
101422.0  49831.11 99 
101423.0  49831.22 99 
101424.0  49831.26 99 
101425.0  49831.35 99 
101426.0  49831.34 99 
101427.0  49831.29 99 
101428.0  49831.18 99 
101429.0  49831.01 99 
101430.0  49830.78 99 
101431.0  49830.79 99 
101432.0  49831.05 99 
101433.0  49831.21 99 
101434.0  49831.18 99 
101435.0  49831.11 99 
101436.0  49831.09 99 
101437.0  49831.10 99 
101438.0  49831.13 99 
101439.0  49831.17 99 
101440.0  49831.14 99 
101441.0  49831.07 99 
101442.0  49831.11 99 
101443.0  49831.08 99 
101444.0  49831.13 99 
101445.0  49831.18 99 
101446.0  49831.13 99 
101447.0  49831.17 99 
101448.0  49831.18 99 
101449.0  49831.22 99 
101450.0  49831.30 99 
101451.0  49831.31 99 
101452.0  49831.35 99 
101453.0  49831.38 99 
101454.0  49831.34 99 
101455.0  49831.28 99 
101456.0  49831.22 99 
101457.0  49831.18 99 
101458.0  49831.17 99 
101459.0  49831.11 99 
101500.0  49831.12 99 
101501.0  49831.13 99 
101502.0  49831.14 99 
101503.0  49831.13 99 
101504.0  49831.13 99 
101505.0  49831.12 99 
101506.0  49831.09 99 
101507.0  49831.10 99 
101508.0  49831.05 99 
101509.0  49831.02 99 
101510.0  49830.96 99 
101511.0  49830.84 99 
101512.0  49830.84 99 
101513.0  49830.79 99 
101514.0  49830.82 99 
101515.0  49830.89 99 
101516.0  49830.92 99 
101517.0  49830.90 99 
101518.0  49830.89 99 
101519.0  49830.89 99 
101520.0  49830.91 99 
101521.0  49830.93 99 
101522.0  49830.98 99 
101523.0  49831.02 99 
101524.0  49831.02 99 
101525.0  49830.98 99 
101526.0  49830.92 99 
101527.0  49830.89 99 
101528.0  49830.86 99 
101529.0  49830.85 99 
101530.0  49830.85 99 
101531.0  49830.89 99 
101532.0  49830.93 99 
101533.0  49831.04 99 
101534.0  49831.18 99 
101535.0  49831.18 99 
101536.0  49831.14 99 
101537.0  49831.14 99 
101538.0  49831.11 99 
101539.0  49831.12 99 
101540.0  49831.21 99 
101541.0  49831.21 99 
101542.0  49831.22 99 
101543.0  49831.15 99 
101544.0  49831.11 99 
101545.0  49831.14 99 
101546.0  49831.11 99 
101547.0  49831.02 99 
101548.0  49830.96 99 
101549.0  49830.90 99 
101550.0  49830.89 99 
101551.0  49830.90 99 
101552.0  49830.94 99 
101553.0  49831.01 99 
101554.0  49830.96 99 
101555.0  49830.90 99 
101556.0  49830.72 99 
101557.0  49830.71 99 
101558.0  49830.71 99 
101559.0  49830.68 99 
101600.0  49830.78 99 
101601.0  49830.89 99 
101602.0  49830.94 99 
101603.0  49831.00 99 
101604.0  49831.12 99 
101605.0  49831.24 99 
101606.0  49831.19 99 
101607.0  49831.11 99 
101608.0  49831.03 99 
101609.0  49831.02 99 
101610.0  49831.14 99 
101611.0  49831.19 99 
101612.0  49831.23 99 
101613.0  49831.16 99 
101614.0  49830.80 99 
101615.0  49830.74 99 
101616.0  49830.85 99 
101617.0  49830.81 99 
101618.0  49830.50 99 
101619.0  49830.29 99 
101620.0  49830.11 99 
101621.0  49830.50 99 
101622.0  49830.66 99 
101623.0  49830.81 99 
101624.0  49830.88 99 
101625.0  49830.91 99 
101626.0  49830.89 99 
101627.0  49830.82 99 
101628.0  49831.01 99 
101629.0  49830.97 99 
101630.0  49830.98 99 
101631.0  49831.00 99 
101632.0  49831.05 99 
101633.0  49831.03 99 
101634.0  49830.95 99 
101635.0  49830.85 99 
101636.0  49830.66 99 
101637.0  49830.64 99 
101638.0  49830.55 99 
101639.0  49830.74 99 
101640.0  49830.95 99 
101641.0  49831.02 99 
101642.0  49830.98 99 
101643.0  49831.00 99 
101644.0  49830.99 99 
101645.0  49831.03 99 
101646.0  49831.01 99 
101647.0  49830.99 99 
101648.0  49830.93 99 
101649.0  49830.87 99 
101650.0  49830.90 99 
101651.0  49830.98 99 
101652.0  49831.02 99 
101653.0  49830.97 99 
101654.0  49830.98 99 
101655.0  49830.93 99 
101656.0  49830.84 99 
101657.0  49830.68 99 
101658.0  49830.49 99 
101659.0  49830.27 99 
101700.0  49830.22 99 
101701.0  49830.30 99 
101702.0  49830.26 99 
101703.0  49830.21 99 
101704.0  49830.28 99 
101705.0  49830.44 99 
101706.0  49830.53 99 
101707.0  49830.91 99 
101708.0  49831.06 99 
101709.0  49831.07 99 
101710.0  49831.05 99 
101711.0  49830.99 99 
101712.0  49830.93 99 
101713.0  49830.94 99 
101714.0  49830.95 99 
101715.0  49831.00 99 
101716.0  49831.10 99 
101717.0  49831.10 99 
101718.0  49831.06 99 
101719.0  49831.09 99 
101720.0  49831.07 99 
101721.0  49831.03 99 
101722.0  49830.98 99 
101723.0  49830.92 99 
101724.0  49830.91 99 
101725.0  49830.88 99 
101726.0  49830.90 99 
101727.0  49830.97 99 
101728.0  49831.01 99 
101729.0  49830.99 99 
101730.0  49831.01 99 
101731.0  49831.04 99 
101732.0  49831.07 99 
101733.0  49831.04 99 
101734.0  49831.06 99 
101735.0  49831.03 99 
101736.0  49831.00 99 
101737.0  49831.04 99 
101738.0  49831.01 99 
101739.0  49830.93 99 
101740.0  49830.84 99 
101741.0  49830.64 99 
101742.0  49830.55 99 
101743.0  49830.54 99 
101744.0  49830.58 99 
101745.0  49830.74 99 
101746.0  49830.85 99 
101747.0  49830.92 99 
101748.0  49830.88 99 
101749.0  49830.89 99 
101750.0  49830.88 99 
101751.0  49830.93 99 
101752.0  49830.89 99 
101753.0  49830.90 99 
101754.0  49830.95 99 
101755.0  49830.92 99 
101756.0  49830.86 99 
101757.0  49830.85 99 
101758.0  49830.73 99 
101759.0  49830.71 99 
101800.0  49830.90 99 
101801.0  49831.00 99 
101802.0  49831.05 99 
101803.0  49830.98 99 
101804.0  49830.93 99 
101805.0  49830.85 99 
101806.0  49830.84 99 
101807.0  49830.88 99 
101808.0  49830.88 99 
101809.0  49830.86 99 
101810.0  49830.89 99 
101811.0  49830.97 99 
101812.0  49830.90 99 
101813.0  49830.83 99 
101814.0  49830.77 99 
101815.0  49830.71 99 
101816.0  49830.61 99 
101817.0  49830.66 99 
101818.0  49830.71 99 
101819.0  49830.71 99 
101820.0  49830.71 99 
101821.0  49830.74 99 
101822.0  49830.75 99 
101823.0  49830.79 99 
101824.0  49830.83 99 
101825.0  49830.96 99 
101826.0  49831.05 99 
101827.0  49831.09 99 
101828.0  49831.04 99 
101829.0  49831.01 99 
101830.0  49830.99 99 
101831.0  49830.94 99 
101832.0  49830.93 99 
101833.0  49830.89 99 
101834.0  49830.90 99 
101835.0  49830.82 99 
101836.0  49830.70 99 
101837.0  49830.65 99 
101838.0  49830.86 99 
101839.0  49830.88 99 
101840.0  49830.85 99 
101841.0  49830.81 99 
101842.0  49830.81 99 
101843.0  49830.78 99 
101844.0  49830.71 99 
101845.0  49830.69 99 
101846.0  49830.62 99 
101847.0  49830.57 99 
101848.0  49830.66 99 
101849.0  49830.72 99 
101850.0  49830.72 99 
101851.0  49830.75 99 
101852.0  49830.74 99 
101853.0  49830.69 99 
101854.0  49830.71 99 
101855.0  49830.66 99 
101856.0  49830.67 99 
101857.0  49830.67 99 
101858.0  49830.81 99 
101859.0  49831.02 99 
101900.0  49831.01 99 
101901.0  49831.04 99 
101902.0  49831.08 99 
101903.0  49831.12 99 
101904.0  49831.04 99 
101905.0  49831.07 99 
101906.0  49831.04 99 
101907.0  49830.91 99 
101908.0  49830.87 99 
101909.0  49830.85 99 
101910.0  49830.84 99 
101911.0  49830.78 99 
101912.0  49830.50 99 
101913.0  49830.44 99 
101914.0  49830.76 99 
101915.0  49831.01 99 
101916.0  49831.09 99 
101917.0  49831.01 99 
101918.0  49830.92 99 
101919.0  49830.90 99 
101920.0  49830.90 99 
101921.0  49830.96 99 
101922.0  49831.02 99 
101923.0  49831.01 99 
101924.0  49830.94 99 
101925.0  49830.94 99 
101926.0  49830.92 99 
101927.0  49830.89 99 
101928.0  49830.85 99 
101929.0  49830.89 99 
101930.0  49830.94 99 
101931.0  49830.93 99 
101932.0  49830.92 99 
101933.0  49830.86 99 
101934.0  49830.78 99 
101935.0  49830.75 99 
101936.0  49830.78 99 
101937.0  49830.73 99 
101938.0  49830.71 99 
101939.0  49830.61 99 
101940.0  49830.52 99 
101941.0  49830.37 99 
101942.0  49830.24 99 
101943.0  49830.14 99 
101944.0  49830.06 99 
101945.0  49830.09 99 
101946.0  49830.14 99 
101947.0  49830.25 99 
101948.0  49830.20 99 
101949.0  49830.20 99 
101950.0  49830.23 99 
101951.0  49830.23 99 
101952.0  49830.28 99 
101953.0  49830.48 99 
101954.0  49830.51 99 
101955.0  49830.53 99 
101956.0  49830.50 99 
101957.0  49830.48 99 
101958.0  49830.63 99 
101959.0  49830.61 99 
102000.0  49830.74 99 
102001.0  49830.81 99 
102002.0  49830.80 99 
102003.0  49830.77 99 
102004.0  49830.74 99 
102005.0  49830.72 99 
102006.0  49830.71 99 
102007.0  49830.79 99 
102008.0  49830.79 99 
102009.0  49830.80 99 
102010.0  49830.75 99 
102011.0  49830.77 99 
102012.0  49830.74 99 
102013.0  49830.71 99 
102014.0  49830.79 99 
102015.0  49830.79 99 
102016.0  49830.82 99 
102017.0  49830.79 99 
102018.0  49830.71 99 
102019.0  49830.73 99 
102020.0  49830.68 99 
102021.0  49830.79 99 
102022.0  49830.81 99 
102023.0  49830.75 99 
102024.0  49830.69 99 
102025.0  49830.73 99 
102026.0  49830.72 99 
102027.0  49830.71 99 
102028.0  49830.73 99 
102029.0  49830.76 99 
102030.0  49830.87 99 
102031.0  49830.95 99 
102032.0  49831.00 99 
102033.0  49831.01 99 
102034.0  49830.96 99 
102035.0  49830.95 99 
102036.0  49830.91 99 
102037.0  49830.89 99 
102038.0  49830.90 99 
102039.0  49830.89 99 
102040.0  49830.89 99 
102041.0  49830.95 99 
102042.0  49830.94 99 
102043.0  49830.98 99 
102044.0  49831.04 99 
102045.0  49831.05 99 
102046.0  49831.04 99 
102047.0  49831.09 99 
102048.0  49831.03 99 
102049.0  49831.00 99 
102050.0  49830.95 99 
102051.0  49830.89 99 
102052.0  49830.80 99 
102053.0  49830.74 99 
102054.0  49830.73 99 
102055.0  49830.75 99 
102056.0  49830.87 99 
102057.0  49830.91 99 
102058.0  49830.85 99 
102059.0  49830.72 99 
102100.0  49830.63 99 
102101.0  49830.50 99 
102102.0  49830.46 99 
102103.0  49830.39 99 
102104.0  49830.41 99 
102105.0  49830.37 99 
102106.0  49830.47 99 
102107.0  49830.52 99 
102108.0  49830.54 99 
102109.0  49830.55 99 
102110.0  49830.57 99 
102111.0  49830.66 99 
102112.0  49830.75 99 
102113.0  49830.92 99 
102114.0  49830.90 99 
102115.0  49830.90 99 
102116.0  49830.94 99 
102117.0  49831.13 99 
102118.0  49831.08 99 
102119.0  49831.11 99 
102120.0  49831.09 99 
102121.0  49831.13 99 
102122.0  49831.15 99 
102123.0  49831.11 99 
102124.0  49831.08 99 
102125.0  49831.03 99 
102126.0  49830.95 99 
102127.0  49830.88 99 
102128.0  49830.88 99 
102129.0  49830.90 99 
102130.0  49830.99 99 
102131.0  49830.96 99 
102132.0  49830.96 99 
102133.0  49830.96 99 
102134.0  49830.95 99 
102135.0  49831.00 99 
102136.0  49830.97 99 
102137.0  49830.94 99 
102138.0  49830.93 99 
102139.0  49830.92 99 
102140.0  49830.90 99 
102141.0  49830.95 99 
102142.0  49830.99 99 
102143.0  49830.93 99 
102144.0  49830.89 99 
102145.0  49830.93 99 
102146.0  49830.99 99 
102147.0  49830.97 99 
102148.0  49830.85 99 
102149.0  49830.83 99 
102150.0  49830.76 99 
102151.0  49830.70 99 
102152.0  49830.72 99 
102153.0  49830.74 99 
102154.0  49830.69 99 
102155.0  49830.66 99 
102156.0  49830.56 99 
102157.0  49830.54 99 
102158.0  49830.55 99 
102159.0  49830.72 99 
102200.0  49830.91 99 
102201.0  49830.60 99 
102202.0  49830.60 99 
102203.0  49830.59 99 
102204.0  49830.49 99 
102205.0  49830.64 99 
102206.0  49830.61 99 
102207.0  49830.56 99 
102208.0  49830.62 99 
102209.0  49830.66 99 
102210.0  49830.61 99 
102211.0  49830.58 99 
102212.0  49830.54 99 
102213.0  49830.51 99 
102214.0  49830.49 99 
102215.0  49830.53 99 
102216.0  49830.46 99 
102217.0  49830.40 99 
102218.0  49830.36 99 
102219.0  49830.44 99 
102220.0  49830.29 99 
102221.0  49830.21 99 
102222.0  49830.26 99 
102223.0  49830.32 99 
102224.0  49830.37 99 
102225.0  49830.43 99 
102226.0  49830.43 99 
102227.0  49830.46 99 
102228.0  49830.49 99 
102229.0  49830.54 99 
102230.0  49830.59 99 
102231.0  49830.62 99 
102232.0  49830.60 99 
102233.0  49830.50 99 
102234.0  49830.52 99 
102235.0  49830.46 99 
102236.0  49830.48 99 
102237.0  49830.47 99 
102238.0  49830.48 99 
102239.0  49830.41 99 
102240.0  49830.45 99 
102241.0  49830.43 99 
102242.0  49830.40 99 
102243.0  49830.42 99 
102244.0  49830.53 99 
102245.0  49830.63 99 
102246.0  49830.59 99 
102247.0  49830.55 99 
102248.0  49830.49 99 
102249.0  49830.42 99 
102250.0  49830.38 99 
102251.0  49830.40 99 
102252.0  49830.48 99 
102253.0  49830.56 99 
102254.0  49830.71 99 
102255.0  49830.67 99 
102256.0  49830.63 99 
102257.0  49830.55 99 
102258.0  49830.50 99 
102259.0  49830.69 99 
102300.0  49830.69 99 
102301.0  49830.64 99 
102302.0  49830.61 99 
102303.0  49830.56 99 
102304.0  49830.53 99 
102305.0  49830.54 99 
102306.0  49830.55 99 
102307.0  49830.52 99 
102308.0  49830.49 99 
102309.0  49830.49 99 
102310.0  49830.46 99 
102311.0  49830.54 99 
102312.0  49830.55 99 
102313.0  49830.51 99 
102314.0  49830.45 99 
102315.0  49830.43 99 
102316.0  49830.36 99 
102317.0  49830.37 99 
102318.0  49830.38 99 
102319.0  49830.49 99 
102320.0  49830.53 99 
102321.0  49830.62 99 
102322.0  49830.62 99 
102323.0  49830.60 99 
102324.0  49830.50 99 
102325.0  49830.35 99 
102326.0  49830.27 99 
102327.0  49830.26 99 
102328.0  49830.28 99 
102329.0  49830.39 99 
102330.0  49830.60 99 
102331.0  49830.58 99 
102332.0  49830.56 99 
102333.0  49830.54 99 
102334.0  49830.52 99 
102335.0  49830.51 99 
102336.0  49830.52 99 
102337.0  49830.54 99 
102338.0  49830.62 99 
102339.0  49830.72 99 
102340.0  49830.70 99 
102341.0  49830.72 99 
102342.0  49830.67 99 
102343.0  49830.59 99 
102344.0  49830.59 99 
102345.0  49830.66 99 
102346.0  49830.68 99 
102347.0  49830.76 99 
102348.0  49830.72 99 
102349.0  49830.74 99 
102350.0  49830.74 99 
102351.0  49830.69 99 
102352.0  49830.60 99 
102353.0  49830.41 99 
102354.0  49830.30 99 
102355.0  49830.18 99 
102356.0  49830.03 99 
102357.0  49829.98 99 
102358.0  49829.95 99 
102359.0  49829.90 99 
102400.0  49829.99 99 
102401.0  49830.27 99 
102402.0  49830.29 99 
102403.0  49830.28 99 
102404.0  49830.50 99 
102405.0  49830.58 99 
102406.0  49830.67 99 
102407.0  49830.64 99 
102408.0  49830.61 99 
102409.0  49830.54 99 
102410.0  49830.49 99 
102411.0  49830.31 99 
102412.0  49830.19 99 
102413.0  49830.30 99 
102414.0  49830.44 99 
102415.0  49830.47 99 
102416.0  49830.47 99 
102417.0  49830.50 99 
102418.0  49830.48 99 
102419.0  49830.47 99 
102420.0  49830.50 99 
102421.0  49830.48 99 
102422.0  49830.50 99 
102423.0  49830.60 99 
102424.0  49830.72 99 
102425.0  49830.72 99 
102426.0  49830.89 99 
102427.0  49830.97 99 
102428.0  49830.97 99 
102429.0  49831.01 99 
102430.0  49831.02 99 
102431.0  49831.02 99 
102432.0  49831.03 99 
102433.0  49830.98 99 
102434.0  49830.92 99 
102435.0  49830.77 99 
102436.0  49830.81 99 
102437.0  49830.78 99 
102438.0  49830.77 99 
102439.0  49830.72 99 
102440.0  49830.68 99 
102441.0  49830.70 99 
102442.0  49830.69 99 
102443.0  49830.63 99 
102444.0  49830.63 99 
102445.0  49830.64 99 
102446.0  49830.66 99 
102447.0  49830.66 99 
102448.0  49830.61 99 
102449.0  49830.52 99 
102450.0  49830.45 99 
102451.0  49830.35 99 
102452.0  49830.34 99 
102453.0  49830.42 99 
102454.0  49830.47 99 
102455.0  49830.44 99 
102456.0  49830.47 99 
102457.0  49830.36 99 
102458.0  49830.33 99 
102459.0  49830.52 99 
102500.0  49830.63 99 
102501.0  49830.65 99 
102502.0  49830.74 99 
102503.0  49830.69 99 
102504.0  49830.64 99 
102505.0  49830.55 99 
102506.0  49830.61 99 
102507.0  49830.69 99 
102508.0  49830.62 99 
102509.0  49830.67 99 
102510.0  49830.74 99 
102511.0  49830.72 99 
102512.0  49830.72 99 
102513.0  49830.71 99 
102514.0  49830.70 99 
102515.0  49830.77 99 
102516.0  49830.80 99 
102517.0  49830.82 99 
102518.0  49830.80 99 
102519.0  49830.74 99 
102520.0  49830.78 99 
102521.0  49830.73 99 
102522.0  49830.77 99 
102523.0  49830.73 99 
102524.0  49830.64 99 
102525.0  49830.67 99 
102526.0  49830.67 99 
102527.0  49830.70 99 
102528.0  49830.69 99 
102529.0  49830.71 99 
102530.0  49830.74 99 
102531.0  49830.60 99 
102532.0  49830.47 99 
102533.0  49830.31 99 
102534.0  49830.30 99 
102535.0  49830.18 99 
102536.0  49830.22 99 
102537.0  49830.30 99 
102538.0  49830.39 99 
102539.0  49830.39 99 
102540.0  49830.44 99 
102541.0  49830.61 99 
102542.0  49830.68 99 
102543.0  49830.69 99 
102544.0  49830.63 99 
102545.0  49830.57 99 
102546.0  49830.54 99 
102547.0  49830.54 99 
102548.0  49830.50 99 
102549.0  49830.61 99 
102550.0  49830.62 99 
102551.0  49830.68 99 
102552.0  49830.77 99 
102553.0  49830.81 99 
102554.0  49830.91 99 
102555.0  49830.94 99 
102556.0  49830.93 99 
102557.0  49830.92 99 
102558.0  49830.88 99 
102559.0  49830.77 99 
102600.0  49830.69 99 
102601.0  49830.58 99 
102602.0  49830.60 99 
102603.0  49830.48 99 
102604.0  49830.16 99 
102605.0  49829.96 99 
102606.0  49829.86 99 
102607.0  49829.73 99 
102608.0  49830.06 99 
102609.0  49830.34 99 
102610.0  49830.37 99 
102611.0  49830.34 99 
102612.0  49830.20 99 
102613.0  49830.03 99 
102614.0  49829.93 99 
102615.0  49829.93 99 
102616.0  49830.10 99 
102617.0  49830.28 99 
102618.0  49830.31 99 
102619.0  49830.30 99 
102620.0  49830.27 99 
102621.0  49830.17 99 
102622.0  49830.07 99 
102623.0  49830.22 99 
102624.0  49830.37 99 
102625.0  49830.36 99 
102626.0  49830.39 99 
102627.0  49830.48 99 
102628.0  49830.54 99 
102629.0  49830.51 99 
102630.0  49830.57 99 
102631.0  49830.50 99 
102632.0  49830.43 99 
102633.0  49830.40 99 
102634.0  49830.54 99 
102635.0  49830.62 99 
102636.0  49830.56 99 
102637.0  49830.55 99 
102638.0  49830.59 99 
102639.0  49830.56 99 
102640.0  49830.55 99 
102641.0  49830.46 99 
102642.0  49830.31 99 
102643.0  49830.18 99 
102644.0  49829.97 99 
102645.0  49829.86 99 
102646.0  49829.68 99 
102647.0  49829.69 99 
102648.0  49829.62 99 
102649.0  49829.78 99 
102650.0  49829.76 99 
102651.0  49829.64 99 
102652.0  49829.83 99 
102653.0  49829.91 99 
102654.0  49829.80 99 
102655.0  49829.87 99 
102656.0  49830.16 99 
102657.0  49830.41 99 
102658.0  49830.54 99 
102659.0  49830.47 99 
102700.0  49830.40 99 
102701.0  49830.29 99 
102702.0  49830.38 99 
102703.0  49830.46 99 
102704.0  49830.48 99 
102705.0  49830.45 99 
102706.0  49830.46 99 
102707.0  49830.35 99 
102708.0  49830.32 99 
102709.0  49830.28 99 
102710.0  49830.28 99 
102711.0  49830.27 99 
102712.0  49830.16 99 
102713.0  49830.09 99 
102714.0  49830.31 99 
102715.0  49830.40 99 
102716.0  49830.44 99 
102717.0  49830.45 99 
102718.0  49830.46 99 
102719.0  49830.49 99 
102720.0  49830.52 99 
102721.0  49830.52 99 
102722.0  49830.41 99 
102723.0  49830.18 99 
102724.0  49829.97 99 
102725.0  49829.73 99 
102726.0  49829.49 99 
102727.0  49829.34 99 
102728.0  49829.29 99 
102729.0  49829.20 99 
102730.0  49829.31 99 
102731.0  49829.42 99 
102732.0  49829.83 99 
102733.0  49829.95 99 
102734.0  49830.22 99 
102735.0  49830.31 99 
102736.0  49830.37 99 
102737.0  49830.42 99 
102738.0  49830.46 99 
102739.0  49830.42 99 
102740.0  49830.33 99 
102741.0  49830.24 99 
102742.0  49830.21 99 
102743.0  49830.20 99 
102744.0  49830.23 99 
102745.0  49830.35 99 
102746.0  49830.52 99 
102747.0  49830.53 99 
102748.0  49830.64 99 
102749.0  49830.54 99 
102750.0  49830.42 99 
102751.0  49830.38 99 
102752.0  49830.34 99 
102753.0  49830.28 99 
102754.0  49830.31 99 
102755.0  49830.26 99 
102756.0  49830.20 99 
102757.0  49830.18 99 
102758.0  49830.03 99 
102759.0  49829.81 99 
102800.0  49829.83 99 
102801.0  49830.16 99 
102802.0  49830.22 99 
102803.0  49830.19 99 
102804.0  49830.22 99 
102805.0  49830.20 99 
102806.0  49830.22 99 
102807.0  49830.31 99 
102808.0  49830.42 99 
102809.0  49830.45 99 
102810.0  49830.42 99 
102811.0  49830.47 99 
102812.0  49830.53 99 
102813.0  49830.61 99 
102814.0  49830.64 99 
102815.0  49830.66 99 
102816.0  49830.60 99 
102817.0  49830.54 99 
102818.0  49830.37 99 
102819.0  49830.28 99 
102820.0  49830.16 99 
102821.0  49829.97 99 
102822.0  49829.80 99 
102823.0  49829.83 99 
102824.0  49829.75 99 
102825.0  49829.73 99 
102826.0  49829.70 99 
102827.0  49829.72 99 
102828.0  49829.64 99 
102829.0  49829.64 99 
102830.0  49829.84 99 
102831.0  49830.09 99 
102832.0  49830.13 99 
102833.0  49830.12 99 
102834.0  49830.17 99 
102835.0  49830.18 99 
102836.0  49830.12 99 
102837.0  49830.06 99 
102838.0  49830.10 99 
102839.0  49830.14 99 
102840.0  49830.28 99 
102841.0  49830.32 99 
102842.0  49830.33 99 
102843.0  49830.34 99 
102844.0  49830.31 99 
102845.0  49830.33 99 
102846.0  49830.32 99 
102847.0  49830.32 99 
102848.0  49830.29 99 
102849.0  49830.27 99 
102850.0  49830.24 99 
102851.0  49830.22 99 
102852.0  49830.22 99 
102853.0  49830.22 99 
102854.0  49830.17 99 
102855.0  49830.08 99 
102856.0  49830.09 99 
102857.0  49830.10 99 
102858.0  49830.11 99 
102859.0  49830.08 99 
102900.0  49830.07 99 
102901.0  49830.05 99 
102902.0  49830.06 99 
102903.0  49829.99 99 
102904.0  49829.98 99 
102905.0  49829.96 99 
102906.0  49829.92 99 
102907.0  49829.98 99 
102908.0  49830.01 99 
102909.0  49830.00 99 
102910.0  49830.05 99 
102911.0  49829.93 99 
102912.0  49829.72 99 
102913.0  49829.52 99 
102914.0  49829.44 99 
102915.0  49829.44 99 
102916.0  49829.46 99 
102917.0  49829.47 99 
102918.0  49829.55 99 
102919.0  49829.65 99 
102920.0  49829.66 99 
102921.0  49829.60 99 
102922.0  49829.39 99 
102923.0  49829.17 99 
102924.0  49828.91 99 
102925.0  49828.98 99 
102926.0  49829.48 99 
102927.0  49829.67 99 
102928.0  49830.10 99 
102929.0  49830.24 99 
102930.0  49830.28 99 
102931.0  49830.35 99 
102932.0  49830.34 99 
102933.0  49830.31 99 
102934.0  49830.26 99 
102935.0  49830.10 99 
102936.0  49830.05 99 
102937.0  49830.15 99 
102938.0  49830.05 99 
102939.0  49829.87 99 
102940.0  49829.78 99 
102941.0  49829.65 99 
102942.0  49829.60 99 
102943.0  49829.55 99 
102944.0  49829.49 99 
102945.0  49829.79 99 
102946.0  49830.01 99 
102947.0  49830.04 99 
102948.0  49830.04 99 
102949.0  49830.02 99 
102950.0  49830.07 99 
102951.0  49830.10 99 
102952.0  49830.14 99 
102953.0  49830.19 99 
102954.0  49830.21 99 
102955.0  49830.17 99 
102956.0  49830.16 99 
102957.0  49830.03 99 
102958.0  49829.67 99 
102959.0  49829.57 99 
103000.0  49829.25 99 
103001.0  49829.30 99 
103002.0  49829.20 99 
103003.0  49829.23 99 
103004.0  49829.20 99 
103005.0  49829.24 99 
103006.0  49829.27 99 
103007.0  49829.23 99 
103008.0  49829.31 99 
103009.0  49829.35 99 
103010.0  49829.29 99 
103011.0  49829.26 99 
103012.0  49829.37 99 
103013.0  49829.48 99 
103014.0  49829.62 99 
103015.0  49829.78 99 
103016.0  49829.88 99 
103017.0  49829.94 99 
103018.0  49830.32 99 
103019.0  49830.64 99 
103020.0  49830.21 99 
103021.0  49829.97 99 
103022.0  49829.88 99 
103023.0  49829.91 99 
103024.0  49829.98 99 
103025.0  49830.02 99 
103026.0  49830.29 99 
103027.0  49830.40 99 
103028.0  49830.43 99 
103029.0  49830.39 99 
103030.0  49830.47 99 
103031.0  49830.65 99 
103032.0  49830.73 99 
103033.0  49830.76 99 
103034.0  49830.78 99 
103035.0  49830.77 99 
103036.0  49830.76 99 
103037.0  49830.80 99 
103038.0  49830.80 99 
103039.0  49830.79 99 
103040.0  49830.75 99 
103041.0  49830.73 99 
103042.0  49830.72 99 
103043.0  49830.74 99 
103044.0  49830.75 99 
103045.0  49830.76 99 
103046.0  49830.72 99 
103047.0  49830.71 99 
103048.0  49830.74 99 
103049.0  49830.71 99 
103050.0  49830.66 99 
103051.0  49830.47 99 
103052.0  49830.14 99 
103053.0  49829.91 99 
103054.0  49829.71 99 
103055.0  49830.17 99 
103056.0  49830.40 99 
103057.0  49830.49 99 
103058.0  49830.53 99 
103059.0  49830.59 99 
103100.0  49830.63 99 
103101.0  49830.69 99 
103102.0  49830.70 99 
103103.0  49830.74 99 
103104.0  49830.69 99 
103105.0  49830.66 99 
103106.0  49830.67 99 
103107.0  49830.68 99 
103108.0  49830.72 99 
103109.0  49830.81 99 
103110.0  49830.72 99 
103111.0  49830.68 99 
103112.0  49830.58 99 
103113.0  49830.43 99 
103114.0  49830.32 99 
103115.0  49830.21 99 
103116.0  49830.13 99 
103117.0  49830.05 99 
103118.0  49829.97 99 
103119.0  49829.92 99 
103120.0  49829.85 99 
103121.0  49829.82 99 
103122.0  49829.77 99 
103123.0  49829.87 99 
103124.0  49830.03 99 
103125.0  49830.03 99 
103126.0  49830.07 99 
103127.0  49830.05 99 
103128.0  49830.07 99 
103129.0  49830.10 99 
103130.0  49830.16 99 
103131.0  49830.16 99 
103132.0  49830.18 99 
103133.0  49830.25 99 
103134.0  49830.23 99 
103135.0  49830.25 99 
103136.0  49830.23 99 
103137.0  49830.20 99 
103138.0  49830.21 99 
103139.0  49830.20 99 
103140.0  49830.14 99 
103141.0  49830.09 99 
103142.0  49830.11 99 
103143.0  49829.99 99 
103144.0  49829.81 99 
103145.0  49829.72 99 
103146.0  49829.63 99 
103147.0  49829.59 99 
103148.0  49829.57 99 
103149.0  49829.59 99 
103150.0  49829.70 99 
103151.0  49829.59 99 
103152.0  49829.35 99 
103153.0  49829.14 99 
103154.0  49829.10 99 
103155.0  49829.00 99 
103156.0  49829.09 99 
103157.0  49829.20 99 
103158.0  49829.25 99 
103159.0  49829.31 99 
103200.0  49829.41 99 
103201.0  49829.49 99 
103202.0  49829.57 99 
103203.0  49829.56 99 
103204.0  49829.60 99 
103205.0  49829.62 99 
103206.0  49829.51 99 
103207.0  49829.41 99 
103208.0  49829.62 99 
103209.0  49829.75 99 
103210.0  49829.91 99 
103211.0  49829.95 99 
103212.0  49829.89 99 
103213.0  49829.87 99 
103214.0  49829.82 99 
103215.0  49829.81 99 
103216.0  49829.80 99 
103217.0  49829.77 99 
103218.0  49829.80 99 
103219.0  49829.77 99 
103220.0  49829.76 99 
103221.0  49829.73 99 
103222.0  49829.71 99 
103223.0  49829.70 99 
103224.0  49829.74 99 
103225.0  49829.75 99 
103226.0  49829.78 99 
103227.0  49829.77 99 
103228.0  49829.63 99 
103229.0  49829.57 99 
103230.0  49829.70 99 
103231.0  49829.77 99 
103232.0  49829.75 99 
103233.0  49829.72 99 
103234.0  49829.72 99 
103235.0  49829.81 99 
103236.0  49829.88 99 
103237.0  49829.88 99 
103238.0  49829.88 99 
103239.0  49829.97 99 
103240.0  49830.01 99 
103241.0  49829.99 99 
103242.0  49830.02 99 
103243.0  49830.09 99 
103244.0  49830.08 99 
103245.0  49830.14 99 
103246.0  49830.26 99 
103247.0  49830.35 99 
103248.0  49830.37 99 
103249.0  49830.46 99 
103250.0  49830.52 99 
103251.0  49830.59 99 
103252.0  49830.65 99 
103253.0  49830.63 99 
103254.0  49830.50 99 
103255.0  49830.57 99 
103256.0  49830.62 99 
103257.0  49830.65 99 
103258.0  49830.61 99 
103259.0  49830.61 99 
103300.0  49830.63 99 
103301.0  49830.73 99 
103302.0  49830.64 99 
103303.0  49830.63 99 
103304.0  49830.73 99 
103305.0  49830.73 99 
103306.0  49830.64 99 
103307.0  49830.61 99 
103308.0  49830.67 99 
103309.0  49830.69 99 
103310.0  49830.58 99 
103311.0  49830.53 99 
103312.0  49830.45 99 
103313.0  49830.37 99 
103314.0  49830.38 99 
103315.0  49830.42 99 
103316.0  49830.40 99 
103317.0  49830.32 99 
103318.0  49830.27 99 
103319.0  49830.23 99 
103320.0  49830.20 99 
103321.0  49830.22 99 
103322.0  49830.18 99 
103323.0  49830.20 99 
103324.0  49830.21 99 
103325.0  49830.23 99 
103326.0  49830.24 99 
103327.0  49830.23 99 
103328.0  49830.26 99 
103329.0  49830.31 99 
103330.0  49830.29 99 
103331.0  49830.29 99 
103332.0  49830.25 99 
103333.0  49830.12 99 
103334.0  49829.97 99 
103335.0  49829.94 99 
103336.0  49829.97 99 
103337.0  49830.03 99 
103338.0  49830.04 99 
103339.0  49830.01 99 
103340.0  49830.01 99 
103341.0  49829.98 99 
103342.0  49829.93 99 
103343.0  49829.85 99 
103344.0  49829.90 99 
103345.0  49829.93 99 
103346.0  49829.93 99 
103347.0  49829.88 99 
103348.0  49829.83 99 
103349.0  49829.84 99 
103350.0  49829.86 99 
103351.0  49829.91 99 
103352.0  49829.97 99 
103353.0  49830.01 99 
103354.0  49829.99 99 
103355.0  49830.05 99 
103356.0  49830.12 99 
103357.0  49830.14 99 
103358.0  49830.16 99 
103359.0  49830.14 99 
103400.0  49830.16 99 
103401.0  49830.14 99 
103402.0  49830.16 99 
103403.0  49830.08 99 
103404.0  49830.04 99 
103405.0  49829.98 99 
103406.0  49829.94 99 
103407.0  49829.91 99 
103408.0  49829.98 99 
103409.0  49830.07 99 
103410.0  49830.12 99 
103411.0  49830.11 99 
103412.0  49830.10 99 
103413.0  49829.98 99 
103414.0  49829.90 99 
103415.0  49829.96 99 
103416.0  49830.02 99 
103417.0  49830.21 99 
103418.0  49830.18 99 
103419.0  49830.17 99 
103420.0  49830.15 99 
103421.0  49830.12 99 
103422.0  49830.13 99 
103423.0  49830.14 99 
103424.0  49830.22 99 
103425.0  49830.18 99 
103426.0  49830.20 99 
103427.0  49830.33 99 
103428.0  49830.23 99 
103429.0  49830.23 99 
103430.0  49830.27 99 
103431.0  49830.26 99 
103432.0  49830.15 99 
103433.0  49830.05 99 
103434.0  49830.03 99 
103435.0  49830.02 99 
103436.0  49830.04 99 
103437.0  49830.14 99 
103438.0  49830.11 99 
103439.0  49830.12 99 
103440.0  49830.06 99 
103441.0  49829.90 99 
103442.0  49829.73 99 
103443.0  49829.73 99 
103444.0  49829.79 99 
103445.0  49829.80 99 
103446.0  49829.70 99 
103447.0  49829.69 99 
103448.0  49829.63 99 
103449.0  49829.66 99 
103450.0  49829.66 99 
103451.0  49829.74 99 
103452.0  49829.93 99 
103453.0  49829.93 99 
103454.0  49829.89 99 
103455.0  49829.88 99 
103456.0  49829.94 99 
103457.0  49829.92 99 
103458.0  49829.94 99 
103459.0  49829.94 99 
103500.0  49830.36 99 
103501.0  49830.25 99 
103502.0  49830.09 99 
103503.0  49830.02 99 
103504.0  49829.95 99 
103505.0  49829.97 99 
103506.0  49830.00 99 
103507.0  49829.98 99 
103508.0  49829.96 99 
103509.0  49829.93 99 
103510.0  49829.89 99 
103511.0  49829.91 99 
103512.0  49829.91 99 
103513.0  49829.91 99 
103514.0  49829.93 99 
103515.0  49829.96 99 
103516.0  49830.00 99 
103517.0  49830.05 99 
103518.0  49830.03 99 
103519.0  49830.02 99 
103520.0  49829.96 99 
103521.0  49829.94 99 
103522.0  49829.88 99 
103523.0  49829.86 99 
103524.0  49829.82 99 
103525.0  49829.79 99 
103526.0  49829.75 99 
103527.0  49829.70 99 
103528.0  49829.74 99 
103529.0  49829.71 99 
103530.0  49829.73 99 
103531.0  49829.78 99 
103532.0  49829.81 99 
103533.0  49829.83 99 
103534.0  49829.82 99 
103535.0  49829.84 99 
103536.0  49829.85 99 
103537.0  49829.90 99 
103538.0  49829.89 99 
103539.0  49829.85 99 
103540.0  49829.87 99 
103541.0  49829.89 99 
103542.0  49829.90 99 
103543.0  49829.90 99 
103544.0  49829.91 99 
103545.0  49829.96 99 
103546.0  49829.93 99 
103547.0  49829.94 99 
103548.0  49829.87 99 
103549.0  49829.87 99 
103550.0  49829.92 99 
103551.0  49829.90 99 
103552.0  49829.92 99 
103553.0  49829.91 99 
103554.0  49829.92 99 
103555.0  49829.92 99 
103556.0  49829.89 99 
103557.0  49829.91 99 
103558.0  49829.96 99 
103559.0  49829.97 99 
103600.0  49829.92 99 
103601.0  49829.89 99 
103602.0  49829.81 99 
103603.0  49829.67 99 
103604.0  49829.51 99 
103605.0  49829.38 99 
103606.0  49829.27 99 
103607.0  49829.30 99 
103608.0  49829.48 99 
103609.0  49829.24 99 
103610.0  49829.14 99 
103611.0  49829.06 99 
103612.0  49829.02 99 
103613.0  49829.11 99 
103614.0  49829.38 99 
103615.0  49829.76 99 
103616.0  49829.89 99 
103617.0  49829.97 99 
103618.0  49829.97 99 
103619.0  49830.06 99 
103620.0  49830.03 99 
103621.0  49829.91 99 
103622.0  49829.91 99 
103623.0  49829.92 99 
103624.0  49829.89 99 
103625.0  49829.88 99 
103626.0  49829.88 99 
103627.0  49829.84 99 
103628.0  49829.86 99 
103629.0  49829.86 99 
103630.0  49829.91 99 
103631.0  49829.88 99 
103632.0  49829.87 99 
103633.0  49829.80 99 
103634.0  49829.79 99 
103635.0  49829.68 99 
103636.0  49829.65 99 
103637.0  49829.62 99 
103638.0  49829.63 99 
103639.0  49829.81 99 
103640.0  49829.83 99 
103641.0  49829.84 99 
103642.0  49829.86 99 
103643.0  49829.90 99 
103644.0  49829.94 99 
103645.0  49830.01 99 
103646.0  49830.08 99 
103647.0  49830.08 99 
103648.0  49830.08 99 
103649.0  49830.15 99 
103650.0  49830.22 99 
103651.0  49830.10 99 
103652.0  49830.03 99 
103653.0  49830.03 99 
103654.0  49830.03 99 
103655.0  49830.03 99 
103656.0  49830.02 99 
103657.0  49830.08 99 
103658.0  49830.09 99 
103659.0  49830.10 99 
103700.0  49830.12 99 
103701.0  49830.15 99 
103702.0  49830.32 99 
103703.0  49830.27 99 
103704.0  49830.25 99 
103705.0  49830.17 99 
103706.0  49830.21 99 
103707.0  49830.25 99 
103708.0  49830.31 99 
103709.0  49830.32 99 
103710.0  49830.37 99 
103711.0  49830.38 99 
103712.0  49830.35 99 
103713.0  49830.38 99 
103714.0  49830.45 99 
103715.0  49830.49 99 
103716.0  49830.47 99 
103717.0  49830.52 99 
103718.0  49830.55 99 
103719.0  49830.56 99 
103720.0  49830.51 99 
103721.0  49830.53 99 
103722.0  49830.51 99 
103723.0  49830.57 99 
103724.0  49830.51 99 
103725.0  49830.48 99 
103726.0  49830.45 99 
103727.0  49830.34 99 
103728.0  49830.31 99 
103729.0  49830.36 99 
103730.0  49830.42 99 
103731.0  49830.38 99 
103732.0  49830.21 99 
103733.0  49830.09 99 
103734.0  49829.71 99 
103735.0  49829.52 99 
103736.0  49829.50 99 
103737.0  49829.35 99 
103738.0  49829.44 99 
103739.0  49829.50 99 
103740.0  49829.50 99 
103741.0  49829.55 99 
103742.0  49829.74 99 
103743.0  49830.04 99 
103744.0  49830.10 99 
103745.0  49830.17 99 
103746.0  49830.19 99 
103747.0  49830.19 99 
103748.0  49830.14 99 
103749.0  49830.13 99 
103750.0  49830.11 99 
103751.0  49830.12 99 
103752.0  49830.13 99 
103753.0  49830.15 99 
103754.0  49830.11 99 
103755.0  49830.19 99 
103756.0  49830.17 99 
103757.0  49830.17 99 
103758.0  49830.24 99 
103759.0  49830.25 99 
103800.0  49830.32 99 
103801.0  49830.24 99 
103802.0  49830.13 99 
103803.0  49830.03 99 
103804.0  49829.99 99 
103805.0  49829.96 99 
103806.0  49830.01 99 
103807.0  49830.02 99 
103808.0  49830.00 99 
103809.0  49829.99 99 
103810.0  49829.97 99 
103811.0  49829.96 99 
103812.0  49830.00 99 
103813.0  49830.04 99 
103814.0  49830.03 99 
103815.0  49830.07 99 
103816.0  49830.09 99 
103817.0  49830.04 99 
103818.0  49829.99 99 
103819.0  49829.99 99 
103820.0  49830.00 99 
103821.0  49830.06 99 
103822.0  49830.05 99 
103823.0  49830.03 99 
103824.0  49829.99 99 
103825.0  49829.87 99 
103826.0  49829.70 99 
103827.0  49829.46 99 
103828.0  49829.22 99 
103829.0  49829.25 99 
103830.0  49829.24 99 
103831.0  49829.16 99 
103832.0  49829.16 99 
103833.0  49829.19 99 
103834.0  49829.24 99 
103835.0  49829.26 99 
103836.0  49829.19 99 
103837.0  49829.28 99 
103838.0  49829.27 99 
103839.0  49829.19 99 
103840.0  49829.47 99 
103841.0  49829.62 99 
103842.0  49829.80 99 
103843.0  49829.95 99 
103844.0  49829.82 99 
103845.0  49829.61 99 
103846.0  49829.67 99 
103847.0  49829.79 99 
103848.0  49829.82 99 
103849.0  49829.94 99 
103850.0  49830.02 99 
103851.0  49829.97 99 
103852.0  49829.93 99 
103853.0  49829.98 99 
103854.0  49829.93 99 
103855.0  49829.97 99 
103856.0  49829.93 99 
103857.0  49829.96 99 
103858.0  49829.99 99 
103859.0  49830.02 99 
103900.0  49830.15 99 
103901.0  49830.17 99 
103902.0  49830.20 99 
103903.0  49830.17 99 
103904.0  49830.09 99 
103905.0  49830.03 99 
103906.0  49830.06 99 
103907.0  49830.01 99 
103908.0  49830.02 99 
103909.0  49830.01 99 
103910.0  49830.07 99 
103911.0  49830.08 99 
103912.0  49830.08 99 
103913.0  49830.03 99 
103914.0  49830.07 99 
103915.0  49830.11 99 
103916.0  49830.15 99 
103917.0  49830.18 99 
103918.0  49830.14 99 
103919.0  49830.13 99 
103920.0  49830.12 99 
103921.0  49830.14 99 
103922.0  49830.12 99 
103923.0  49830.09 99 
103924.0  49830.05 99 
103925.0  49829.97 99 
103926.0  49829.86 99 
103927.0  49829.85 99 
103928.0  49829.97 99 
103929.0  49829.95 99 
103930.0  49829.88 99 
103931.0  49829.80 99 
103932.0  49829.76 99 
103933.0  49829.62 99 
103934.0  49829.61 99 
103935.0  49829.58 99 
103936.0  49829.43 99 
103937.0  49829.70 99 
103938.0  49829.87 99 
103939.0  49829.92 99 
103940.0  49829.99 99 
103941.0  49829.96 99 
103942.0  49829.91 99 
103943.0  49829.85 99 
103944.0  49829.78 99 
103945.0  49829.69 99 
103946.0  49829.63 99 
103947.0  49829.82 99 
103948.0  49829.83 99 
103949.0  49829.82 99 
103950.0  49829.85 99 
103951.0  49829.84 99 
103952.0  49829.86 99 
103953.0  49829.84 99 
103954.0  49829.83 99 
103955.0  49829.86 99 
103956.0  49829.80 99 
103957.0  49829.79 99 
103958.0  49829.80 99 
103959.0  49829.81 99 
104000.0  49829.88 99 
104001.0  49829.87 99 
104002.0  49829.84 99 
104003.0  49829.84 99 
104004.0  49829.76 99 
104005.0  49829.73 99 
104006.0  49829.67 99 
104007.0  49829.52 99 
104008.0  49828.39 99 
104009.0  49828.55 99 
104010.0  49828.82 99 
104011.0  49828.96 99 
104012.0  49829.03 99 
104013.0  49829.07 99 
104014.0  49829.10 99 
104015.0  49829.18 99 
104016.0  49829.20 99 
104017.0  49829.18 99 
104018.0  49829.22 99 
104019.0  49829.27 99 
104020.0  49829.34 99 
104021.0  49829.42 99 
104022.0  49829.45 99 
104023.0  49829.47 99 
104024.0  49829.60 99 
104025.0  49829.79 99 
104026.0  49829.88 99 
104027.0  49829.91 99 
104028.0  49829.90 99 
104029.0  49829.90 99 
104030.0  49830.02 99 
104031.0  49830.02 99 
104032.0  49829.95 99 
104033.0  49829.92 99 
104034.0  49829.88 99 
104035.0  49829.92 99 
104036.0  49830.00 99 
104037.0  49830.06 99 
104038.0  49830.06 99 
104039.0  49830.07 99 
104040.0  49830.11 99 
104041.0  49830.08 99 
104042.0  49830.06 99 
104043.0  49830.04 99 
104044.0  49830.06 99 
104045.0  49830.05 99 
104046.0  49829.99 99 
104047.0  49829.95 99 
104048.0  49829.92 99 
104049.0  49829.90 99 
104050.0  49829.89 99 
104051.0  49829.96 99 
104052.0  49830.04 99 
104053.0  49830.05 99 
104054.0  49830.10 99 
104055.0  49830.06 99 
104056.0  49830.07 99 
104057.0  49830.05 99 
104058.0  49830.03 99 
104059.0  49829.93 99 
104100.0  49829.88 99 
104101.0  49829.84 99 
104102.0  49829.84 99 
104103.0  49829.83 99 
104104.0  49829.82 99 
104105.0  49829.78 99 
104106.0  49829.78 99 
104107.0  49829.81 99 
104108.0  49829.78 99 
104109.0  49829.78 99 
104110.0  49829.75 99 
104111.0  49829.66 99 
104112.0  49829.56 99 
104113.0  49829.35 99 
104114.0  49829.40 99 
104115.0  49829.42 99 
104116.0  49829.35 99 
104117.0  49829.26 99 
104118.0  49829.06 99 
104119.0  49828.98 99 
104120.0  49829.11 99 
104121.0  49829.20 99 
104122.0  49829.18 99 
104123.0  49829.14 99 
104124.0  49829.15 99 
104125.0  49829.15 99 
104126.0  49829.18 99 
104127.0  49829.20 99 
104128.0  49829.15 99 
104129.0  49829.49 99 
104130.0  49829.72 99 
104131.0  49829.76 99 
104132.0  49829.70 99 
104133.0  49829.60 99 
104134.0  49829.38 99 
104135.0  49829.45 99 
104136.0  49829.50 99 
104137.0  49829.57 99 
104138.0  49829.56 99 
104139.0  49829.54 99 
104140.0  49829.64 99 
104141.0  49829.69 99 
104142.0  49829.68 99 
104143.0  49829.57 99 
104144.0  49829.55 99 
104145.0  49829.55 99 
104146.0  49829.61 99 
104147.0  49829.66 99 
104148.0  49829.73 99 
104149.0  49829.74 99 
104150.0  49829.75 99 
104151.0  49829.83 99 
104152.0  49829.85 99 
104153.0  49829.79 99 
104154.0  49829.66 99 
104155.0  49829.70 99 
104156.0  49829.73 99 
104157.0  49829.77 99 
104158.0  49829.79 99 
104159.0  49829.79 99 
104200.0  49829.79 99 
104201.0  49829.75 99 
104202.0  49829.71 99 
104203.0  49829.53 99 
104204.0  49829.38 99 
104205.0  49829.32 99 
104206.0  49829.35 99 
104207.0  49829.41 99 
104208.0  49829.40 99 
104209.0  49829.40 99 
104210.0  49829.40 99 
104211.0  49829.50 99 
104212.0  49829.51 99 
104213.0  49829.54 99 
104214.0  49829.55 99 
104215.0  49829.56 99 
104216.0  49829.63 99 
104217.0  49829.64 99 
104218.0  49829.63 99 
104219.0  49829.62 99 
104220.0  49829.65 99 
104221.0  49829.73 99 
104222.0  49829.64 99 
104223.0  49829.58 99 
104224.0  49829.57 99 
104225.0  49829.52 99 
104226.0  49829.55 99 
104227.0  49829.54 99 
104228.0  49829.56 99 
104229.0  49829.61 99 
104230.0  49829.64 99 
104231.0  49829.70 99 
104232.0  49829.77 99 
104233.0  49829.84 99 
104234.0  49829.88 99 
104235.0  49829.91 99 
104236.0  49829.84 99 
104237.0  49829.74 99 
104238.0  49829.71 99 
104239.0  49829.69 99 
104240.0  49829.65 99 
104241.0  49829.61 99 
104242.0  49829.57 99 
104243.0  49829.52 99 
104244.0  49829.47 99 
104245.0  49829.55 99 
104246.0  49829.54 99 
104247.0  49829.57 99 
104248.0  49829.47 99 
104249.0  49829.47 99 
104250.0  49829.48 99 
104251.0  49829.58 99 
104252.0  49829.62 99 
104253.0  49829.68 99 
104254.0  49829.66 99 
104255.0  49829.66 99 
104256.0  49829.66 99 
104257.0  49829.65 99 
104258.0  49829.58 99 
104259.0  49829.55 99 
104300.0  49829.57 99 
104301.0  49829.63 99 
104302.0  49829.77 99 
104303.0  49829.76 99 
104304.0  49829.68 99 
104305.0  49829.69 99 
104306.0  49829.65 99 
104307.0  49829.66 99 
104308.0  49829.64 99 
104309.0  49829.60 99 
104310.0  49829.41 99 
104311.0  49829.15 99 
104312.0  49829.00 99 
104313.0  49828.97 99 
104314.0  49828.92 99 
104315.0  49828.93 99 
104316.0  49828.82 99 
104317.0  49828.95 99 
104318.0  49829.04 99 
104319.0  49829.12 99 
104320.0  49829.21 99 
104321.0  49829.50 99 
104322.0  49829.59 99 
104323.0  49829.61 99 
104324.0  49829.64 99 
104325.0  49829.56 99 
104326.0  49829.56 99 
104327.0  49829.57 99 
104328.0  49829.59 99 
104329.0  49829.58 99 
104330.0  49829.49 99 
104331.0  49829.52 99 
104332.0  49829.48 99 
104333.0  49829.52 99 
104334.0  49829.55 99 
104335.0  49829.68 99 
104336.0  49829.58 99 
104337.0  49829.50 99 
104338.0  49829.47 99 
104339.0  49829.46 99 
104340.0  49829.50 99 
104341.0  49829.51 99 
104342.0  49829.52 99 
104343.0  49829.56 99 
104344.0  49829.63 99 
104345.0  49829.69 99 
104346.0  49829.73 99 
104347.0  49829.73 99 
104348.0  49829.77 99 
104349.0  49829.79 99 
104350.0  49829.74 99 
104351.0  49829.62 99 
104352.0  49829.52 99 
104353.0  49829.59 99 
104354.0  49829.53 99 
104355.0  49829.56 99 
104356.0  49829.61 99 
104357.0  49829.63 99 
104358.0  49829.63 99 
104359.0  49829.54 99 
104400.0  49829.52 99 
104401.0  49829.52 99 
104402.0  49829.54 99 
104403.0  49829.55 99 
104404.0  49829.62 99 
104405.0  49829.65 99 
104406.0  49829.62 99 
104407.0  49829.64 99 
104408.0  49829.61 99 
104409.0  49829.60 99 
104410.0  49829.56 99 
104411.0  49829.46 99 
104412.0  49829.38 99 
104413.0  49829.32 99 
104414.0  49829.33 99 
104415.0  49829.39 99 
104416.0  49829.44 99 
104417.0  49829.37 99 
104418.0  49829.20 99 
104419.0  49829.08 99 
104420.0  49829.03 99 
104421.0  49828.93 99 
104422.0  49828.85 99 
104423.0  49828.84 99 
104424.0  49828.77 99 
104425.0  49828.67 99 
104426.0  49828.24 99 
104427.0  49828.34 99 
104428.0  49828.80 99 
104429.0  49829.31 99 
104430.0  49829.54 99 
104431.0  49829.61 99 
104432.0  49829.62 99 
104433.0  49829.55 99 
104434.0  49829.57 99 
104435.0  49829.62 99 
104436.0  49829.74 99 
104437.0  49829.80 99 
104438.0  49829.74 99 
104439.0  49829.63 99 
104440.0  49829.63 99 
104441.0  49829.67 99 
104442.0  49829.76 99 
104443.0  49829.80 99 
104444.0  49829.82 99 
104445.0  49829.85 99 
104446.0  49829.83 99 
104447.0  49829.81 99 
104448.0  49829.61 99 
104449.0  49829.51 99 
104450.0  49829.45 99 
104451.0  49829.46 99 
104452.0  49829.57 99 
104453.0  49829.65 99 
104454.0  49829.66 99 
104455.0  49829.68 99 
104456.0  49829.63 99 
104457.0  49829.61 99 
104458.0  49829.58 99 
104459.0  49829.58 99 
104500.0  49829.75 99 
104501.0  49829.79 99 
104502.0  49829.73 99 
104503.0  49829.70 99 
104504.0  49829.74 99 
104505.0  49829.82 99 
104506.0  49829.83 99 
104507.0  49829.80 99 
104508.0  49829.82 99 
104509.0  49829.85 99 
104510.0  49829.84 99 
104511.0  49829.85 99 
104512.0  49830.01 99 
104513.0  49830.17 99 
104514.0  49830.17 99 
104515.0  49830.15 99 
104516.0  49830.17 99 
104517.0  49830.13 99 
104518.0  49830.07 99 
104519.0  49829.98 99 
104520.0  49829.83 99 
104521.0  49829.66 99 
104522.0  49829.71 99 
104523.0  49829.82 99 
104524.0  49829.87 99 
104525.0  49829.89 99 
104526.0  49829.91 99 
104527.0  49829.92 99 
104528.0  49829.99 99 
104529.0  49829.94 99 
104530.0  49829.92 99 
104531.0  49829.93 99 
104532.0  49829.98 99 
104533.0  49829.96 99 
104534.0  49829.93 99 
104535.0  49829.81 99 
104536.0  49829.57 99 
104537.0  49829.41 99 
104538.0  49829.48 99 
104539.0  49829.44 99 
104540.0  49829.39 99 
104541.0  49829.35 99 
104542.0  49829.44 99 
104543.0  49829.76 99 
104544.0  49830.04 99 
104545.0  49830.20 99 
104546.0  49830.24 99 
104547.0  49830.05 99 
104548.0  49829.87 99 
104549.0  49829.81 99 
104550.0  49829.65 99 
104551.0  49829.57 99 
104552.0  49829.60 99 
104553.0  49829.55 99 
104554.0  49829.53 99 
104555.0  49829.62 99 
104556.0  49829.96 99 
104557.0  49830.06 99 
104558.0  49830.06 99 
104559.0  49830.07 99 
104600.0  49830.22 99 
104601.0  49830.49 99 
104602.0  49830.38 99 
104603.0  49830.20 99 
104604.0  49830.13 99 
104605.0  49830.07 99 
104606.0  49830.26 99 
104607.0  49830.17 99 
104608.0  49830.12 99 
104609.0  49829.97 99 
104610.0  49829.81 99 
104611.0  49829.48 99 
104612.0  49828.96 99 
104613.0  49828.77 99 
104614.0  49828.96 99 
104615.0  49829.11 99 
104616.0  49829.38 99 
104617.0  49829.30 99 
104618.0  49829.33 99 
104619.0  49829.39 99 
104620.0  49829.26 99 
104621.0  49828.99 99 
104622.0  49828.76 99 
104623.0  49828.75 99 
104624.0  49829.24 99 
104625.0  49829.66 99 
104626.0  49829.80 99 
104627.0  49830.01 99 
104628.0  49830.19 99 
104629.0  49830.18 99 
104630.0  49830.23 99 
104631.0  49830.13 99 
104632.0  49829.99 99 
104633.0  49829.85 99 
104634.0  49829.82 99 
104635.0  49829.72 99 
104636.0  49829.56 99 
104637.0  49829.51 99 
104638.0  49829.57 99 
104639.0  49829.55 99 
104640.0  49829.56 99 
104641.0  49829.61 99 
104642.0  49829.63 99 
104643.0  49829.61 99 
104644.0  49829.58 99 
104645.0  49829.64 99 
104646.0  49829.66 99 
104647.0  49829.75 99 
104648.0  49829.67 99 
104649.0  49829.65 99 
104650.0  49829.51 99 
104651.0  49829.29 99 
104652.0  49829.13 99 
104653.0  49828.92 99 
104654.0  49828.79 99 
104655.0  49828.74 99 
104656.0  49828.75 99 
104657.0  49828.76 99 
104658.0  49828.76 99 
104659.0  49828.81 99 
104700.0  49828.91 99 
104701.0  49828.95 99 
104702.0  49829.02 99 
104703.0  49829.06 99 
104704.0  49829.21 99 
104705.0  49829.58 99 
104706.0  49829.70 99 
104707.0  49829.78 99 
104708.0  49829.71 99 
104709.0  49829.76 99 
104710.0  49829.79 99 
104711.0  49829.79 99 
104712.0  49829.81 99 
104713.0  49829.79 99 
104714.0  49829.88 99 
104715.0  49829.83 99 
104716.0  49829.73 99 
104717.0  49829.70 99 
104718.0  49829.62 99 
104719.0  49829.50 99 
104720.0  49829.44 99 
104721.0  49829.45 99 
104722.0  49829.54 99 
104723.0  49829.59 99 
104724.0  49829.55 99 
104725.0  49829.57 99 
104726.0  49829.55 99 
104727.0  49829.45 99 
104728.0  49829.38 99 
104729.0  49829.33 99 
104730.0  49829.30 99 
104731.0  49829.23 99 
104732.0  49829.19 99 
104733.0  49829.24 99 
104734.0  49829.26 99 
104735.0  49829.28 99 
104736.0  49829.29 99 
104737.0  49829.25 99 
104738.0  49829.03 99 
104739.0  49828.85 99 
104740.0  49828.72 99 
104741.0  49828.67 99 
104742.0  49828.53 99 
104743.0  49828.52 99 
104744.0  49828.52 99 
104745.0  49828.62 99 
104746.0  49828.71 99 
104747.0  49828.77 99 
104748.0  49828.71 99 
104749.0  49828.70 99 
104750.0  49828.77 99 
104751.0  49828.83 99 
104752.0  49828.79 99 
104753.0  49829.08 99 
104754.0  49829.29 99 
104755.0  49829.36 99 
104756.0  49829.44 99 
104757.0  49829.45 99 
104758.0  49829.32 99 
104759.0  49829.22 99 
104800.0  49829.22 99 
104801.0  49829.22 99 
104802.0  49829.40 99 
104803.0  49829.35 99 
104804.0  49829.42 99 
104805.0  49829.63 99 
104806.0  49829.61 99 
104807.0  49829.64 99 
104808.0  49829.50 99 
104809.0  49829.38 99 
104810.0  49829.27 99 
104811.0  49829.23 99 
104812.0  49829.21 99 
104813.0  49829.12 99 
104814.0  49829.05 99 
104815.0  49829.08 99 
104816.0  49829.21 99 
104817.0  49829.29 99 
104818.0  49829.35 99 
104819.0  49829.46 99 
104820.0  49829.58 99 
104821.0  49829.63 99 
104822.0  49829.55 99 
104823.0  49829.57 99 
104824.0  49829.66 99 
104825.0  49829.68 99 
104826.0  49829.62 99 
104827.0  49829.56 99 
104828.0  49829.46 99 
104829.0  49829.32 99 
104830.0  49829.16 99 
104831.0  49829.05 99 
104832.0  49828.99 99 
104833.0  49829.01 99 
104834.0  49829.30 99 
104835.0  49829.52 99 
104836.0  49829.61 99 
104837.0  49829.66 99 
104838.0  49829.66 99 
104839.0  49829.67 99 
104840.0  49829.70 99 
104841.0  49829.78 99 
104842.0  49829.79 99 
104843.0  49829.75 99 
104844.0  49829.73 99 
104845.0  49829.68 99 
104846.0  49829.64 99 
104847.0  49829.59 99 
104848.0  49829.58 99 
104849.0  49829.61 99 
104850.0  49829.65 99 
104851.0  49829.93 99 
104852.0  49829.95 99 
104853.0  49829.98 99 
104854.0  49829.95 99 
104855.0  49829.96 99 
104856.0  49829.93 99 
104857.0  49829.88 99 
104858.0  49829.85 99 
104859.0  49829.84 99 
104900.0  49829.83 99 
104901.0  49829.84 99 
104902.0  49829.80 99 
104903.0  49829.76 99 
104904.0  49829.73 99 
104905.0  49829.72 99 
104906.0  49829.66 99 
104907.0  49829.63 99 
104908.0  49829.60 99 
104909.0  49829.55 99 
104910.0  49829.48 99 
104911.0  49829.45 99 
104912.0  49829.39 99 
104913.0  49829.33 99 
104914.0  49829.26 99 
104915.0  49829.42 99 
104916.0  49829.39 99 
104917.0  49829.39 99 
104918.0  49829.32 99 
104919.0  49829.28 99 
104920.0  49829.22 99 
104921.0  49829.18 99 
104922.0  49829.11 99 
104923.0  49829.09 99 
104924.0  49829.09 99 
104925.0  49829.19 99 
104926.0  49829.19 99 
104927.0  49829.16 99 
104928.0  49829.19 99 
104929.0  49829.21 99 
104930.0  49829.11 99 
104931.0  49829.02 99 
104932.0  49828.89 99 
104933.0  49828.74 99 
104934.0  49828.74 99 
104935.0  49828.68 99 
104936.0  49828.70 99 
104937.0  49828.72 99 
104938.0  49828.73 99 
104939.0  49828.69 99 
104940.0  49828.79 99 
104941.0  49828.91 99 
104942.0  49829.07 99 
104943.0  49829.07 99 
104944.0  49829.12 99 
104945.0  49829.08 99 
104946.0  49829.00 99 
104947.0  49829.11 99 
104948.0  49829.24 99 
104949.0  49829.50 99 
104950.0  49829.51 99 
104951.0  49829.52 99 
104952.0  49829.54 99 
104953.0  49829.52 99 
104954.0  49829.50 99 
104955.0  49829.48 99 
104956.0  49829.40 99 
104957.0  49829.36 99 
104958.0  49829.31 99 
104959.0  49829.36 99 
105000.0  49829.35 99 
105001.0  49829.33 99 
105002.0  49829.28 99 
105003.0  49829.29 99 
105004.0  49829.43 99 
105005.0  49829.43 99 
105006.0  49829.39 99 
105007.0  49829.40 99 
105008.0  49829.39 99 
105009.0  49829.38 99 
105010.0  49829.33 99 
105011.0  49829.32 99 
105012.0  49829.32 99 
105013.0  49829.28 99 
105014.0  49829.19 99 
105015.0  49829.20 99 
105016.0  49829.21 99 
105017.0  49829.26 99 
105018.0  49829.22 99 
105019.0  49829.24 99 
105020.0  49829.15 99 
105021.0  49829.03 99 
105022.0  49828.95 99 
105023.0  49828.82 99 
105024.0  49828.73 99 
105025.0  49828.71 99 
105026.0  49828.77 99 
105027.0  49828.74 99 
105028.0  49828.69 99 
105029.0  49828.67 99 
105030.0  49828.61 99 
105031.0  49828.57 99 
105032.0  49828.44 99 
105033.0  49828.27 99 
105034.0  49828.28 99 
105035.0  49828.22 99 
105036.0  49828.10 99 
105037.0  49828.08 99 
105038.0  49828.07 99 
105039.0  49828.10 99 
105040.0  49828.10 99 
105041.0  49828.08 99 
105042.0  49828.05 99 
105043.0  49827.98 99 
105044.0  49827.97 99 
105045.0  49828.18 99 
105046.0  49828.24 99 
105047.0  49828.39 99 
105048.0  49828.59 99 
105049.0  49828.57 99 
105050.0  49828.70 99 
105051.0  49828.84 99 
105052.0  49828.96 99 
105053.0  49829.03 99 
105054.0  49828.99 99 
105055.0  49829.01 99 
105056.0  49829.00 99 
105057.0  49829.00 99 
105058.0  49829.04 99 
105059.0  49829.17 99 
105100.0  49829.13 99 
105101.0  49828.98 99 
105102.0  49828.85 99 
105103.0  49828.75 99 
105104.0  49828.69 99 
105105.0  49828.63 99 
105106.0  49828.49 99 
105107.0  49828.49 99 
105108.0  49828.48 99 
105109.0  49828.46 99 
105110.0  49828.46 99 
105111.0  49828.53 99 
105112.0  49828.57 99 
105113.0  49828.54 99 
105114.0  49828.52 99 
105115.0  49828.49 99 
105116.0  49828.61 99 
105117.0  49828.69 99 
105118.0  49828.64 99 
105119.0  49828.71 99 
105120.0  49828.82 99 
105121.0  49828.88 99 
105122.0  49829.01 99 
105123.0  49829.12 99 
105124.0  49829.17 99 
105125.0  49829.25 99 
105126.0  49829.31 99 
105127.0  49829.31 99 
105128.0  49829.37 99 
105129.0  49829.40 99 
105130.0  49829.36 99 
105131.0  49829.41 99 
105132.0  49829.41 99 
105133.0  49829.41 99 
105134.0  49829.40 99 
105135.0  49829.37 99 
105136.0  49829.35 99 
105137.0  49829.32 99 
105138.0  49829.31 99 
105139.0  49829.27 99 
105140.0  49829.22 99 
105141.0  49829.16 99 
105142.0  49829.11 99 
105143.0  49829.03 99 
105144.0  49828.93 99 
105145.0  49828.91 99 
105146.0  49828.85 99 
105147.0  49828.86 99 
105148.0  49828.79 99 
105149.0  49828.82 99 
105150.0  49828.79 99 
105151.0  49828.86 99 
105152.0  49828.95 99 
105153.0  49829.06 99 
105154.0  49829.04 99 
105155.0  49828.90 99 
105156.0  49828.81 99 
105157.0  49828.73 99 
105158.0  49828.66 99 
105159.0  49828.63 99 
105200.0  49828.74 99 
105201.0  49828.79 99 
105202.0  49828.86 99 
105203.0  49828.94 99 
105204.0  49829.04 99 
105205.0  49829.05 99 
105206.0  49829.08 99 
105207.0  49829.10 99 
105208.0  49829.06 99 
105209.0  49829.06 99 
105210.0  49829.05 99 
105211.0  49829.05 99 
105212.0  49829.06 99 
105213.0  49829.01 99 
105214.0  49829.00 99 
105215.0  49829.00 99 
105216.0  49828.97 99 
105217.0  49828.93 99 
105218.0  49828.88 99 
105219.0  49828.91 99 
105220.0  49828.85 99 
105221.0  49828.80 99 
105222.0  49828.80 99 
105223.0  49828.79 99 
105224.0  49828.74 99 
105225.0  49828.73 99 
105226.0  49828.71 99 
105227.0  49828.72 99 
105228.0  49828.73 99 
105229.0  49828.74 99 
105230.0  49828.76 99 
105231.0  49828.78 99 
105232.0  49828.75 99 
105233.0  49828.65 99 
105234.0  49828.37 99 
105235.0  49828.14 99 
105236.0  49828.02 99 
105237.0  49827.86 99 
105238.0  49827.86 99 
105239.0  49828.05 99 
105240.0  49828.12 99 
105241.0  49827.98 99 
105242.0  49828.04 99 
105243.0  49828.29 99 
105244.0  49828.24 99 
105245.0  49828.29 99 
105246.0  49828.31 99 
105247.0  49828.30 99 
105248.0  49828.28 99 
105249.0  49828.57 99 
105250.0  49828.72 99 
105251.0  49828.73 99 
105252.0  49828.77 99 
105253.0  49828.75 99 
105254.0  49828.72 99 
105255.0  49828.76 99 
105256.0  49828.77 99 
105257.0  49828.79 99 
105258.0  49828.77 99 
105259.0  49828.76 99 
105300.0  49828.73 99 
105301.0  49828.77 99 
105302.0  49828.77 99 
105303.0  49828.73 99 
105304.0  49828.68 99 
105305.0  49828.69 99 
105306.0  49828.60 99 
105307.0  49828.56 99 
105308.0  49828.57 99 
105309.0  49828.56 99 
105310.0  49828.56 99 
105311.0  49828.54 99 
105312.0  49828.57 99 
105313.0  49828.55 99 
105314.0  49828.54 99 
105315.0  49828.52 99 
105316.0  49828.49 99 
105317.0  49828.55 99 
105318.0  49828.54 99 
105319.0  49828.48 99 
105320.0  49828.38 99 
105321.0  49828.26 99 
105322.0  49828.12 99 
105323.0  49827.94 99 
105324.0  49827.73 99 
105325.0  49827.69 99 
105326.0  49827.68 99 
105327.0  49827.77 99 
105328.0  49827.86 99 
105329.0  49827.96 99 
105330.0  49828.03 99 
105331.0  49828.12 99 
105332.0  49828.15 99 
105333.0  49828.13 99 
105334.0  49828.24 99 
105335.0  49828.36 99 
105336.0  49828.39 99 
105337.0  49828.28 99 
105338.0  49828.12 99 
105339.0  49828.22 99 
105340.0  49828.35 99 
105341.0  49828.41 99 
105342.0  49828.41 99 
105343.0  49828.46 99 
105344.0  49828.47 99 
105345.0  49828.42 99 
105346.0  49827.12 99 
105347.0  49827.85 99 
105348.0  49828.13 99 
105349.0  49828.28 99 
105350.0  49828.31 99 
105351.0  49828.31 99 
105352.0  49828.21 99 
105353.0  49828.25 99 
105354.0  49828.18 99 
105355.0  49828.18 99 
105356.0  49828.26 99 
105357.0  49828.31 99 
105358.0  49828.30 99 
105359.0  49828.23 99 
105400.0  49828.28 99 
105401.0  49828.27 99 
105402.0  49828.27 99 
105403.0  49828.24 99 
105404.0  49828.25 99 
105405.0  49828.28 99 
105406.0  49828.39 99 
105407.0  49828.47 99 
105408.0  49828.46 99 
105409.0  49828.46 99 
105410.0  49828.36 99 
105411.0  49828.27 99 
105412.0  49828.27 99 
105413.0  49828.30 99 
105414.0  49828.29 99 
105415.0  49828.39 99 
105416.0  49828.33 99 
105417.0  49827.99 99 
105418.0  49827.75 99 
105419.0  49828.11 99 
105420.0  49827.67 99 
105421.0  49828.10 99 
105422.0  49828.25 99 
105423.0  49828.25 99 
105424.0  49828.36 99 
105425.0  49828.36 99 
105426.0  49828.33 99 
105427.0  49828.35 99 
105428.0  49828.36 99 
105429.0  49828.41 99 
105430.0  49828.41 99 
105431.0  49828.43 99 
105432.0  49828.41 99 
105433.0  49828.42 99 
105434.0  49828.45 99 
105435.0  49828.46 99 
105436.0  49828.54 99 
105437.0  49828.56 99 
105438.0  49828.54 99 
105439.0  49828.46 99 
105440.0  49828.33 99 
105441.0  49828.07 99 
105442.0  49827.99 99 
105443.0  49827.97 99 
105444.0  49828.11 99 
105445.0  49828.20 99 
105446.0  49828.32 99 
105447.0  49828.44 99 
105448.0  49828.47 99 
105449.0  49828.38 99 
105450.0  49828.51 99 
105451.0  49828.97 99 
105452.0  49828.99 99 
105453.0  49828.98 99 
105454.0  49828.95 99 
105455.0  49828.97 99 
105456.0  49828.98 99 
105457.0  49828.99 99 
105458.0  49828.99 99 
105459.0  49828.99 99 
105500.0  49829.03 99 
105501.0  49828.95 99 
105502.0  49828.86 99 
105503.0  49828.80 99 
105504.0  49828.81 99 
105505.0  49828.76 99 
105506.0  49828.66 99 
105507.0  49828.56 99 
105508.0  49828.74 99 
105509.0  49828.57 99 
105510.0  49828.67 99 
105511.0  49828.69 99 
105512.0  49828.70 99 
105513.0  49828.66 99 
105514.0  49828.72 99 
105515.0  49828.77 99 
105516.0  49828.80 99 
105517.0  49828.65 99 
105518.0  49828.48 99 
105519.0  49828.44 99 
105520.0  49828.39 99 
105521.0  49828.35 99 
105522.0  49828.40 99 
105523.0  49828.37 99 
105524.0  49828.30 99 
105525.0  49828.30 99 
105526.0  49828.53 99 
105527.0  49828.62 99 
105528.0  49828.63 99 
105529.0  49828.62 99 
105530.0  49828.66 99 
105531.0  49828.65 99 
105532.0  49828.61 99 
105533.0  49828.53 99 
105534.0  49828.53 99 
105535.0  49828.48 99 
105536.0  49828.55 99 
105537.0  49828.65 99 
105538.0  49828.73 99 
105539.0  49828.80 99 
105540.0  49828.82 99 
105541.0  49828.79 99 
105542.0  49828.72 99 
105543.0  49828.63 99 
105544.0  49828.45 99 
105545.0  49828.47 99 
105546.0  49828.54 99 
105547.0  49828.65 99 
105548.0  49828.70 99 
105549.0  49828.91 99 
105550.0  49828.96 99 
105551.0  49828.98 99 
105552.0  49828.97 99 
105553.0  49828.97 99 
105554.0  49828.98 99 
105555.0  49828.98 99 
105556.0  49828.96 99 
105557.0  49828.98 99 
105558.0  49829.01 99 
105559.0  49829.02 99 
105600.0  49829.05 99 
105601.0  49829.02 99 
105602.0  49829.04 99 
105603.0  49829.07 99 
105604.0  49829.16 99 
105605.0  49829.20 99 
105606.0  49829.18 99 
105607.0  49829.15 99 
105608.0  49829.11 99 
105609.0  49829.12 99 
105610.0  49829.12 99 
105611.0  49829.13 99 
105612.0  49829.13 99 
105613.0  49829.14 99 
105614.0  49829.07 99 
105615.0  49828.94 99 
105616.0  49828.88 99 
105617.0  49828.93 99 
105618.0  49828.91 99 
105619.0  49828.91 99 
105620.0  49828.94 99 
105621.0  49828.94 99 
105622.0  49828.89 99 
105623.0  49828.90 99 
105624.0  49828.88 99 
105625.0  49828.78 99 
105626.0  49829.02 99 
105627.0  49829.04 99 
105628.0  49828.98 99 
105629.0  49828.99 99 
105630.0  49829.04 99 
105631.0  49829.05 99 
105632.0  49829.07 99 
105633.0  49829.09 99 
105634.0  49829.12 99 
105635.0  49829.05 99 
105636.0  49828.94 99 
105637.0  49828.88 99 
105638.0  49828.89 99 
105639.0  49828.94 99 
105640.0  49828.83 99 
105641.0  49828.72 99 
105642.0  49828.64 99 
105643.0  49828.65 99 
105644.0  49828.68 99 
105645.0  49828.72 99 
105646.0  49828.92 99 
105647.0  49828.86 99 
105648.0  49828.91 99 
105649.0  49828.99 99 
105650.0  49829.07 99 
105651.0  49829.15 99 
105652.0  49829.21 99 
105653.0  49829.38 99 
105654.0  49829.49 99 
105655.0  49829.56 99 
105656.0  49829.53 99 
105657.0  49829.56 99 
105658.0  49829.49 99 
105659.0  49829.51 99 
105700.0  49829.51 99 
105701.0  49829.44 99 
105702.0  49829.34 99 
105703.0  49829.17 99 
105704.0  49828.92 99 
105705.0  49828.74 99 
105706.0  49828.67 99 
105707.0  49828.77 99 
105708.0  49828.71 99 
105709.0  49828.73 99 
105710.0  49828.81 99 
105711.0  49828.78 99 
105712.0  49828.73 99 
105713.0  49828.72 99 
105714.0  49828.80 99 
105715.0  49829.17 99 
105716.0  49829.34 99 
105717.0  49829.34 99 
105718.0  49829.33 99 
105719.0  49829.35 99 
105720.0  49829.31 99 
105721.0  49829.34 99 
105722.0  49829.32 99 
105723.0  49829.32 99 
105724.0  49829.41 99 
105725.0  49829.51 99 
105726.0  49829.54 99 
105727.0  49829.62 99 
105728.0  49829.74 99 
105729.0  49829.73 99 
105730.0  49829.72 99 
105731.0  49829.72 99 
105732.0  49829.68 99 
105733.0  49829.69 99 
105734.0  49829.73 99 
105735.0  49829.81 99 
105736.0  49829.85 99 
105737.0  49829.86 99 
105738.0  49829.86 99 
105739.0  49829.85 99 
105740.0  49829.92 99 
105741.0  49829.91 99 
105742.0  49829.90 99 
105743.0  49829.85 99 
105744.0  49829.84 99 
105745.0  49829.83 99 
105746.0  49829.76 99 
105747.0  49829.67 99 
105748.0  49829.60 99 
105749.0  49829.52 99 
105750.0  49829.37 99 
105751.0  49829.10 99 
105752.0  49828.85 99 
105753.0  49828.58 99 
105754.0  49828.46 99 
105755.0  49828.43 99 
105756.0  49828.51 99 
105757.0  49828.55 99 
105758.0  49828.55 99 
105759.0  49828.63 99 
105800.0  49828.78 99 
105801.0  49828.90 99 
105802.0  49828.90 99 
105803.0  49828.86 99 
105804.0  49828.89 99 
105805.0  49828.93 99 
105806.0  49828.96 99 
105807.0  49829.03 99 
105808.0  49829.05 99 
105809.0  49829.11 99 
105810.0  49829.16 99 
105811.0  49829.17 99 
105812.0  49829.23 99 
105813.0  49829.18 99 
105814.0  49829.21 99 
105815.0  49829.27 99 
105816.0  49829.34 99 
105817.0  49829.38 99 
105818.0  49829.39 99 
105819.0  49829.42 99 
105820.0  49829.41 99 
105821.0  49829.49 99 
105822.0  49829.45 99 
105823.0  49829.47 99 
105824.0  49829.48 99 
105825.0  49829.49 99 
105826.0  49829.47 99 
105827.0  49829.46 99 
105828.0  49829.48 99 
105829.0  49829.44 99 
105830.0  49829.44 99 
105831.0  49829.40 99 
105832.0  49829.25 99 
105833.0  49829.19 99 
105834.0  49829.17 99 
105835.0  49829.22 99 
105836.0  49829.11 99 
105837.0  49829.17 99 
105838.0  49829.15 99 
105839.0  49829.22 99 
105840.0  49829.24 99 
105841.0  49829.32 99 
105842.0  49829.31 99 
105843.0  49829.36 99 
105844.0  49829.32 99 
105845.0  49829.42 99 
105846.0  49829.48 99 
105847.0  49829.43 99 
105848.0  49829.37 99 
105849.0  49829.30 99 
105850.0  49829.25 99 
105851.0  49829.18 99 
105852.0  49829.12 99 
105853.0  49829.02 99 
105854.0  49829.03 99 
105855.0  49829.23 99 
105856.0  49829.16 99 
105857.0  49829.13 99 
105858.0  49829.27 99 
105859.0  49829.32 99 
105900.0  49829.36 99 
105901.0  49829.36 99 
105902.0  49829.39 99 
105903.0  49829.37 99 
105904.0  49829.35 99 
105905.0  49829.25 99 
105906.0  49829.22 99 
105907.0  49829.18 99 
105908.0  49829.10 99 
105909.0  49829.10 99 
105910.0  49828.96 99 
105911.0  49828.89 99 
105912.0  49828.88 99 
105913.0  49829.00 99 
105914.0  49829.15 99 
105915.0  49829.20 99 
105916.0  49829.20 99 
105917.0  49829.16 99 
105918.0  49829.10 99 
105919.0  49829.10 99 
105920.0  49829.27 99 
105921.0  49829.37 99 
105922.0  49829.39 99 
105923.0  49829.35 99 
105924.0  49829.22 99 
105925.0  49829.01 99 
105926.0  49828.85 99 
105927.0  49828.76 99 
105928.0  49828.69 99 
105929.0  49828.69 99 
105930.0  49828.72 99 
105931.0  49828.72 99 
105932.0  49828.75 99 
105933.0  49828.83 99 
105934.0  49829.01 99 
105935.0  49829.05 99 
105936.0  49829.02 99 
105937.0  49828.96 99 
105938.0  49828.97 99 
105939.0  49828.95 99 
105940.0  49828.91 99 
105941.0  49828.97 99 
105942.0  49828.96 99 
105943.0  49828.95 99 
105944.0  49829.02 99 
105945.0  49829.06 99 
105946.0  49829.14 99 
105947.0  49829.32 99 
105948.0  49829.41 99 
105949.0  49829.43 99 
105950.0  49829.41 99 
105951.0  49829.32 99 
105952.0  49829.34 99 
105953.0  49829.34 99 
105954.0  49829.34 99 
105955.0  49829.37 99 
105956.0  49829.32 99 
105957.0  49829.33 99 
105958.0  49829.36 99 
105959.0  49829.45 99 
110000.0  49829.47 99 
110001.0  49829.47 99 
110002.0  49829.38 99 
110003.0  49829.29 99 
110004.0  49829.26 99 
110005.0  49829.34 99 
110006.0  49829.47 99 
110007.0  49829.59 99 
110008.0  49829.62 99 
110009.0  49829.67 99 
110010.0  49829.73 99 
110011.0  49829.86 99 
110012.0  49829.88 99 
110013.0  49829.87 99 
110014.0  49829.85 99 
110015.0  49829.90 99 
110016.0  49830.00 99 
110017.0  49830.06 99 
110018.0  49830.15 99 
110019.0  49830.23 99 
110020.0  49830.24 99 
110021.0  49830.22 99 
110022.0  49830.15 99 
110023.0  49830.08 99 
110024.0  49830.04 99 
110025.0  49830.02 99 
110026.0  49830.05 99 
110027.0  49830.04 99 
110028.0  49830.07 99 
110029.0  49830.10 99 
110030.0  49830.07 99 
110031.0  49830.00 99 
110032.0  49829.88 99 
110033.0  49829.77 99 
110034.0  49829.67 99 
110035.0  49829.54 99 
110036.0  49829.55 99 
110037.0  49829.47 99 
110038.0  49829.49 99 
110039.0  49829.51 99 
110040.0  49829.57 99 
110041.0  49829.55 99 
110042.0  49829.51 99 
110043.0  49829.56 99 
110044.0  49829.57 99 
110045.0  49829.52 99 
110046.0  49829.36 99 
110047.0  49829.31 99 
110048.0  49829.33 99 
110049.0  49829.26 99 
110050.0  49829.39 99 
110051.0  49829.36 99 
110052.0  49829.37 99 
110053.0  49829.49 99 
110054.0  49829.82 99 
110055.0  49829.92 99 
110056.0  49829.96 99 
110057.0  49829.92 99 
110058.0  49829.88 99 
110059.0  49829.89 99 
110100.0  49829.89 99 
110101.0  49829.89 99 
110102.0  49829.80 99 
110103.0  49829.70 99 
110104.0  49829.70 99 
110105.0  49829.66 99 
110106.0  49829.65 99 
110107.0  49829.68 99 
110108.0  49829.70 99 
110109.0  49829.78 99 
110110.0  49829.75 99 
110111.0  49829.73 99 
110112.0  49829.72 99 
110113.0  49829.72 99 
110114.0  49829.78 99 
110115.0  49829.74 99 
110116.0  49829.74 99 
110117.0  49829.74 99 
110118.0  49829.73 99 
110119.0  49829.70 99 
110120.0  49829.73 99 
110121.0  49829.78 99 
110122.0  49829.78 99 
110123.0  49829.79 99 
110124.0  49829.75 99 
110125.0  49829.72 99 
110126.0  49829.73 99 
110127.0  49829.68 99 
110128.0  49829.81 99 
110129.0  49829.92 99 
110130.0  49830.07 99 
110131.0  49830.19 99 
110132.0  49830.31 99 
110133.0  49830.34 99 
110134.0  49830.32 99 
110135.0  49830.42 99 
110136.0  49830.48 99 
110137.0  49830.52 99 
110138.0  49830.55 99 
110139.0  49830.56 99 
110140.0  49830.56 99 
110141.0  49830.62 99 
110142.0  49830.66 99 
110143.0  49830.66 99 
110144.0  49830.56 99 
110145.0  49830.52 99 
110146.0  49830.68 99 
110147.0  49830.73 99 
110148.0  49830.70 99 
110149.0  49830.73 99 
110150.0  49830.73 99 
110151.0  49830.76 99 
110152.0  49830.64 99 
110153.0  49830.63 99 
110154.0  49830.62 99 
110155.0  49830.54 99 
110156.0  49830.59 99 
110157.0  49830.50 99 
110158.0  49830.46 99 
110159.0  49830.44 99 
110200.0  49830.51 99 
110201.0  49830.57 99 
110202.0  49830.53 99 
110203.0  49830.52 99 
110204.0  49830.48 99 
110205.0  49830.55 99 
110206.0  49830.56 99 
110207.0  49830.56 99 
110208.0  49830.55 99 
110209.0  49831.07 99 
110210.0  49830.86 99 
110211.0  49830.72 99 
110212.0  49830.61 99 
110213.0  49830.54 99 
110214.0  49830.43 99 
110215.0  49830.45 99 
110216.0  49830.52 99 
110217.0  49830.53 99 
110218.0  49830.51 99 
110219.0  49830.41 99 
110220.0  49830.35 99 
110221.0  49830.32 99 
110222.0  49830.39 99 
110223.0  49830.55 99 
110224.0  49830.69 99 
110225.0  49830.67 99 
110226.0  49830.60 99 
110227.0  49830.54 99 
110228.0  49830.53 99 
110229.0  49830.60 99 
110230.0  49830.60 99 
110231.0  49830.56 99 
110232.0  49830.54 99 
110233.0  49830.43 99 
110234.0  49830.43 99 
110235.0  49830.42 99 
110236.0  49830.47 99 
110237.0  49830.52 99 
110238.0  49830.50 99 
110239.0  49830.50 99 
110240.0  49830.43 99 
110241.0  49830.48 99 
110242.0  49830.49 99 
110243.0  49830.49 99 
110244.0  49830.55 99 
110245.0  49830.53 99 
110246.0  49830.53 99 
110247.0  49830.52 99 
110248.0  49830.48 99 
110249.0  49830.43 99 
110250.0  49830.39 99 
110251.0  49830.47 99 
110252.0  49830.49 99 
110253.0  49830.43 99 
110254.0  49830.32 99 
110255.0  49830.21 99 
110256.0  49830.19 99 
110257.0  49830.22 99 
110258.0  49830.14 99 
110259.0  49829.92 99 
110300.0  49829.86 99 
110301.0  49829.68 99 
110302.0  49829.67 99 
110303.0  49829.65 99 
110304.0  49829.62 99 
110305.0  49829.63 99 
110306.0  49829.63 99 
110307.0  49829.72 99 
110308.0  49830.11 99 
110309.0  49830.37 99 
110310.0  49830.44 99 
110311.0  49830.40 99 
110312.0  49830.38 99 
110313.0  49830.44 99 
110314.0  49830.34 99 
110315.0  49830.26 99 
110316.0  49830.29 99 
110317.0  49830.22 99 
110318.0  49830.17 99 
110319.0  49830.12 99 
110320.0  49830.05 99 
110321.0  49829.99 99 
110322.0  49830.00 99 
110323.0  49830.03 99 
110324.0  49829.98 99 
110325.0  49829.89 99 
110326.0  49829.74 99 
110327.0  49829.38 99 
110328.0  49829.31 99 
110329.0  49829.23 99 
110330.0  49829.26 99 
110331.0  49829.28 99 
110332.0  49829.47 99 
110333.0  49829.77 99 
110334.0  49829.89 99 
110335.0  49829.85 99 
110336.0  49829.87 99 
110337.0  49829.90 99 
110338.0  49829.92 99 
110339.0  49830.04 99 
110340.0  49829.98 99 
110341.0  49829.96 99 
110342.0  49829.96 99 
110343.0  49830.01 99 
110344.0  49829.97 99 
110345.0  49829.92 99 
110346.0  49829.92 99 
110347.0  49829.88 99 
110348.0  49829.82 99 
110349.0  49829.70 99 
110350.0  49829.58 99 
110351.0  49829.48 99 
110352.0  49829.33 99 
110353.0  49829.29 99 
110354.0  49829.21 99 
110355.0  49829.17 99 
110356.0  49829.22 99 
110357.0  49829.20 99 
110358.0  49829.26 99 
110359.0  49829.48 99 
110400.0  49829.96 99 
110401.0  49830.03 99 
110402.0  49830.10 99 
110403.0  49830.03 99 
110404.0  49829.98 99 
110405.0  49830.01 99 
110406.0  49830.00 99 
110407.0  49830.00 99 
110408.0  49830.00 99 
110409.0  49830.02 99 
110410.0  49830.09 99 
110411.0  49830.13 99 
110412.0  49830.20 99 
110413.0  49830.26 99 
110414.0  49830.20 99 
110415.0  49830.23 99 
110416.0  49830.23 99 
110417.0  49830.21 99 
110418.0  49830.24 99 
110419.0  49830.22 99 
110420.0  49830.32 99 
110421.0  49830.42 99 
110422.0  49830.49 99 
110423.0  49830.48 99 
110424.0  49830.42 99 
110425.0  49830.42 99 
110426.0  49830.45 99 
110427.0  49830.49 99 
110428.0  49830.53 99 
110429.0  49830.58 99 
110430.0  49830.61 99 
110431.0  49830.61 99 
110432.0  49830.54 99 
110433.0  49830.51 99 
110434.0  49830.52 99 
110435.0  49830.50 99 
110436.0  49830.58 99 
110437.0  49830.58 99 
110438.0  49830.60 99 
110439.0  49830.66 99 
110440.0  49830.62 99 
110441.0  49830.54 99 
110442.0  49830.36 99 
110443.0  49830.19 99 
110444.0  49830.04 99 
110445.0  49830.42 99 
110446.0  49830.78 99 
110447.0  49830.86 99 
110448.0  49830.87 99 
110449.0  49830.91 99 
110450.0  49830.93 99 
110451.0  49830.90 99 
110452.0  49830.87 99 
110453.0  49830.88 99 
110454.0  49830.91 99 
110455.0  49830.91 99 
110456.0  49830.82 99 
110457.0  49830.70 99 
110458.0  49830.44 99 
110459.0  49830.04 99 
110500.0  49830.06 99 
110501.0  49830.08 99 
110502.0  49830.23 99 
110503.0  49830.30 99 
110504.0  49830.65 99 
110505.0  49830.97 99 
110506.0  49831.03 99 
110507.0  49831.19 99 
110508.0  49831.34 99 
110509.0  49831.40 99 
110510.0  49831.49 99 
110511.0  49831.52 99 
110512.0  49831.57 99 
110513.0  49831.69 99 
110514.0  49831.50 99 
110515.0  49831.41 99 
110516.0  49831.35 99 
110517.0  49831.36 99 
110518.0  49831.28 99 
110519.0  49831.18 99 
110520.0  49831.21 99 
110521.0  49831.28 99 
110522.0  49831.39 99 
110523.0  49831.38 99 
110524.0  49831.33 99 
110525.0  49831.31 99 
110526.0  49831.28 99 
110527.0  49831.24 99 
110528.0  49831.24 99 
110529.0  49831.21 99 
110530.0  49831.18 99 
110531.0  49831.16 99 
110532.0  49830.96 99 
110533.0  49830.92 99 
110534.0  49830.89 99 
110535.0  49830.86 99 
110536.0  49830.94 99 
110537.0  49830.93 99 
110538.0  49830.90 99 
110539.0  49830.94 99 
110540.0  49830.94 99 
110541.0  49830.92 99 
110542.0  49830.75 99 
110543.0  49830.44 99 
110544.0  49830.35 99 
110545.0  49830.45 99 
110546.0  49830.42 99 
110547.0  49830.43 99 
110548.0  49830.33 99 
110549.0  49830.32 99 
110550.0  49830.48 99 
110551.0  49830.58 99 
110552.0  49830.70 99 
110553.0  49830.84 99 
110554.0  49830.93 99 
110555.0  49831.09 99 
110556.0  49831.31 99 
110557.0  49831.36 99 
110558.0  49831.42 99 
110559.0  49831.46 99 
110600.0  49831.62 99 
110601.0  49831.69 99 
110602.0  49831.49 99 
110603.0  49831.37 99 
110604.0  49831.27 99 
110605.0  49831.26 99 
110606.0  49831.27 99 
110607.0  49831.17 99 
110608.0  49831.14 99 
110609.0  49831.14 99 
110610.0  49831.16 99 
110611.0  49831.11 99 
110612.0  49831.12 99 
110613.0  49831.14 99 
110614.0  49831.14 99 
110615.0  49831.19 99 
110616.0  49831.07 99 
110617.0  49831.01 99 
110618.0  49831.02 99 
110619.0  49831.02 99 
110620.0  49831.05 99 
110621.0  49831.09 99 
110622.0  49831.11 99 
110623.0  49831.11 99 
110624.0  49831.14 99 
110625.0  49831.12 99 
110626.0  49831.14 99 
110627.0  49831.12 99 
110628.0  49831.13 99 
110629.0  49831.15 99 
110630.0  49831.17 99 
110631.0  49831.17 99 
110632.0  49831.12 99 
110633.0  49831.03 99 
110634.0  49831.01 99 
110635.0  49831.18 99 
110636.0  49831.24 99 
110637.0  49831.27 99 
110638.0  49831.34 99 
110639.0  49831.38 99 
110640.0  49831.29 99 
110641.0  49831.16 99 
110642.0  49831.04 99 
110643.0  49830.87 99 
110644.0  49830.73 99 
110645.0  49830.93 99 
110646.0  49831.00 99 
110647.0  49830.91 99 
110648.0  49830.95 99 
110649.0  49830.98 99 
110650.0  49830.68 99 
110651.0  49830.58 99 
110652.0  49830.46 99 
110653.0  49830.48 99 
110654.0  49830.58 99 
110655.0  49830.56 99 
110656.0  49830.13 99 
110657.0  49830.06 99 
110658.0  49830.63 99 
110659.0  49831.15 99 
110700.0  49831.35 99 
110701.0  49831.33 99 
110702.0  49831.34 99 
110703.0  49831.27 99 
110704.0  49831.29 99 
110705.0  49831.29 99 
110706.0  49831.28 99 
110707.0  49831.23 99 
110708.0  49831.11 99 
110709.0  49831.14 99 
110710.0  49831.10 99 
110711.0  49831.17 99 
110712.0  49831.34 99 
110713.0  49831.33 99 
110714.0  49831.31 99 
110715.0  49831.26 99 
110716.0  49831.25 99 
110717.0  49831.27 99 
110718.0  49831.19 99 
110719.0  49831.12 99 
110720.0  49831.21 99 
110721.0  49831.22 99 
110722.0  49831.21 99 
110723.0  49831.15 99 
110724.0  49831.14 99 
110725.0  49831.08 99 
110726.0  49831.06 99 
110727.0  49831.10 99 
110728.0  49831.10 99 
110729.0  49831.08 99 
110730.0  49831.07 99 
110731.0  49831.07 99 
110732.0  49831.09 99 
110733.0  49831.10 99 
110734.0  49831.08 99 
110735.0  49830.96 99 
110736.0  49830.79 99 
110737.0  49830.60 99 
110738.0  49830.33 99 
110739.0  49830.29 99 
110740.0  49830.23 99 
110741.0  49830.29 99 
110742.0  49830.41 99 
110743.0  49830.50 99 
110744.0  49830.59 99 
110745.0  49830.63 99 
110746.0  49830.66 99 
110747.0  49830.69 99 
110748.0  49830.88 99 
110749.0  49830.92 99 
110750.0  49830.87 99 
110751.0  49830.83 99 
110752.0  49830.91 99 
110753.0  49830.82 99 
110754.0  49830.80 99 
110755.0  49830.83 99 
110756.0  49830.81 99 
110757.0  49830.86 99 
110758.0  49830.88 99 
110759.0  49830.93 99 
110800.0  49830.95 99 
110801.0  49830.99 99 
110802.0  49830.97 99 
110803.0  49831.00 99 
110804.0  49831.06 99 
110805.0  49831.05 99 
110806.0  49831.03 99 
110807.0  49830.98 99 
110808.0  49830.97 99 
110809.0  49831.01 99 
110810.0  49831.09 99 
110811.0  49831.12 99 
110812.0  49831.23 99 
110813.0  49831.31 99 
110814.0  49831.32 99 
110815.0  49831.38 99 
110816.0  49831.41 99 
110817.0  49831.43 99 
110818.0  49831.36 99 
110819.0  49831.30 99 
110820.0  49831.19 99 
110821.0  49831.17 99 
110822.0  49831.11 99 
110823.0  49831.07 99 
110824.0  49831.05 99 
110825.0  49830.96 99 
110826.0  49831.03 99 
110827.0  49831.01 99 
110828.0  49830.97 99 
110829.0  49831.02 99 
110830.0  49831.25 99 
110831.0  49831.33 99 
110832.0  49831.37 99 
110833.0  49831.36 99 
110834.0  49831.39 99 
110835.0  49831.37 99 
110836.0  49831.39 99 
110837.0  49831.36 99 
110838.0  49831.38 99 
110839.0  49831.40 99 
110840.0  49831.40 99 
110841.0  49831.38 99 
110842.0  49831.38 99 
110843.0  49831.37 99 
110844.0  49831.38 99 
110845.0  49831.37 99 
110846.0  49831.27 99 
110847.0  49831.13 99 
110848.0  49831.24 99 
110849.0  49831.24 99 
110850.0  49831.20 99 
110851.0  49831.18 99 
110852.0  49831.12 99 
110853.0  49830.99 99 
110854.0  49830.76 99 
110855.0  49830.65 99 
110856.0  49830.74 99 
110857.0  49830.96 99 
110858.0  49831.09 99 
110859.0  49831.12 99 
110900.0  49831.11 99 
110901.0  49831.06 99 
110902.0  49831.07 99 
110903.0  49831.18 99 
110904.0  49831.26 99 
110905.0  49831.39 99 
110906.0  49831.33 99 
110907.0  49831.23 99 
110908.0  49831.30 99 
110909.0  49831.32 99 
110910.0  49831.32 99 
110911.0  49831.40 99 
110912.0  49831.50 99 
110913.0  49831.56 99 
110914.0  49831.63 99 
110915.0  49831.70 99 
110916.0  49831.69 99 
110917.0  49831.73 99 
110918.0  49831.69 99 
110919.0  49831.71 99 
110920.0  49831.73 99 
110921.0  49831.61 99 
110922.0  49831.43 99 
110923.0  49831.24 99 
110924.0  49831.06 99 
110925.0  49831.00 99 
110926.0  49830.98 99 
110927.0  49830.89 99 
110928.0  49830.94 99 
110929.0  49830.99 99 
110930.0  49831.04 99 
110931.0  49831.07 99 
110932.0  49831.03 99 
110933.0  49831.05 99 
110934.0  49831.02 99 
110935.0  49830.97 99 
110936.0  49831.00 99 
110937.0  49831.10 99 
110938.0  49831.13 99 
110939.0  49831.13 99 
110940.0  49831.17 99 
110941.0  49831.33 99 
110942.0  49831.38 99 
110943.0  49831.38 99 
110944.0  49831.35 99 
110945.0  49831.31 99 
110946.0  49831.33 99 
110947.0  49831.35 99 
110948.0  49831.34 99 
110949.0  49831.37 99 
110950.0  49831.41 99 
110951.0  49831.48 99 
110952.0  49831.44 99 
110953.0  49831.48 99 
110954.0  49831.57 99 
110955.0  49831.61 99 
110956.0  49831.62 99 
110957.0  49831.66 99 
110958.0  49831.63 99 
110959.0  49831.61 99 
111000.0  49831.58 99 
111001.0  49831.54 99 
111002.0  49831.52 99 
111003.0  49831.53 99 
111004.0  49831.47 99 
111005.0  49831.50 99 
111006.0  49831.48 99 
111007.0  49831.44 99 
111008.0  49831.43 99 
111009.0  49831.39 99 
111010.0  49831.39 99 
111011.0  49831.40 99 
111012.0  49831.40 99 
111013.0  49831.48 99 
111014.0  49831.53 99 
111015.0  49831.54 99 
111016.0  49831.58 99 
111017.0  49831.58 99 
111018.0  49831.55 99 
111019.0  49831.50 99 
111020.0  49831.51 99 
111021.0  49831.49 99 
111022.0  49831.39 99 
111023.0  49831.39 99 
111024.0  49831.43 99 
111025.0  49831.42 99 
111026.0  49831.43 99 
111027.0  49831.59 99 
111028.0  49831.53 99 
111029.0  49831.55 99 
111030.0  49831.55 99 
111031.0  49831.51 99 
111032.0  49831.54 99 
111033.0  49831.47 99 
111034.0  49831.29 99 
111035.0  49831.17 99 
111036.0  49831.03 99 
111037.0  49830.92 99 
111038.0  49830.99 99 
111039.0  49830.91 99 
111040.0  49830.88 99 
111041.0  49830.86 99 
111042.0  49830.84 99 
111043.0  49830.99 99 
111044.0  49831.12 99 
111045.0  49831.26 99 
111046.0  49831.33 99 
111047.0  49831.39 99 
111048.0  49831.29 99 
111049.0  49831.34 99 
111050.0  49831.41 99 
111051.0  49831.55 99 
111052.0  49831.68 99 
111053.0  49831.66 99 
111054.0  49831.65 99 
111055.0  49831.72 99 
111056.0  49831.69 99 
111057.0  49831.76 99 
111058.0  49831.75 99 
111059.0  49831.78 99 
111100.0  49831.81 99 
111101.0  49831.82 99 
111102.0  49831.76 99 
111103.0  49831.71 99 
111104.0  49831.71 99 
111105.0  49831.65 99 
111106.0  49831.56 99 
111107.0  49831.52 99 
111108.0  49831.50 99 
111109.0  49831.52 99 
111110.0  49831.52 99 
111111.0  49831.52 99 
111112.0  49831.48 99 
111113.0  49831.50 99 
111114.0  49831.59 99 
111115.0  49831.63 99 
111116.0  49831.61 99 
111117.0  49831.58 99 
111118.0  49831.60 99 
111119.0  49831.63 99 
111120.0  49831.61 99 
111121.0  49831.66 99 
111122.0  49831.65 99 
111123.0  49831.68 99 
111124.0  49831.60 99 
111125.0  49831.62 99 
111126.0  49831.61 99 
111127.0  49831.64 99 
111128.0  49831.68 99 
111129.0  49831.66 99 
111130.0  49831.72 99 
111131.0  49831.78 99 
111132.0  49831.81 99 
111133.0  49831.78 99 
111134.0  49831.74 99 
111135.0  49831.69 99 
111136.0  49831.64 99 
111137.0  49831.63 99 
111138.0  49831.59 99 
111139.0  49831.70 99 
111140.0  49831.69 99 
111141.0  49831.64 99 
111142.0  49831.57 99 
111143.0  49831.47 99 
111144.0  49831.45 99 
111145.0  49831.46 99 
111146.0  49831.34 99 
111147.0  49831.24 99 
111148.0  49831.52 99 
111149.0  49831.55 99 
111150.0  49831.46 99 
111151.0  49831.44 99 
111152.0  49831.47 99 
111153.0  49831.44 99 
111154.0  49831.50 99 
111155.0  49831.55 99 
111156.0  49831.60 99 
111157.0  49831.68 99 
111158.0  49831.75 99 
111159.0  49831.77 99 
111200.0  49831.81 99 
111201.0  49831.94 99 
111202.0  49831.95 99 
111203.0  49831.84 99 
111204.0  49831.84 99 
111205.0  49831.87 99 
111206.0  49831.94 99 
111207.0  49831.85 99 
111208.0  49831.80 99 
111209.0  49831.74 99 
111210.0  49831.74 99 
111211.0  49831.68 99 
111212.0  49831.61 99 
111213.0  49831.59 99 
111214.0  49831.69 99 
111215.0  49831.86 99 
111216.0  49831.91 99 
111217.0  49831.91 99 
111218.0  49831.85 99 
111219.0  49831.88 99 
111220.0  49831.94 99 
111221.0  49831.94 99 
111222.0  49832.00 99 
111223.0  49832.02 99 
111224.0  49831.95 99 
111225.0  49831.95 99 
111226.0  49831.90 99 
111227.0  49831.90 99 
111228.0  49831.90 99 
111229.0  49831.94 99 
111230.0  49831.98 99 
111231.0  49831.98 99 
111232.0  49832.01 99 
111233.0  49831.98 99 
111234.0  49831.97 99 
111235.0  49832.03 99 
111236.0  49831.96 99 
111237.0  49831.84 99 
111238.0  49831.71 99 
111239.0  49831.63 99 
111240.0  49831.57 99 
111241.0  49831.57 99 
111242.0  49831.54 99 
111243.0  49831.60 99 
111244.0  49831.63 99 
111245.0  49831.74 99 
111246.0  49831.83 99 
111247.0  49832.05 99 
111248.0  49832.17 99 
111249.0  49832.23 99 
111250.0  49832.25 99 
111251.0  49832.19 99 
111252.0  49832.19 99 
111253.0  49832.15 99 
111254.0  49832.08 99 
111255.0  49832.04 99 
111256.0  49831.97 99 
111257.0  49831.87 99 
111258.0  49831.79 99 
111259.0  49831.77 99 
111300.0  49831.87 99 
111301.0  49831.87 99 
111302.0  49831.95 99 
111303.0  49831.91 99 
111304.0  49831.91 99 
111305.0  49831.89 99 
111306.0  49831.94 99 
111307.0  49831.96 99 
111308.0  49831.97 99 
111309.0  49831.98 99 
111310.0  49832.02 99 
111311.0  49832.03 99 
111312.0  49832.06 99 
111313.0  49832.03 99 
111314.0  49832.05 99 
111315.0  49832.11 99 
111316.0  49832.10 99 
111317.0  49832.11 99 
111318.0  49832.09 99 
111319.0  49832.10 99 
111320.0  49832.17 99 
111321.0  49832.17 99 
111322.0  49832.16 99 
111323.0  49832.23 99 
111324.0  49832.28 99 
111325.0  49832.27 99 
111326.0  49832.25 99 
111327.0  49832.32 99 
111328.0  49832.40 99 
111329.0  49832.51 99 
111330.0  49832.59 99 
111331.0  49832.57 99 
111332.0  49832.47 99 
111333.0  49832.39 99 
111334.0  49832.37 99 
111335.0  49832.41 99 
111336.0  49832.43 99 
111337.0  49832.48 99 
111338.0  49832.50 99 
111339.0  49832.48 99 
111340.0  49832.41 99 
111341.0  49832.30 99 
111342.0  49832.20 99 
111343.0  49832.18 99 
111344.0  49832.21 99 
111345.0  49832.21 99 
111346.0  49832.10 99 
111347.0  49832.18 99 
111348.0  49832.18 99 
111349.0  49832.23 99 
111350.0  49832.21 99 
111351.0  49832.20 99 
111352.0  49832.22 99 
111353.0  49832.19 99 
111354.0  49832.20 99 
111355.0  49832.18 99 
111356.0  49832.15 99 
111357.0  49832.10 99 
111358.0  49832.05 99 
111359.0  49832.06 99 
111400.0  49832.17 99 
111401.0  49832.24 99 
111402.0  49832.26 99 
111403.0  49832.09 99 
111404.0  49832.07 99 
111405.0  49832.13 99 
111406.0  49832.20 99 
111407.0  49832.25 99 
111408.0  49832.27 99 
111409.0  49832.29 99 
111410.0  49832.29 99 
111411.0  49832.35 99 
111412.0  49832.46 99 
111413.0  49832.43 99 
111414.0  49832.40 99 
111415.0  49832.43 99 
111416.0  49832.49 99 
111417.0  49832.47 99 
111418.0  49832.38 99 
111419.0  49832.36 99 
111420.0  49832.35 99 
111421.0  49832.33 99 
111422.0  49832.29 99 
111423.0  49832.26 99 
111424.0  49832.25 99 
111425.0  49832.24 99 
111426.0  49832.28 99 
111427.0  49832.27 99 
111428.0  49832.28 99 
111429.0  49832.28 99 
111430.0  49832.32 99 
111431.0  49832.32 99 
111432.0  49832.39 99 
111433.0  49832.41 99 
111434.0  49832.41 99 
111435.0  49832.41 99 
111436.0  49832.40 99 
111437.0  49832.39 99 
111438.0  49832.34 99 
111439.0  49832.32 99 
111440.0  49832.29 99 
111441.0  49832.30 99 
111442.0  49832.22 99 
111443.0  49834.27 99 
111444.0  49832.65 99 
111445.0  49832.02 99 
111446.0  49831.81 99 
111447.0  49831.78 99 
111448.0  49831.78 99 
111449.0  49831.90 99 
111450.0  49832.02 99 
111451.0  49832.03 99 
111452.0  49832.06 99 
111453.0  49832.18 99 
111454.0  49832.37 99 
111455.0  49832.44 99 
111456.0  49832.44 99 
111457.0  49832.43 99 
111458.0  49832.41 99 
111459.0  49832.43 99 
111500.0  49832.46 99 
111501.0  49832.44 99 
111502.0  49832.39 99 
111503.0  49832.39 99 
111504.0  49832.41 99 
111505.0  49832.37 99 
111506.0  49832.34 99 
111507.0  49832.36 99 
111508.0  49832.31 99 
111509.0  49832.37 99 
111510.0  49832.48 99 
111511.0  49832.58 99 
111512.0  49832.66 99 
111513.0  49832.69 99 
111514.0  49832.64 99 
111515.0  49832.56 99 
111516.0  49832.47 99 
111517.0  49832.44 99 
111518.0  49832.35 99 
111519.0  49832.32 99 
111520.0  49832.29 99 
111521.0  49832.30 99 
111522.0  49832.34 99 
111523.0  49832.38 99 
111524.0  49832.42 99 
111525.0  49832.47 99 
111526.0  49832.42 99 
111527.0  49832.37 99 
111528.0  49832.32 99 
111529.0  49832.38 99 
111530.0  49832.43 99 
111531.0  49832.44 99 
111532.0  49832.36 99 
111533.0  49832.16 99 
111534.0  49831.95 99 
111535.0  49831.90 99 
111536.0  49831.76 99 
111537.0  49831.73 99 
111538.0  49831.69 99 
111539.0  49831.68 99 
111540.0  49831.64 99 
111541.0  49831.71 99 
111542.0  49831.73 99 
111543.0  49831.78 99 
111544.0  49831.98 99 
111545.0  49832.09 99 
111546.0  49832.07 99 
111547.0  49832.10 99 
111548.0  49832.02 99 
111549.0  49831.97 99 
111550.0  49832.02 99 
111551.0  49832.01 99 
111552.0  49832.01 99 
111553.0  49832.00 99 
111554.0  49831.95 99 
111555.0  49831.94 99 
111556.0  49831.94 99 
111557.0  49831.76 99 
111558.0  49831.71 99 
111559.0  49831.56 99 
111600.0  49831.60 99 
111601.0  49831.84 99 
111602.0  49832.02 99 
111603.0  49832.25 99 
111604.0  49832.28 99 
111605.0  49832.26 99 
111606.0  49832.25 99 
111607.0  49832.20 99 
111608.0  49832.25 99 
111609.0  49832.37 99 
111610.0  49832.51 99 
111611.0  49832.55 99 
111612.0  49832.55 99 
111613.0  49832.58 99 
111614.0  49832.53 99 
111615.0  49832.57 99 
111616.0  49832.52 99 
111617.0  49832.53 99 
111618.0  49832.49 99 
111619.0  49832.48 99 
111620.0  49832.46 99 
111621.0  49832.44 99 
111622.0  49832.41 99 
111623.0  49832.38 99 
111624.0  49832.39 99 
111625.0  49832.44 99 
111626.0  49832.54 99 
111627.0  49832.51 99 
111628.0  49832.40 99 
111629.0  49832.29 99 
111630.0  49832.36 99 
111631.0  49832.72 99 
111632.0  49832.69 99 
111633.0  49832.22 99 
111634.0  49831.97 99 
111635.0  49832.02 99 
111636.0  49831.98 99 
111637.0  49831.98 99 
111638.0  49832.07 99 
111639.0  49832.29 99 
111640.0  49832.35 99 
111641.0  49832.39 99 
111642.0  49832.39 99 
111643.0  49832.34 99 
111644.0  49832.35 99 
111645.0  49832.32 99 
111646.0  49832.33 99 
111647.0  49832.32 99 
111648.0  49832.34 99 
111649.0  49832.34 99 
111650.0  49832.35 99 
111651.0  49832.34 99 
111652.0  49832.23 99 
111653.0  49832.09 99 
111654.0  49831.99 99 
111655.0  49831.99 99 
111656.0  49831.90 99 
111657.0  49831.69 99 
111658.0  49831.56 99 
111659.0  49831.72 99 
111700.0  49831.93 99 
111701.0  49832.13 99 
111702.0  49832.23 99 
111703.0  49832.23 99 
111704.0  49832.20 99 
111705.0  49832.11 99 
111706.0  49832.04 99 
111707.0  49832.04 99 
111708.0  49831.81 99 
111709.0  49831.58 99 
111710.0  49831.45 99 
111711.0  49831.41 99 
111712.0  49831.40 99 
111713.0  49831.31 99 
111714.0  49831.34 99 
111715.0  49831.76 99 
111716.0  49831.93 99 
111717.0  49832.03 99 
111718.0  49832.04 99 
111719.0  49832.00 99 
111720.0  49832.08 99 
111721.0  49832.20 99 
111722.0  49832.05 99 
111723.0  49832.05 99 
111724.0  49832.06 99 
111725.0  49832.07 99 
111726.0  49831.97 99 
111727.0  49832.00 99 
111728.0  49832.04 99 
111729.0  49832.05 99 
111730.0  49832.08 99 
111731.0  49832.17 99 
111732.0  49832.25 99 
111733.0  49832.26 99 
111734.0  49832.21 99 
111735.0  49832.12 99 
111736.0  49832.18 99 
111737.0  49832.16 99 
111738.0  49832.08 99 
111739.0  49831.99 99 
111740.0  49831.75 99 
111741.0  49831.72 99 
111742.0  49831.90 99 
111743.0  49831.88 99 
111744.0  49831.80 99 
111745.0  49831.89 99 
111746.0  49831.94 99 
111747.0  49831.85 99 
111748.0  49831.68 99 
111749.0  49831.78 99 
111750.0  49831.98 99 
111751.0  49832.02 99 
111752.0  49832.11 99 
111753.0  49832.24 99 
111754.0  49832.36 99 
111755.0  49832.46 99 
111756.0  49832.50 99 
111757.0  49832.60 99 
111758.0  49832.62 99 
111759.0  49832.58 99 
111800.0  49832.58 99 
111801.0  49832.49 99 
111802.0  49832.47 99 
111803.0  49832.60 99 
111804.0  49832.58 99 
111805.0  49832.57 99 
111806.0  49832.57 99 
111807.0  49832.41 99 
111808.0  49832.24 99 
111809.0  49832.10 99 
111810.0  49832.07 99 
111811.0  49831.98 99 
111812.0  49831.91 99 
111813.0  49831.92 99 
111814.0  49831.94 99 
111815.0  49832.03 99 
111816.0  49832.02 99 
111817.0  49832.23 99 
111818.0  49832.52 99 
111819.0  49832.62 99 
111820.0  49832.64 99 
111821.0  49832.65 99 
111822.0  49832.68 99 
111823.0  49832.65 99 
111824.0  49832.65 99 
111825.0  49832.65 99 
111826.0  49832.64 99 
111827.0  49832.63 99 
111828.0  49832.65 99 
111829.0  49832.55 99 
111830.0  49832.44 99 
111831.0  49832.42 99 
111832.0  49832.60 99 
111833.0  49832.58 99 
111834.0  49832.53 99 
111835.0  49832.51 99 
111836.0  49832.64 99 
111837.0  49832.64 99 
111838.0  49832.67 99 
111839.0  49832.59 99 
111840.0  49832.56 99 
111841.0  49832.50 99 
111842.0  49832.59 99 
111843.0  49832.53 99 
111844.0  49832.50 99 
111845.0  49832.52 99 
111846.0  49832.49 99 
111847.0  49832.47 99 
111848.0  49832.41 99 
111849.0  49832.41 99 
111850.0  49832.34 99 
111851.0  49832.33 99 
111852.0  49832.38 99 
111853.0  49832.38 99 
111854.0  49832.34 99 
111855.0  49832.33 99 
111856.0  49832.32 99 
111857.0  49832.35 99 
111858.0  49832.43 99 
111859.0  49832.57 99 
111900.0  49832.60 99 
111901.0  49832.53 99 
111902.0  49832.35 99 
111903.0  49832.03 99 
111904.0  49831.90 99 
111905.0  49831.91 99 
111906.0  49831.98 99 
111907.0  49832.06 99 
111908.0  49832.10 99 
111909.0  49832.17 99 
111910.0  49832.18 99 
111911.0  49832.26 99 
111912.0  49832.44 99 
111913.0  49832.58 99 
111914.0  49832.63 99 
111915.0  49832.68 99 
111916.0  49832.64 99 
111917.0  49832.68 99 
111918.0  49832.66 99 
111919.0  49832.60 99 
111920.0  49832.51 99 
111921.0  49832.60 99 
111922.0  49832.71 99 
111923.0  49832.71 99 
111924.0  49832.68 99 
111925.0  49832.70 99 
111926.0  49832.70 99 
111927.0  49832.70 99 
111928.0  49832.73 99 
111929.0  49832.72 99 
111930.0  49832.69 99 
111931.0  49832.64 99 
111932.0  49832.60 99 
111933.0  49832.60 99 
111934.0  49832.61 99 
111935.0  49832.49 99 
111936.0  49832.43 99 
111937.0  49832.39 99 
111938.0  49832.50 99 
111939.0  49832.50 99 
111940.0  49832.50 99 
111941.0  49832.47 99 
111942.0  49832.35 99 
111943.0  49832.11 99 
111944.0  49831.99 99 
111945.0  49832.11 99 
111946.0  49832.43 99 
111947.0  49832.39 99 
111948.0  49832.22 99 
111949.0  49832.17 99 
111950.0  49832.10 99 
111951.0  49832.07 99 
111952.0  49832.04 99 
111953.0  49832.05 99 
111954.0  49832.07 99 
111955.0  49832.11 99 
111956.0  49832.14 99 
111957.0  49832.16 99 
111958.0  49832.18 99 
111959.0  49832.19 99 
112000.0  49832.43 99 
112001.0  49832.61 99 
112002.0  49832.65 99 
112003.0  49832.66 99 
112004.0  49832.60 99 
112005.0  49832.60 99 
112006.0  49832.61 99 
112007.0  49832.62 99 
112008.0  49832.62 99 
112009.0  49832.67 99 
112010.0  49832.61 99 
112011.0  49832.51 99 
112012.0  49832.48 99 
112013.0  49832.47 99 
112014.0  49832.57 99 
112015.0  49832.63 99 
112016.0  49832.45 99 
112017.0  49832.28 99 
112018.0  49832.16 99 
112019.0  49832.35 99 
112020.0  49832.26 99 
112021.0  49832.19 99 
112022.0  49831.98 99 
112023.0  49831.88 99 
112024.0  49831.93 99 
112025.0  49832.00 99 
112026.0  49831.98 99 
112027.0  49832.16 99 
112028.0  49832.24 99 
112029.0  49832.22 99 
112030.0  49832.20 99 
112031.0  49832.22 99 
112032.0  49832.36 99 
112033.0  49832.43 99 
112034.0  49832.51 99 
112035.0  49832.68 99 
112036.0  49832.67 99 
112037.0  49832.70 99 
112038.0  49832.76 99 
112039.0  49832.76 99 
112040.0  49832.76 99 
112041.0  49832.73 99 
112042.0  49832.68 99 
112043.0  49832.58 99 
112044.0  49832.53 99 
112045.0  49832.50 99 
112046.0  49832.73 99 
112047.0  49832.87 99 
112048.0  49832.77 99 
112049.0  49832.73 99 
112050.0  49832.69 99 
112051.0  49832.74 99 
112052.0  49832.79 99 
112053.0  49832.81 99 
112054.0  49832.83 99 
112055.0  49832.86 99 
112056.0  49832.85 99 
112057.0  49832.84 99 
112058.0  49832.81 99 
112059.0  49832.82 99 
112100.0  49832.71 99 
112101.0  49832.48 99 
112102.0  49832.44 99 
112103.0  49832.37 99 
112104.0  49832.49 99 
112105.0  49832.57 99 
112106.0  49832.56 99 
112107.0  49832.56 99 
112108.0  49832.53 99 
112109.0  49832.58 99 
112110.0  49832.65 99 
112111.0  49832.98 99 
112112.0  49832.94 99 
112113.0  49832.89 99 
112114.0  49832.84 99 
112115.0  49832.79 99 
112116.0  49832.76 99 
112117.0  49832.85 99 
112118.0  49832.82 99 
112119.0  49832.89 99 
112120.0  49832.86 99 
112121.0  49832.86 99 
112122.0  49832.86 99 
112123.0  49832.82 99 
112124.0  49832.83 99 
112125.0  49832.86 99 
112126.0  49832.84 99 
112127.0  49832.95 99 
112128.0  49832.91 99 
112129.0  49832.76 99 
112130.0  49832.70 99 
112131.0  49832.57 99 
112132.0  49832.45 99 
112133.0  49832.37 99 
112134.0  49832.42 99 
112135.0  49832.41 99 
112136.0  49832.48 99 
112137.0  49832.44 99 
112138.0  49832.29 99 
112139.0  49832.14 99 
112140.0  49832.06 99 
112141.0  49832.11 99 
112142.0  49832.12 99 
112143.0  49832.17 99 
112144.0  49832.28 99 
112145.0  49832.32 99 
112146.0  49832.43 99 
112147.0  49832.43 99 
112148.0  49832.38 99 
112149.0  49832.39 99 
112150.0  49832.50 99 
112151.0  49832.59 99 
112152.0  49832.57 99 
112153.0  49832.59 99 
112154.0  49832.75 99 
112155.0  49833.00 99 
112156.0  49833.04 99 
112157.0  49833.05 99 
112158.0  49833.05 99 
112159.0  49833.11 99 
112200.0  49833.18 99 
112201.0  49833.23 99 
112202.0  49833.17 99 
112203.0  49833.15 99 
112204.0  49833.15 99 
112205.0  49833.16 99 
112206.0  49833.12 99 
112207.0  49833.17 99 
112208.0  49833.16 99 
112209.0  49833.07 99 
112210.0  49832.96 99 
112211.0  49832.94 99 
112212.0  49832.89 99 
112213.0  49833.02 99 
112214.0  49833.19 99 
112215.0  49833.25 99 
112216.0  49833.23 99 
112217.0  49833.10 99 
112218.0  49833.06 99 
112219.0  49833.08 99 
112220.0  49833.05 99 
112221.0  49832.98 99 
112222.0  49833.08 99 
112223.0  49833.05 99 
112224.0  49832.96 99 
112225.0  49832.83 99 
112226.0  49832.84 99 
112227.0  49832.92 99 
112228.0  49833.00 99 
112229.0  49833.03 99 
112230.0  49833.12 99 
112231.0  49833.12 99 
112232.0  49833.11 99 
112233.0  49833.14 99 
112234.0  49833.15 99 
112235.0  49833.23 99 
112236.0  49833.19 99 
112237.0  49833.22 99 
112238.0  49833.21 99 
112239.0  49833.20 99 
112240.0  49833.21 99 
112241.0  49833.27 99 
112242.0  49833.23 99 
112243.0  49833.23 99 
112244.0  49833.24 99 
112245.0  49833.30 99 
112246.0  49833.27 99 
112247.0  49833.28 99 
112248.0  49833.30 99 
112249.0  49833.27 99 
112250.0  49833.29 99 
112251.0  49833.28 99 
112252.0  49833.24 99 
112253.0  49833.18 99 
112254.0  49833.11 99 
112255.0  49833.08 99 
112256.0  49833.22 99 
112257.0  49833.25 99 
112258.0  49833.27 99 
112259.0  49833.27 99 
112300.0  49833.28 99 
112301.0  49833.30 99 
112302.0  49833.29 99 
112303.0  49833.32 99 
112304.0  49833.29 99 
112305.0  49833.24 99 
112306.0  49833.17 99 
112307.0  49833.15 99 
112308.0  49833.09 99 
112309.0  49833.05 99 
112310.0  49832.95 99 
112311.0  49832.83 99 
112312.0  49832.75 99 
112313.0  49832.74 99 
112314.0  49832.82 99 
112315.0  49832.84 99 
112316.0  49832.91 99 
112317.0  49832.94 99 
112318.0  49832.92 99 
112319.0  49832.94 99 
112320.0  49832.94 99 
112321.0  49833.02 99 
112322.0  49833.12 99 
112323.0  49833.12 99 
112324.0  49833.11 99 
112325.0  49833.12 99 
112326.0  49833.16 99 
112327.0  49833.14 99 
112328.0  49833.16 99 
112329.0  49833.14 99 
112330.0  49833.17 99 
112331.0  49833.19 99 
112332.0  49833.16 99 
112333.0  49833.17 99 
112334.0  49833.14 99 
112335.0  49833.16 99 
112336.0  49833.17 99 
112337.0  49833.21 99 
112338.0  49833.22 99 
112339.0  49833.22 99 
112340.0  49833.23 99 
112341.0  49833.22 99 
112342.0  49833.23 99 
112343.0  49833.29 99 
112344.0  49833.30 99 
112345.0  49833.35 99 
112346.0  49833.34 99 
112347.0  49833.28 99 
112348.0  49833.21 99 
112349.0  49833.12 99 
112350.0  49833.13 99 
112351.0  49833.10 99 
112352.0  49833.11 99 
112353.0  49833.16 99 
112354.0  49833.05 99 
112355.0  49832.82 99 
112356.0  49832.97 99 
112357.0  49833.08 99 
112358.0  49833.07 99 
112359.0  49833.09 99 
112400.0  49833.20 99 
112401.0  49833.43 99 
112402.0  49833.51 99 
112403.0  49833.43 99 
112404.0  49833.43 99 
112405.0  49833.52 99 
112406.0  49833.56 99 
112407.0  49833.62 99 
112408.0  49833.60 99 
112409.0  49833.54 99 
112410.0  49833.56 99 
112411.0  49833.64 99 
112412.0  49833.65 99 
112413.0  49833.62 99 
112414.0  49833.65 99 
112415.0  49833.62 99 
112416.0  49833.52 99 
112417.0  49833.38 99 
112418.0  49833.43 99 
112419.0  49833.53 99 
112420.0  49833.54 99 
112421.0  49833.58 99 
112422.0  49833.62 99 
112423.0  49833.64 99 
112424.0  49833.63 99 
112425.0  49833.63 99 
112426.0  49833.64 99 
112427.0  49833.64 99 
112428.0  49833.63 99 
112429.0  49833.65 99 
112430.0  49833.67 99 
112431.0  49833.68 99 
112432.0  49833.69 99 
112433.0  49833.68 99 
112434.0  49833.69 99 
112435.0  49833.68 99 
112436.0  49833.71 99 
112437.0  49833.72 99 
112438.0  49833.78 99 
112439.0  49833.78 99 
112440.0  49833.83 99 
112441.0  49833.81 99 
112442.0  49833.71 99 
112443.0  49833.63 99 
112444.0  49833.58 99 
112445.0  49833.49 99 
112446.0  49833.44 99 
112447.0  49833.38 99 
112448.0  49833.37 99 
112449.0  49833.34 99 
112450.0  49833.38 99 
112451.0  49833.35 99 
112452.0  49833.33 99 
112453.0  49833.30 99 
112454.0  49833.29 99 
112455.0  49833.26 99 
112456.0  49833.19 99 
112457.0  49833.26 99 
112458.0  49833.37 99 
112459.0  49833.39 99 
112500.0  49833.52 99 
112501.0  49833.56 99 
112502.0  49833.53 99 
112503.0  49833.55 99 
112504.0  49833.53 99 
112505.0  49833.52 99 
112506.0  49833.53 99 
112507.0  49833.57 99 
112508.0  49833.62 99 
112509.0  49833.61 99 
112510.0  49833.58 99 
112511.0  49833.56 99 
112512.0  49833.61 99 
112513.0  49833.67 99 
112514.0  49833.77 99 
112515.0  49833.86 99 
112516.0  49833.91 99 
112517.0  49833.86 99 
112518.0  49833.74 99 
112519.0  49833.69 99 
112520.0  49833.66 99 
112521.0  49833.67 99 
112522.0  49833.80 99 
112523.0  49833.79 99 
112524.0  49833.79 99 
112525.0  49833.81 99 
112526.0  49833.81 99 
112527.0  49833.77 99 
112528.0  49833.67 99 
112529.0  49833.71 99 
112530.0  49833.76 99 
112531.0  49833.77 99 
112532.0  49833.76 99 
112533.0  49833.70 99 
112534.0  49833.72 99 
112535.0  49833.70 99 
112536.0  49833.66 99 
112537.0  49833.69 99 
112538.0  49833.64 99 
112539.0  49833.59 99 
112540.0  49833.48 99 
112541.0  49833.22 99 
112542.0  49833.17 99 
112543.0  49833.15 99 
112544.0  49833.39 99 
112545.0  49833.50 99 
112546.0  49833.54 99 
112547.0  49833.54 99 
112548.0  49833.50 99 
112549.0  49833.47 99 
112550.0  49833.55 99 
112551.0  49833.67 99 
112552.0  49833.69 99 
112553.0  49833.72 99 
112554.0  49833.75 99 
112555.0  49833.78 99 
112556.0  49833.85 99 
112557.0  49833.85 99 
112558.0  49833.80 99 
112559.0  49833.82 99 
112600.0  49833.85 99 
112601.0  49833.83 99 
112602.0  49833.82 99 
112603.0  49833.75 99 
112604.0  49833.69 99 
112605.0  49833.60 99 
112606.0  49833.45 99 
112607.0  49833.42 99 
112608.0  49833.53 99 
112609.0  49833.53 99 
112610.0  49833.52 99 
112611.0  49833.58 99 
112612.0  49833.61 99 
112613.0  49833.60 99 
112614.0  49833.61 99 
112615.0  49833.67 99 
112616.0  49833.73 99 
112617.0  49833.73 99 
112618.0  49833.64 99 
112619.0  49833.58 99 
112620.0  49833.52 99 
112621.0  49833.64 99 
112622.0  49833.76 99 
112623.0  49833.77 99 
112624.0  49833.76 99 
112625.0  49833.76 99 
112626.0  49833.75 99 
112627.0  49833.83 99 
112628.0  49833.87 99 
112629.0  49833.96 99 
112630.0  49834.03 99 
112631.0  49834.10 99 
112632.0  49834.16 99 
112633.0  49834.17 99 
112634.0  49834.11 99 
112635.0  49834.01 99 
112636.0  49833.89 99 
112637.0  49833.88 99 
112638.0  49833.89 99 
112639.0  49833.84 99 
112640.0  49833.84 99 
112641.0  49833.87 99 
112642.0  49833.89 99 
112643.0  49833.94 99 
112644.0  49833.94 99 
112645.0  49834.10 99 
112646.0  49834.16 99 
112647.0  49833.99 99 
112648.0  49833.80 99 
112649.0  49833.81 99 
112650.0  49833.80 99 
112651.0  49833.81 99 
112652.0  49833.76 99 
112653.0  49833.75 99 
112654.0  49833.75 99 
112655.0  49833.78 99 
112656.0  49833.77 99 
112657.0  49833.74 99 
112658.0  49833.74 99 
112659.0  49833.74 99 
112700.0  49833.76 99 
112701.0  49833.73 99 
112702.0  49833.74 99 
112703.0  49833.64 99 
112704.0  49833.46 99 
112705.0  49833.22 99 
112706.0  49833.01 99 
112707.0  49832.94 99 
112708.0  49832.92 99 
112709.0  49832.87 99 
112710.0  49832.98 99 
112711.0  49833.39 99 
112712.0  49833.67 99 
112713.0  49833.79 99 
112714.0  49833.80 99 
112715.0  49833.84 99 
112716.0  49833.88 99 
112717.0  49833.80 99 
112718.0  49833.70 99 
112719.0  49833.65 99 
112720.0  49833.63 99 
112721.0  49833.51 99 
112722.0  49833.58 99 
112723.0  49833.77 99 
112724.0  49833.81 99 
112725.0  49833.84 99 
112726.0  49833.95 99 
112727.0  49834.02 99 
112728.0  49834.06 99 
112729.0  49834.07 99 
112730.0  49834.00 99 
112731.0  49834.02 99 
112732.0  49834.02 99 
112733.0  49834.05 99 
112734.0  49834.07 99 
112735.0  49834.07 99 
112736.0  49834.15 99 
112737.0  49834.25 99 
112738.0  49834.31 99 
112739.0  49834.36 99 
112740.0  49834.34 99 
112741.0  49834.27 99 
112742.0  49834.21 99 
112743.0  49833.98 99 
112744.0  49833.86 99 
112745.0  49833.82 99 
112746.0  49833.79 99 
112747.0  49833.86 99 
112748.0  49833.83 99 
112749.0  49833.82 99 
112750.0  49833.97 99 
112751.0  49833.90 99 
112752.0  49833.63 99 
112753.0  49833.43 99 
112754.0  49833.23 99 
112755.0  49833.06 99 
112756.0  49833.08 99 
112757.0  49833.06 99 
112758.0  49833.12 99 
112759.0  49833.16 99 
112800.0  49833.26 99 
112801.0  49833.30 99 
112802.0  49833.36 99 
112803.0  49833.36 99 
112804.0  49833.58 99 
112805.0  49833.75 99 
112806.0  49833.84 99 
112807.0  49833.84 99 
112808.0  49833.86 99 
112809.0  49833.88 99 
112810.0  49833.90 99 
112811.0  49833.88 99 
112812.0  49833.88 99 
112813.0  49833.90 99 
112814.0  49833.91 99 
112815.0  49833.94 99 
112816.0  49833.93 99 
112817.0  49833.93 99 
112818.0  49833.89 99 
112819.0  49833.87 99 
112820.0  49833.83 99 
112821.0  49833.85 99 
112822.0  49833.82 99 
112823.0  49833.79 99 
112824.0  49833.78 99 
112825.0  49833.81 99 
112826.0  49833.85 99 
112827.0  49833.83 99 
112828.0  49833.79 99 
112829.0  49833.84 99 
112830.0  49833.91 99 
112831.0  49833.94 99 
112832.0  49833.92 99 
112833.0  49833.93 99 
112834.0  49833.94 99 
112835.0  49833.95 99 
112836.0  49833.93 99 
112837.0  49833.93 99 
112838.0  49833.98 99 
112839.0  49834.05 99 
112840.0  49834.04 99 
112841.0  49834.05 99 
112842.0  49834.03 99 
112843.0  49834.03 99 
112844.0  49834.00 99 
112845.0  49834.01 99 
112846.0  49834.02 99 
112847.0  49834.01 99 
112848.0  49834.01 99 
112849.0  49833.99 99 
112850.0  49833.99 99 
112851.0  49833.97 99 
112852.0  49834.01 99 
112853.0  49834.10 99 
112854.0  49834.06 99 
112855.0  49834.10 99 
112856.0  49834.06 99 
112857.0  49834.00 99 
112858.0  49834.00 99 
112859.0  49833.98 99 
112900.0  49834.04 99 
112901.0  49834.04 99 
112902.0  49834.07 99 
112903.0  49834.08 99 
112904.0  49834.13 99 
112905.0  49834.18 99 
112906.0  49834.19 99 
112907.0  49834.15 99 
112908.0  49834.12 99 
112909.0  49834.03 99 
112910.0  49833.86 99 
112911.0  49833.88 99 
112912.0  49833.94 99 
112913.0  49833.93 99 
112914.0  49833.94 99 
112915.0  49833.98 99 
112916.0  49833.95 99 
112917.0  49834.02 99 
112918.0  49834.02 99 
112919.0  49834.00 99 
112920.0  49833.95 99 
112921.0  49833.95 99 
112922.0  49833.93 99 
112923.0  49833.89 99 
112924.0  49833.90 99 
112925.0  49833.91 99 
112926.0  49833.90 99 
112927.0  49833.92 99 
112928.0  49833.92 99 
112929.0  49834.00 99 
112930.0  49834.05 99 
112931.0  49834.00 99 
112932.0  49834.04 99 
112933.0  49834.07 99 
112934.0  49834.05 99 
112935.0  49833.96 99 
112936.0  49833.88 99 
112937.0  49833.86 99 
112938.0  49833.77 99 
112939.0  49833.70 99 
112940.0  49833.65 99 
112941.0  49833.57 99 
112942.0  49833.51 99 
112943.0  49833.55 99 
112944.0  49833.58 99 
112945.0  49833.65 99 
112946.0  49833.70 99 
112947.0  49833.81 99 
112948.0  49833.90 99 
112949.0  49833.96 99 
112950.0  49833.92 99 
112951.0  49833.84 99 
112952.0  49833.80 99 
112953.0  49833.77 99 
112954.0  49833.71 99 
112955.0  49833.78 99 
112956.0  49833.74 99 
112957.0  49833.72 99 
112958.0  49833.90 99 
112959.0  49833.97 99 
113000.0  49834.02 99 
113001.0  49834.05 99 
113002.0  49834.03 99 
113003.0  49834.00 99 
113004.0  49834.11 99 
113005.0  49834.07 99 
113006.0  49834.08 99 
113007.0  49834.05 99 
113008.0  49834.07 99 
113009.0  49834.04 99 
113010.0  49834.05 99 
113011.0  49834.04 99 
113012.0  49834.03 99 
113013.0  49833.95 99 
113014.0  49834.04 99 
113015.0  49834.18 99 
113016.0  49834.12 99 
113017.0  49834.13 99 
113018.0  49834.09 99 
113019.0  49834.06 99 
113020.0  49834.08 99 
113021.0  49834.07 99 
113022.0  49834.00 99 
113023.0  49833.99 99 
113024.0  49833.95 99 
113025.0  49833.97 99 
113026.0  49834.04 99 
113027.0  49834.08 99 
113028.0  49834.10 99 
113029.0  49834.10 99 
113030.0  49834.07 99 
113031.0  49834.07 99 
113032.0  49834.16 99 
113033.0  49834.17 99 
113034.0  49834.18 99 
113035.0  49834.07 99 
113036.0  49833.99 99 
113037.0  49833.94 99 
113038.0  49833.90 99 
113039.0  49833.96 99 
113040.0  49834.04 99 
113041.0  49834.15 99 
113042.0  49834.11 99 
113043.0  49834.11 99 
113044.0  49834.06 99 
113045.0  49834.13 99 
113046.0  49834.12 99 
113047.0  49834.17 99 
113048.0  49834.18 99 
113049.0  49834.22 99 
113050.0  49834.22 99 
113051.0  49834.17 99 
113052.0  49834.04 99 
113053.0  49833.95 99 
113054.0  49833.85 99 
113055.0  49833.80 99 
113056.0  49833.71 99 
113057.0  49833.73 99 
113058.0  49833.74 99 
113059.0  49833.71 99 
113100.0  49833.76 99 
113101.0  49833.74 99 
113102.0  49833.77 99 
113103.0  49833.78 99 
113104.0  49833.75 99 
113105.0  49833.91 99 
113106.0  49833.94 99 
113107.0  49833.90 99 
113108.0  49833.96 99 
113109.0  49834.03 99 
113110.0  49834.04 99 
113111.0  49834.06 99 
113112.0  49834.03 99 
113113.0  49833.99 99 
113114.0  49833.99 99 
113115.0  49833.99 99 
113116.0  49834.02 99 
113117.0  49833.98 99 
113118.0  49833.93 99 
113119.0  49833.94 99 
113120.0  49833.99 99 
113121.0  49834.05 99 
113122.0  49834.04 99 
113123.0  49833.91 99 
113124.0  49834.04 99 
113125.0  49834.04 99 
113126.0  49834.03 99 
113127.0  49834.06 99 
113128.0  49834.07 99 
113129.0  49834.08 99 
113130.0  49834.08 99 
113131.0  49834.10 99 
113132.0  49834.18 99 
113133.0  49834.19 99 
113134.0  49834.14 99 
113135.0  49834.12 99 
113136.0  49834.12 99 
113137.0  49834.12 99 
113138.0  49834.15 99 
113139.0  49834.17 99 
113140.0  49834.13 99 
113141.0  49834.10 99 
113142.0  49834.18 99 
113143.0  49834.19 99 
113144.0  49834.18 99 
113145.0  49834.30 99 
113146.0  49834.34 99 
113147.0  49834.48 99 
113148.0  49834.45 99 
113149.0  49834.42 99 
113150.0  49834.38 99 
113151.0  49834.44 99 
113152.0  49834.45 99 
113153.0  49834.38 99 
113154.0  49834.25 99 
113155.0  49834.23 99 
113156.0  49834.19 99 
113157.0  49834.17 99 
113158.0  49834.09 99 
113159.0  49834.11 99 
113200.0  49834.21 99 
113201.0  49834.22 99 
113202.0  49834.15 99 
113203.0  49834.12 99 
113204.0  49834.12 99 
113205.0  49834.11 99 
113206.0  49834.11 99 
113207.0  49834.11 99 
113208.0  49834.25 99 
113209.0  49834.25 99 
113210.0  49834.20 99 
113211.0  49834.15 99 
113212.0  49834.08 99 
113213.0  49834.09 99 
113214.0  49834.08 99 
113215.0  49834.16 99 
113216.0  49834.14 99 
113217.0  49834.14 99 
113218.0  49834.14 99 
113219.0  49834.12 99 
113220.0  49834.08 99 
113221.0  49834.00 99 
113222.0  49833.95 99 
113223.0  49833.83 99 
113224.0  49833.79 99 
113225.0  49833.67 99 
113226.0  49833.55 99 
113227.0  49833.46 99 
113228.0  49833.56 99 
113229.0  49833.62 99 
113230.0  49833.70 99 
113231.0  49833.70 99 
113232.0  49833.74 99 
113233.0  49833.74 99 
113234.0  49833.97 99 
113235.0  49834.00 99 
113236.0  49833.91 99 
113237.0  49833.79 99 
113238.0  49833.72 99 
113239.0  49833.72 99 
113240.0  49833.73 99 
113241.0  49833.77 99 
113242.0  49833.84 99 
113243.0  49833.88 99 
113244.0  49833.86 99 
113245.0  49833.88 99 
113246.0  49833.92 99 
113247.0  49833.89 99 
113248.0  49833.84 99 
113249.0  49833.83 99 
113250.0  49833.81 99 
113251.0  49833.81 99 
113252.0  49833.81 99 
113253.0  49833.81 99 
113254.0  49833.83 99 
113255.0  49833.81 99 
113256.0  49833.85 99 
113257.0  49833.96 99 
113258.0  49833.97 99 
113259.0  49834.02 99 
113300.0  49834.06 99 
113301.0  49834.05 99 
113302.0  49834.02 99 
113303.0  49834.01 99 
113304.0  49834.02 99 
113305.0  49834.00 99 
113306.0  49833.99 99 
113307.0  49833.96 99 
113308.0  49833.85 99 
113309.0  49833.81 99 
113310.0  49833.82 99 
113311.0  49833.83 99 
113312.0  49833.84 99 
113313.0  49833.75 99 
113314.0  49833.65 99 
113315.0  49833.66 99 
113316.0  49833.68 99 
113317.0  49833.72 99 
113318.0  49833.69 99 
113319.0  49833.73 99 
113320.0  49833.71 99 
113321.0  49833.62 99 
113322.0  49833.59 99 
113323.0  49833.57 99 
113324.0  49833.63 99 
113325.0  49833.53 99 
113326.0  49833.69 99 
113327.0  49833.81 99 
113328.0  49833.92 99 
113329.0  49833.90 99 
113330.0  49833.99 99 
113331.0  49833.96 99 
113332.0  49833.96 99 
113333.0  49833.91 99 
113334.0  49833.89 99 
113335.0  49833.93 99 
113336.0  49833.88 99 
113337.0  49833.87 99 
113338.0  49833.81 99 
113339.0  49833.77 99 
113340.0  49833.62 99 
113341.0  49833.57 99 
113342.0  49833.56 99 
113343.0  49833.55 99 
113344.0  49833.53 99 
113345.0  49833.47 99 
113346.0  49833.51 99 
113347.0  49833.51 99 
113348.0  49833.60 99 
113349.0  49833.69 99 
113350.0  49833.73 99 
113351.0  49833.78 99 
113352.0  49833.72 99 
113353.0  49833.80 99 
113354.0  49833.87 99 
113355.0  49833.88 99 
113356.0  49833.92 99 
113357.0  49833.93 99 
113358.0  49833.87 99 
113359.0  49833.85 99 
113400.0  49833.96 99 
113401.0  49833.95 99 
113402.0  49833.95 99 
113403.0  49833.90 99 
113404.0  49833.93 99 
113405.0  49833.96 99 
113406.0  49833.92 99 
113407.0  49833.92 99 
113408.0  49833.95 99 
113409.0  49833.96 99 
113410.0  49833.96 99 
113411.0  49833.91 99 
113412.0  49833.86 99 
113413.0  49833.89 99 
113414.0  49833.95 99 
113415.0  49833.97 99 
113416.0  49833.95 99 
113417.0  49833.98 99 
113418.0  49833.95 99 
113419.0  49833.84 99 
113420.0  49833.54 99 
113421.0  49833.24 99 
113422.0  49833.17 99 
113423.0  49833.16 99 
113424.0  49833.23 99 
113425.0  49833.26 99 
113426.0  49833.29 99 
113427.0  49833.31 99 
113428.0  49833.35 99 
113429.0  49833.34 99 
113430.0  49833.41 99 
113431.0  49833.43 99 
113432.0  49833.52 99 
113433.0  49833.40 99 
113434.0  49833.42 99 
113435.0  49833.42 99 
113436.0  49833.60 99 
113437.0  49833.81 99 
113438.0  49834.07 99 
113439.0  49834.32 99 
113440.0  49834.33 99 
113441.0  49834.34 99 
113442.0  49834.17 99 
113443.0  49833.91 99 
113444.0  49833.87 99 
113445.0  49833.96 99 
113446.0  49833.78 99 
113447.0  49834.00 99 
113448.0  49834.00 99 
113449.0  49833.98 99 
113450.0  49833.98 99 
113451.0  49833.97 99 
113452.0  49833.97 99 
113453.0  49833.98 99 
113454.0  49834.01 99 
113455.0  49834.03 99 
113456.0  49834.03 99 
113457.0  49834.02 99 
113458.0  49833.99 99 
113459.0  49834.01 99 
113500.0  49834.10 99 
113501.0  49834.07 99 
113502.0  49834.06 99 
113503.0  49834.06 99 
113504.0  49834.01 99 
113505.0  49833.99 99 
113506.0  49833.99 99 
113507.0  49834.05 99 
113508.0  49834.02 99 
113509.0  49833.93 99 
113510.0  49833.76 99 
113511.0  49833.53 99 
113512.0  49833.37 99 
113513.0  49833.28 99 
113514.0  49833.28 99 
113515.0  49833.32 99 
113516.0  49833.38 99 
113517.0  49833.51 99 
113518.0  49833.51 99 
113519.0  49833.59 99 
113520.0  49833.55 99 
113521.0  49833.57 99 
113522.0  49833.60 99 
113523.0  49833.60 99 
113524.0  49833.61 99 
113525.0  49833.56 99 
113526.0  49833.66 99 
113527.0  49833.88 99 
113528.0  49834.02 99 
113529.0  49834.07 99 
113530.0  49834.27 99 
113531.0  49834.12 99 
113532.0  49834.08 99 
113533.0  49834.07 99 
113534.0  49834.15 99 
113535.0  49834.16 99 
113536.0  49834.20 99 
113537.0  49834.15 99 
113538.0  49834.07 99 
113539.0  49834.14 99 
113540.0  49834.19 99 
113541.0  49834.20 99 
113542.0  49834.13 99 
113543.0  49834.07 99 
113544.0  49834.10 99 
113545.0  49834.13 99 
113546.0  49834.14 99 
113547.0  49834.14 99 
113548.0  49834.09 99 
113549.0  49834.11 99 
113550.0  49834.09 99 
113551.0  49834.08 99 
113552.0  49834.08 99 
113553.0  49834.07 99 
113554.0  49834.09 99 
113555.0  49834.07 99 
113556.0  49834.06 99 
113557.0  49834.05 99 
113558.0  49834.04 99 
113559.0  49834.04 99 
113600.0  49834.07 99 
113601.0  49834.03 99 
113602.0  49834.01 99 
113603.0  49833.91 99 
113604.0  49833.91 99 
113605.0  49833.92 99 
113606.0  49834.01 99 
113607.0  49834.13 99 
113608.0  49834.04 99 
113609.0  49833.93 99 
113610.0  49833.85 99 
113611.0  49833.80 99 
113612.0  49833.61 99 
113613.0  49833.75 99 
113614.0  49833.85 99 
113615.0  49833.80 99 
113616.0  49833.78 99 
113617.0  49833.75 99 
113618.0  49833.69 99 
113619.0  49833.56 99 
113620.0  49833.38 99 
113621.0  49833.17 99 
113622.0  49833.07 99 
113623.0  49832.94 99 
113624.0  49833.00 99 
113625.0  49833.05 99 
113626.0  49832.99 99 
113627.0  49832.95 99 
113628.0  49832.94 99 
113629.0  49833.04 99 
113630.0  49833.21 99 
113631.0  49833.51 99 
113632.0  49833.86 99 
113633.0  49833.94 99 
113634.0  49833.99 99 
113635.0  49833.93 99 
113636.0  49833.91 99 
113637.0  49833.83 99 
113638.0  49834.07 99 
113639.0  49834.23 99 
113640.0  49834.19 99 
113641.0  49834.20 99 
113642.0  49834.12 99 
113643.0  49834.05 99 
113644.0  49833.86 99 
113645.0  49833.65 99 
113646.0  49833.68 99 
113647.0  49833.92 99 
113648.0  49833.85 99 
113649.0  49833.90 99 
113650.0  49834.01 99 
113651.0  49833.97 99 
113652.0  49833.95 99 
113653.0  49833.95 99 
113654.0  49833.92 99 
113655.0  49833.93 99 
113656.0  49833.84 99 
113657.0  49833.89 99 
113658.0  49833.93 99 
113659.0  49833.94 99 
113700.0  49833.96 99 
113701.0  49833.94 99 
113702.0  49833.97 99 
113703.0  49833.91 99 
113704.0  49833.72 99 
113705.0  49833.47 99 
113706.0  49833.26 99 
113707.0  49833.10 99 
113708.0  49833.03 99 
113709.0  49832.87 99 
113710.0  49832.70 99 
113711.0  49832.72 99 
113712.0  49832.70 99 
113713.0  49832.83 99 
113714.0  49832.91 99 
113715.0  49833.03 99 
113716.0  49833.13 99 
113717.0  49833.20 99 
113718.0  49833.21 99 
113719.0  49833.29 99 
113720.0  49833.35 99 
113721.0  49833.54 99 
113722.0  49833.69 99 
113723.0  49833.67 99 
113724.0  49833.69 99 
113725.0  49833.73 99 
113726.0  49833.82 99 
113727.0  49834.02 99 
113728.0  49834.09 99 
113729.0  49834.09 99 
113730.0  49834.16 99 
113731.0  49834.23 99 
113732.0  49834.26 99 
113733.0  49834.22 99 
113734.0  49834.31 99 
113735.0  49834.33 99 
113736.0  49834.24 99 
113737.0  49834.25 99 
113738.0  49834.20 99 
113739.0  49834.13 99 
113740.0  49834.07 99 
113741.0  49833.99 99 
113742.0  49834.01 99 
113743.0  49834.06 99 
113744.0  49834.07 99 
113745.0  49834.14 99 
113746.0  49834.05 99 
113747.0  49834.00 99 
113748.0  49833.95 99 
113749.0  49833.89 99 
113750.0  49833.91 99 
113751.0  49833.98 99 
113752.0  49834.07 99 
113753.0  49834.11 99 
113754.0  49834.19 99 
113755.0  49834.23 99 
113756.0  49834.21 99 
113757.0  49834.15 99 
113758.0  49834.21 99 
113759.0  49834.22 99 
113800.0  49834.20 99 
113801.0  49834.26 99 
113802.0  49834.23 99 
113803.0  49834.24 99 
113804.0  49834.19 99 
113805.0  49834.14 99 
113806.0  49834.08 99 
113807.0  49833.98 99 
113808.0  49833.79 99 
113809.0  49833.73 99 
113810.0  49833.76 99 
113811.0  49833.86 99 
113812.0  49833.82 99 
113813.0  49833.86 99 
113814.0  49833.81 99 
113815.0  49833.76 99 
113816.0  49833.56 99 
113817.0  49833.56 99 
113818.0  49833.83 99 
113819.0  49834.14 99 
113820.0  49834.22 99 
113821.0  49834.21 99 
113822.0  49834.16 99 
113823.0  49834.22 99 
113824.0  49834.28 99 
113825.0  49834.32 99 
113826.0  49834.32 99 
113827.0  49834.31 99 
113828.0  49834.31 99 
113829.0  49834.29 99 
113830.0  49834.36 99 
113831.0  49834.42 99 
113832.0  49834.44 99 
113833.0  49834.46 99 
113834.0  49834.45 99 
113835.0  49834.46 99 
113836.0  49834.45 99 
113837.0  49834.42 99 
113838.0  49834.40 99 
113839.0  49834.40 99 
113840.0  49834.41 99 
113841.0  49834.42 99 
113842.0  49834.40 99 
113843.0  49834.36 99 
113844.0  49834.33 99 
113845.0  49834.29 99 
113846.0  49834.25 99 
113847.0  49834.20 99 
113848.0  49834.11 99 
113849.0  49834.08 99 
113850.0  49833.98 99 
113851.0  49833.88 99 
113852.0  49833.75 99 
113853.0  49833.78 99 
113854.0  49833.78 99 
113855.0  49833.77 99 
113856.0  49833.80 99 
113857.0  49833.85 99 
113858.0  49833.95 99 
113859.0  49834.01 99 
113900.0  49834.08 99 
113901.0  49834.07 99 
113902.0  49834.08 99 
113903.0  49834.08 99 
113904.0  49834.07 99 
113905.0  49834.08 99 
113906.0  49834.10 99 
113907.0  49834.10 99 
113908.0  49834.15 99 
113909.0  49834.28 99 
113910.0  49834.33 99 
113911.0  49834.30 99 
113912.0  49834.27 99 
113913.0  49834.26 99 
113914.0  49834.31 99 
113915.0  49834.42 99 
113916.0  49834.43 99 
113917.0  49834.47 99 
113918.0  49834.41 99 
113919.0  49834.37 99 
113920.0  49834.37 99 
113921.0  49834.41 99 
113922.0  49834.46 99 
113923.0  49834.59 99 
113924.0  49834.81 99 
113925.0  49834.92 99 
113926.0  49834.91 99 
113927.0  49834.86 99 
113928.0  49834.80 99 
113929.0  49834.76 99 
113930.0  49834.72 99 
113931.0  49834.60 99 
113932.0  49834.53 99 
113933.0  49834.56 99 
113934.0  49834.56 99 
113935.0  49834.52 99 
113936.0  49834.52 99 
113937.0  49834.53 99 
113938.0  49834.44 99 
113939.0  49834.45 99 
113940.0  49834.43 99 
113941.0  49834.43 99 
113942.0  49834.36 99 
113943.0  49834.27 99 
113944.0  49834.18 99 
113945.0  49834.10 99 
113946.0  49834.03 99 
113947.0  49834.00 99 
113948.0  49833.97 99 
113949.0  49833.99 99 
113950.0  49834.15 99 
113951.0  49834.34 99 
113952.0  49834.38 99 
113953.0  49834.36 99 
113954.0  49834.31 99 
113955.0  49834.26 99 
113956.0  49834.26 99 
113957.0  49834.22 99 
113958.0  49834.26 99 
113959.0  49834.22 99 
114000.0  49834.10 99 
114001.0  49833.94 99 
114002.0  49833.74 99 
114003.0  49833.71 99 
114004.0  49833.74 99 
114005.0  49833.77 99 
114006.0  49834.07 99 
114007.0  49834.09 99 
114008.0  49834.12 99 
114009.0  49834.13 99 
114010.0  49834.13 99 
114011.0  49834.12 99 
114012.0  49834.11 99 
114013.0  49834.10 99 
114014.0  49834.08 99 
114015.0  49834.05 99 
114016.0  49834.05 99 
114017.0  49834.03 99 
114018.0  49834.12 99 
114019.0  49834.11 99 
114020.0  49834.21 99 
114021.0  49834.23 99 
114022.0  49834.25 99 
114023.0  49834.30 99 
114024.0  49834.28 99 
114025.0  49834.29 99 
114026.0  49834.23 99 
114027.0  49834.16 99 
114028.0  49834.08 99 
114029.0  49834.05 99 
114030.0  49834.03 99 
114031.0  49833.95 99 
114032.0  49833.94 99 
114033.0  49833.93 99 
114034.0  49833.94 99 
114035.0  49834.00 99 
114036.0  49834.02 99 
114037.0  49834.08 99 
114038.0  49834.33 99 
114039.0  49834.38 99 
114040.0  49834.37 99 
114041.0  49834.39 99 
114042.0  49834.38 99 
114043.0  49834.35 99 
114044.0  49834.27 99 
114045.0  49834.20 99 
114046.0  49834.33 99 
114047.0  49834.35 99 
114048.0  49834.36 99 
114049.0  49834.42 99 
114050.0  49834.40 99 
114051.0  49834.34 99 
114052.0  49834.29 99 
114053.0  49834.27 99 
114054.0  49834.28 99 
114055.0  49834.31 99 
114056.0  49834.38 99 
114057.0  49834.27 99 
114058.0  49834.35 99 
114059.0  49834.38 99 
114100.0  49834.31 99 
114101.0  49834.12 99 
114102.0  49834.13 99 
114103.0  49834.08 99 
114104.0  49834.00 99 
114105.0  49834.00 99 
114106.0  49834.01 99 
114107.0  49834.16 99 
114108.0  49834.25 99 
114109.0  49834.33 99 
114110.0  49834.37 99 
114111.0  49834.34 99 
114112.0  49834.39 99 
114113.0  49834.48 99 
114114.0  49834.51 99 
114115.0  49834.53 99 
114116.0  49834.58 99 
114117.0  49834.71 99 
114118.0  49834.69 99 
114119.0  49834.63 99 
114120.0  49834.55 99 
114121.0  49834.50 99 
114122.0  49834.56 99 
114123.0  49834.58 99 
114124.0  49834.50 99 
114125.0  49834.46 99 
114126.0  49834.41 99 
114127.0  49834.35 99 
114128.0  49834.40 99 
114129.0  49834.38 99 
114130.0  49834.45 99 
114131.0  49834.50 99 
114132.0  49834.65 99 
114133.0  49834.70 99 
114134.0  49834.67 99 
114135.0  49834.64 99 
114136.0  49834.72 99 
114137.0  49834.71 99 
114138.0  49834.57 99 
114139.0  49834.57 99 
114140.0  49834.51 99 
114141.0  49834.47 99 
114142.0  49834.44 99 
114143.0  49834.47 99 
114144.0  49834.48 99 
114145.0  49834.48 99 
114146.0  49834.49 99 
114147.0  49834.50 99 
114148.0  49834.48 99 
114149.0  49834.47 99 
114150.0  49834.47 99 
114151.0  49834.46 99 
114152.0  49834.51 99 
114153.0  49834.51 99 
114154.0  49834.47 99 
114155.0  49834.36 99 
114156.0  49834.28 99 
114157.0  49834.12 99 
114158.0  49834.01 99 
114159.0  49834.14 99 
114200.0  49834.33 99 
114201.0  49834.45 99 
114202.0  49834.49 99 
114203.0  49834.54 99 
114204.0  49834.56 99 
114205.0  49834.56 99 
114206.0  49834.55 99 
114207.0  49834.28 99 
114208.0  49834.34 99 
114209.0  49834.29 99 
114210.0  49834.29 99 
114211.0  49834.29 99 
114212.0  49834.25 99 
114213.0  49834.23 99 
114214.0  49834.26 99 
114215.0  49834.33 99 
114216.0  49834.38 99 
114217.0  49834.37 99 
114218.0  49834.30 99 
114219.0  49834.22 99 
114220.0  49834.21 99 
114221.0  49834.19 99 
114222.0  49834.20 99 
114223.0  49834.32 99 
114224.0  49834.37 99 
114225.0  49834.41 99 
114226.0  49834.40 99 
114227.0  49834.43 99 
114228.0  49834.45 99 
114229.0  49834.44 99 
114230.0  49834.46 99 
114231.0  49834.44 99 
114232.0  49834.40 99 
114233.0  49834.39 99 
114234.0  49834.22 99 
114235.0  49834.14 99 
114236.0  49834.05 99 
114237.0  49833.93 99 
114238.0  49833.98 99 
114239.0  49833.91 99 
114240.0  49833.87 99 
114241.0  49833.92 99 
114242.0  49833.99 99 
114243.0  49834.08 99 
114244.0  49834.12 99 
114245.0  49834.23 99 
114246.0  49834.29 99 
114247.0  49834.58 99 
114248.0  49834.69 99 
114249.0  49834.72 99 
114250.0  49834.76 99 
114251.0  49834.77 99 
114252.0  49834.93 99 
114253.0  49835.00 99 
114254.0  49835.01 99 
114255.0  49835.21 99 
114256.0  49835.04 99 
114257.0  49834.90 99 
114258.0  49834.83 99 
114259.0  49834.78 99 
114300.0  49834.83 99 
114301.0  49834.81 99 
114302.0  49834.76 99 
114303.0  49834.72 99 
114304.0  49834.74 99 
114305.0  49834.72 99 
114306.0  49834.66 99 
114307.0  49834.61 99 
114308.0  49834.64 99 
114309.0  49834.64 99 
114310.0  49834.62 99 
114311.0  49834.69 99 
114312.0  49834.76 99 
114313.0  49834.80 99 
114314.0  49834.75 99 
114315.0  49834.79 99 
114316.0  49834.77 99 
114317.0  49834.74 99 
114318.0  49834.72 99 
114319.0  49834.70 99 
114320.0  49834.70 99 
114321.0  49834.69 99 
114322.0  49834.64 99 
114323.0  49834.67 99 
114324.0  49834.68 99 
114325.0  49834.69 99 
114326.0  49834.72 99 
114327.0  49834.74 99 
114328.0  49834.69 99 
114329.0  49834.58 99 
114330.0  49834.46 99 
114331.0  49834.38 99 
114332.0  49834.27 99 
114333.0  49834.12 99 
114334.0  49833.97 99 
114335.0  49834.02 99 
114336.0  49833.92 99 
114337.0  49833.84 99 
114338.0  49833.71 99 
114339.0  49833.67 99 
114340.0  49833.68 99 
114341.0  49833.82 99 
114342.0  49834.15 99 
114343.0  49834.33 99 
114344.0  49834.46 99 
114345.0  49834.49 99 
114346.0  49834.47 99 
114347.0  49834.48 99 
114348.0  49834.47 99 
114349.0  49834.48 99 
114350.0  49834.49 99 
114351.0  49834.64 99 
114352.0  49834.67 99 
114353.0  49834.59 99 
114354.0  49834.54 99 
114355.0  49834.54 99 
114356.0  49834.50 99 
114357.0  49834.48 99 
114358.0  49834.47 99 
114359.0  49834.50 99 
114400.0  49834.63 99 
114401.0  49834.57 99 
114402.0  49834.48 99 
114403.0  49834.41 99 
114404.0  49834.43 99 
114405.0  49834.40 99 
114406.0  49834.40 99 
114407.0  49834.31 99 
114408.0  49833.72 99 
114409.0  49834.11 99 
114410.0  49834.43 99 
114411.0  49834.64 99 
114412.0  49834.57 99 
114413.0  49834.53 99 
114414.0  49834.78 99 
114415.0  49834.84 99 
114416.0  49834.77 99 
114417.0  49834.77 99 
114418.0  49834.74 99 
114419.0  49834.77 99 
114420.0  49834.74 99 
114421.0  49834.72 99 
114422.0  49834.63 99 
114423.0  49834.59 99 
114424.0  49834.57 99 
114425.0  49834.56 99 
114426.0  49834.53 99 
114427.0  49834.50 99 
114428.0  49834.49 99 
114429.0  49834.50 99 
114430.0  49834.56 99 
114431.0  49834.60 99 
114432.0  49834.64 99 
114433.0  49834.64 99 
114434.0  49834.65 99 
114435.0  49834.66 99 
114436.0  49834.65 99 
114437.0  49834.68 99 
114438.0  49834.68 99 
114439.0  49834.68 99 
114440.0  49834.63 99 
114441.0  49834.63 99 
114442.0  49834.64 99 
114443.0  49834.55 99 
114444.0  49834.47 99 
114445.0  49834.49 99 
114446.0  49834.50 99 
114447.0  49834.48 99 
114448.0  49834.46 99 
114449.0  49834.41 99 
114450.0  49834.32 99 
114451.0  49834.39 99 
114452.0  49834.38 99 
114453.0  49834.38 99 
114454.0  49834.37 99 
114455.0  49834.36 99 
114456.0  49834.31 99 
114457.0  49834.27 99 
114458.0  49834.28 99 
114459.0  49834.30 99 
114500.0  49834.35 99 
114501.0  49834.38 99 
114502.0  49834.48 99 
114503.0  49834.48 99 
114504.0  49834.48 99 
114505.0  49834.49 99 
114506.0  49834.43 99 
114507.0  49834.42 99 
114508.0  49834.33 99 
114509.0  49834.28 99 
114510.0  49834.26 99 
114511.0  49834.39 99 
114512.0  49834.54 99 
114513.0  49834.56 99 
114514.0  49834.56 99 
114515.0  49834.41 99 
114516.0  49834.32 99 
114517.0  49834.29 99 
114518.0  49834.32 99 
114519.0  49834.39 99 
114520.0  49834.42 99 
114521.0  49834.40 99 
114522.0  49834.44 99 
114523.0  49834.50 99 
114524.0  49834.55 99 
114525.0  49834.59 99 
114526.0  49834.61 99 
114527.0  49834.61 99 
114528.0  49834.52 99 
114529.0  49834.36 99 
114530.0  49834.36 99 
114531.0  49834.31 99 
114532.0  49834.23 99 
114533.0  49834.22 99 
114534.0  49834.21 99 
114535.0  49834.27 99 
114536.0  49834.36 99 
114537.0  49834.34 99 
114538.0  49834.35 99 
114539.0  49834.30 99 
114540.0  49834.27 99 
114541.0  49834.19 99 
114542.0  49834.19 99 
114543.0  49834.21 99 
114544.0  49834.26 99 
114545.0  49834.30 99 
114546.0  49834.23 99 
114547.0  49834.20 99 
114548.0  49834.15 99 
114549.0  49834.27 99 
114550.0  49834.37 99 
114551.0  49834.37 99 
114552.0  49834.43 99 
114553.0  49834.47 99 
114554.0  49834.39 99 
114555.0  49834.36 99 
114556.0  49834.32 99 
114557.0  49834.29 99 
114558.0  49834.26 99 
114559.0  49834.32 99 
114600.0  49834.34 99 
114601.0  49834.30 99 
114602.0  49834.31 99 
114603.0  49834.28 99 
114604.0  49834.27 99 
114605.0  49834.35 99 
114606.0  49834.38 99 
114607.0  49834.41 99 
114608.0  49834.31 99 
114609.0  49834.27 99 
114610.0  49834.28 99 
114611.0  49834.24 99 
114612.0  49834.25 99 
114613.0  49834.21 99 
114614.0  49834.15 99 
114615.0  49834.22 99 
114616.0  49834.23 99 
114617.0  49834.17 99 
114618.0  49834.18 99 
114619.0  49834.22 99 
114620.0  49834.26 99 
114621.0  49834.23 99 
114622.0  49834.32 99 
114623.0  49834.33 99 
114624.0  49834.33 99 
114625.0  49834.39 99 
114626.0  49834.39 99 
114627.0  49834.34 99 
114628.0  49834.28 99 
114629.0  49834.17 99 
114630.0  49834.12 99 
114631.0  49834.06 99 
114632.0  49834.10 99 
114633.0  49834.12 99 
114634.0  49834.17 99 
114635.0  49834.37 99 
114636.0  49834.43 99 
114637.0  49834.47 99 
114638.0  49834.46 99 
114639.0  49834.42 99 
114640.0  49834.42 99 
114641.0  49834.49 99 
114642.0  49834.53 99 
114643.0  49834.59 99 
114644.0  49834.65 99 
114645.0  49834.64 99 
114646.0  49834.67 99 
114647.0  49834.67 99 
114648.0  49834.61 99 
114649.0  49834.46 99 
114650.0  49834.45 99 
114651.0  49834.44 99 
114652.0  49834.34 99 
114653.0  49834.36 99 
114654.0  49834.35 99 
114655.0  49834.34 99 
114656.0  49834.35 99 
114657.0  49834.35 99 
114658.0  49834.31 99 
114659.0  49834.21 99 
114700.0  49834.09 99 
114701.0  49833.92 99 
114702.0  49833.79 99 
114703.0  49833.56 99 
114704.0  49833.52 99 
114705.0  49833.48 99 
114706.0  49833.58 99 
114707.0  49833.62 99 
114708.0  49833.67 99 
114709.0  49833.74 99 
114710.0  49833.75 99 
114711.0  49833.88 99 
114712.0  49834.07 99 
114713.0  49834.13 99 
114714.0  49834.22 99 
114715.0  49834.28 99 
114716.0  49834.32 99 
114717.0  49834.34 99 
114718.0  49834.38 99 
114719.0  49834.37 99 
114720.0  49834.37 99 
114721.0  49834.31 99 
114722.0  49834.24 99 
114723.0  49834.15 99 
114724.0  49834.10 99 
114725.0  49834.20 99 
114726.0  49834.27 99 
114727.0  49834.25 99 
114728.0  49834.26 99 
114729.0  49834.31 99 
114730.0  49834.33 99 
114731.0  49834.33 99 
114732.0  49834.35 99 
114733.0  49834.31 99 
114734.0  49834.21 99 
114735.0  49834.08 99 
114736.0  49834.05 99 
114737.0  49834.04 99 
114738.0  49834.03 99 
114739.0  49833.98 99 
114740.0  49834.18 99 
114741.0  49834.34 99 
114742.0  49834.39 99 
114743.0  49834.43 99 
114744.0  49834.45 99 
114745.0  49834.46 99 
114746.0  49834.36 99 
114747.0  49834.29 99 
114748.0  49834.21 99 
114749.0  49834.10 99 
114750.0  49834.08 99 
114751.0  49834.15 99 
114752.0  49834.35 99 
114753.0  49834.44 99 
114754.0  49834.41 99 
114755.0  49834.28 99 
114756.0  49834.16 99 
114757.0  49834.01 99 
114758.0  49833.85 99 
114759.0  49833.70 99 
114800.0  49833.65 99 
114801.0  49833.74 99 
114802.0  49833.80 99 
114803.0  49833.94 99 
114804.0  49833.85 99 
114805.0  49833.75 99 
114806.0  49833.79 99 
114807.0  49834.19 99 
114808.0  49834.43 99 
114809.0  49834.46 99 
114810.0  49834.52 99 
114811.0  49834.53 99 
114812.0  49834.48 99 
114813.0  49834.42 99 
114814.0  49834.44 99 
114815.0  49834.47 99 
114816.0  49834.38 99 
114817.0  49834.31 99 
114818.0  49834.33 99 
114819.0  49834.33 99 
114820.0  49834.36 99 
114821.0  49834.36 99 
114822.0  49834.49 99 
114823.0  49834.49 99 
114824.0  49834.50 99 
114825.0  49834.50 99 
114826.0  49834.49 99 
114827.0  49834.50 99 
114828.0  49834.47 99 
114829.0  49834.48 99 
114830.0  49834.59 99 
114831.0  49834.62 99 
114832.0  49834.65 99 
114833.0  49834.62 99 
114834.0  49834.59 99 
114835.0  49834.63 99 
114836.0  49834.61 99 
114837.0  49834.67 99 
114838.0  49834.67 99 
114839.0  49834.62 99 
114840.0  49834.61 99 
114841.0  49834.63 99 
114842.0  49834.61 99 
114843.0  49834.63 99 
114844.0  49834.60 99 
114845.0  49834.54 99 
114846.0  49834.54 99 
114847.0  49834.55 99 
114848.0  49834.52 99 
114849.0  49834.53 99 
114850.0  49834.60 99 
114851.0  49834.59 99 
114852.0  49834.48 99 
114853.0  49834.42 99 
114854.0  49834.18 99 
114855.0  49833.94 99 
114856.0  49833.86 99 
114857.0  49834.32 99 
114858.0  49834.53 99 
114859.0  49834.60 99 
114900.0  49834.62 99 
114901.0  49834.61 99 
114902.0  49834.59 99 
114903.0  49834.45 99 
114904.0  49834.36 99 
114905.0  49834.34 99 
114906.0  49834.34 99 
114907.0  49834.34 99 
114908.0  49834.30 99 
114909.0  49834.26 99 
114910.0  49834.16 99 
114911.0  49834.16 99 
114912.0  49834.22 99 
114913.0  49834.56 99 
114914.0  49834.59 99 
114915.0  49834.58 99 
114916.0  49834.69 99 
114917.0  49834.72 99 
114918.0  49834.67 99 
114919.0  49834.66 99 
114920.0  49834.63 99 
114921.0  49834.66 99 
114922.0  49834.68 99 
114923.0  49834.63 99 
114924.0  49834.61 99 
114925.0  49834.62 99 
114926.0  49834.63 99 
114927.0  49834.62 99 
114928.0  49834.60 99 
114929.0  49834.62 99 
114930.0  49834.65 99 
114931.0  49834.62 99 
114932.0  49834.65 99 
114933.0  49834.59 99 
114934.0  49834.47 99 
114935.0  49834.27 99 
114936.0  49834.08 99 
114937.0  49833.86 99 
114938.0  49833.76 99 
114939.0  49833.78 99 
114940.0  49833.76 99 
114941.0  49833.91 99 
114942.0  49833.99 99 
114943.0  49833.94 99 
114944.0  49833.97 99 
114945.0  49834.02 99 
114946.0  49834.04 99 
114947.0  49834.13 99 
114948.0  49834.13 99 
114949.0  49834.16 99 
114950.0  49834.17 99 
114951.0  49834.21 99 
114952.0  49834.16 99 
114953.0  49834.15 99 
114954.0  49834.22 99 
114955.0  49834.30 99 
114956.0  49834.35 99 
114957.0  49834.48 99 
114958.0  49834.60 99 
114959.0  49834.65 99 
115000.0  49834.68 99 
115001.0  49834.66 99 
115002.0  49834.64 99 
115003.0  49834.59 99 
115004.0  49834.66 99 
115005.0  49834.65 99 
115006.0  49834.65 99 
115007.0  49834.65 99 
115008.0  49834.61 99 
115009.0  49834.58 99 
115010.0  49834.55 99 
115011.0  49834.60 99 
115012.0  49834.58 99 
115013.0  49834.54 99 
115014.0  49834.57 99 
115015.0  49834.61 99 
115016.0  49834.60 99 
115017.0  49834.62 99 
115018.0  49834.58 99 
115019.0  49834.57 99 
115020.0  49834.55 99 
115021.0  49834.54 99 
115022.0  49834.47 99 
115023.0  49834.40 99 
115024.0  49834.33 99 
115025.0  49834.23 99 
115026.0  49834.23 99 
115027.0  49834.39 99 
115028.0  49834.41 99 
115029.0  49834.44 99 
115030.0  49834.55 99 
115031.0  49834.55 99 
115032.0  49834.57 99 
115033.0  49834.47 99 
115034.0  49834.51 99 
115035.0  49834.52 99 
115036.0  49834.49 99 
115037.0  49834.48 99 
115038.0  49834.44 99 
115039.0  49834.46 99 
115040.0  49834.46 99 
115041.0  49834.49 99 
115042.0  49834.42 99 
115043.0  49834.61 99 
115044.0  49834.61 99 
115045.0  49834.49 99 
115046.0  49834.35 99 
115047.0  49834.27 99 
115048.0  49834.19 99 
115049.0  49834.22 99 
115050.0  49834.36 99 
115051.0  49834.39 99 
115052.0  49834.36 99 
115053.0  49834.41 99 
115054.0  49834.58 99 
115055.0  49834.61 99 
115056.0  49834.68 99 
115057.0  49834.68 99 
115058.0  49834.70 99 
115059.0  49834.72 99 
115100.0  49834.72 99 
115101.0  49834.72 99 
115102.0  49834.71 99 
115103.0  49834.72 99 
115104.0  49834.82 99 
115105.0  49834.83 99 
115106.0  49834.70 99 
115107.0  49834.65 99 
115108.0  49834.62 99 
115109.0  49834.58 99 
115110.0  49834.57 99 
115111.0  49834.56 99 
115112.0  49834.50 99 
115113.0  49834.53 99 
115114.0  49834.50 99 
115115.0  49834.50 99 
115116.0  49834.47 99 
115117.0  49834.40 99 
115118.0  49834.45 99 
115119.0  49834.49 99 
115120.0  49834.48 99 
115121.0  49834.52 99 
115122.0  49834.64 99 
115123.0  49834.71 99 
115124.0  49834.74 99 
115125.0  49834.82 99 
115126.0  49834.84 99 
115127.0  49834.85 99 
115128.0  49834.88 99 
115129.0  49834.91 99 
115130.0  49834.94 99 
115131.0  49834.89 99 
115132.0  49834.82 99 
115133.0  49834.78 99 
115134.0  49834.75 99 
115135.0  49834.74 99 
115136.0  49834.76 99 
115137.0  49834.82 99 
115138.0  49834.88 99 
115139.0  49834.88 99 
115140.0  49834.85 99 
115141.0  49834.91 99 
115142.0  49834.90 99 
115143.0  49834.85 99 
115144.0  49834.90 99 
115145.0  49834.89 99 
115146.0  49834.83 99 
115147.0  49834.77 99 
115148.0  49834.73 99 
115149.0  49834.73 99 
115150.0  49834.74 99 
115151.0  49834.72 99 
115152.0  49834.68 99 
115153.0  49834.66 99 
115154.0  49834.84 99 
115155.0  49834.90 99 
115156.0  49834.93 99 
115157.0  49834.88 99 
115158.0  49834.86 99 
115159.0  49834.89 99 
115200.0  49834.87 99 
115201.0  49834.85 99 
115202.0  49834.86 99 
115203.0  49834.81 99 
115204.0  49834.81 99 
115205.0  49834.84 99 
115206.0  49834.82 99 
115207.0  49834.84 99 
115208.0  49834.88 99 
115209.0  49834.89 99 
115210.0  49834.87 99 
115211.0  49834.85 99 
115212.0  49834.87 99 
115213.0  49834.86 99 
115214.0  49834.88 99 
115215.0  49834.88 99 
115216.0  49834.80 99 
115217.0  49834.78 99 
115218.0  49834.75 99 
115219.0  49834.81 99 
115220.0  49834.85 99 
115221.0  49834.82 99 
115222.0  49834.81 99 
115223.0  49834.75 99 
115224.0  49834.77 99 
115225.0  49834.67 99 
115226.0  49834.69 99 
115227.0  49834.73 99 
115228.0  49834.64 99 
115229.0  49834.59 99 
115230.0  49834.54 99 
115231.0  49834.47 99 
115232.0  49834.57 99 
115233.0  49834.59 99 
115234.0  49834.62 99 
115235.0  49834.65 99 
115236.0  49834.67 99 
115237.0  49834.66 99 
115238.0  49834.63 99 
115239.0  49834.62 99 
115240.0  49834.62 99 
115241.0  49834.61 99 
115242.0  49834.57 99 
115243.0  49834.62 99 
115244.0  49834.61 99 
115245.0  49834.64 99 
115246.0  49834.56 99 
115247.0  49834.57 99 
115248.0  49834.49 99 
115249.0  49834.57 99 
115250.0  49834.55 99 
115251.0  49834.52 99 
115252.0  49834.52 99 
115253.0  49834.54 99 
115254.0  49834.55 99 
115255.0  49834.47 99 
115256.0  49834.45 99 
115257.0  49834.47 99 
115258.0  49834.48 99 
115259.0  49834.52 99 
115300.0  49834.50 99 
115301.0  49834.45 99 
115302.0  49834.38 99 
115303.0  49834.30 99 
115304.0  49834.17 99 
115305.0  49834.09 99 
115306.0  49833.97 99 
115307.0  49833.82 99 
115308.0  49833.83 99 
115309.0  49833.76 99 
115310.0  49833.66 99 
115311.0  49833.62 99 
115312.0  49833.70 99 
115313.0  49833.78 99 
115314.0  49833.82 99 
115315.0  49833.98 99 
115316.0  49834.11 99 
115317.0  49834.28 99 
115318.0  49834.43 99 
115319.0  49834.47 99 
115320.0  49834.50 99 
115321.0  49834.56 99 
115322.0  49834.54 99 
115323.0  49834.56 99 
115324.0  49834.54 99 
115325.0  49834.49 99 
115326.0  49834.46 99 
115327.0  49834.50 99 
115328.0  49834.54 99 
115329.0  49834.63 99 
115330.0  49834.66 99 
115331.0  49834.67 99 
115332.0  49834.64 99 
115333.0  49834.51 99 
115334.0  49834.47 99 
115335.0  49834.41 99 
115336.0  49834.40 99 
115337.0  49834.52 99 
115338.0  49834.46 99 
115339.0  49834.48 99 
115340.0  49834.49 99 
115341.0  49834.40 99 
115342.0  49834.29 99 
115343.0  49834.28 99 
115344.0  49834.27 99 
115345.0  49834.28 99 
115346.0  49834.39 99 
115347.0  49834.55 99 
115348.0  49834.53 99 
115349.0  49834.57 99 
115350.0  49834.55 99 
115351.0  49834.51 99 
115352.0  49834.56 99 
115353.0  49834.57 99 
115354.0  49834.51 99 
115355.0  49834.45 99 
115356.0  49834.35 99 
115357.0  49834.32 99 
115358.0  49834.30 99 
115359.0  49834.32 99 
115400.0  49834.36 99 
115401.0  49834.43 99 
115402.0  49834.49 99 
115403.0  49834.63 99 
115404.0  49834.57 99 
115405.0  49834.52 99 
115406.0  49834.45 99 
115407.0  49834.42 99 
115408.0  49834.42 99 
115409.0  49834.41 99 
115410.0  49834.41 99 
115411.0  49834.36 99 
115412.0  49834.32 99 
115413.0  49834.31 99 
115414.0  49834.25 99 
115415.0  49834.19 99 
115416.0  49834.14 99 
115417.0  49834.13 99 
115418.0  49834.11 99 
115419.0  49834.13 99 
115420.0  49834.33 99 
115421.0  49834.51 99 
115422.0  49834.52 99 
115423.0  49834.54 99 
115424.0  49834.56 99 
115425.0  49834.57 99 
115426.0  49834.56 99 
115427.0  49834.55 99 
115428.0  49834.49 99 
115429.0  49834.39 99 
115430.0  49834.25 99 
115431.0  49834.25 99 
115432.0  49834.42 99 
115433.0  49834.48 99 
115434.0  49834.53 99 
115435.0  49834.64 99 
115436.0  49834.66 99 
115437.0  49834.66 99 
115438.0  49834.55 99 
115439.0  49834.35 99 
115440.0  49834.27 99 
115441.0  49834.27 99 
115442.0  49834.22 99 
115443.0  49834.28 99 
115444.0  49835.33 99 
115445.0  49835.04 99 
115446.0  49834.53 99 
115447.0  49834.30 99 
115448.0  49834.18 99 
115449.0  49834.12 99 
115450.0  49834.05 99 
115451.0  49834.07 99 
115452.0  49834.19 99 
115453.0  49834.23 99 
115454.0  49834.23 99 
115455.0  49834.23 99 
115456.0  49834.18 99 
115457.0  49834.21 99 
115458.0  49834.17 99 
115459.0  49834.15 99 
115500.0  49834.13 99 
115501.0  49834.23 99 
115502.0  49834.29 99 
115503.0  49834.28 99 
115504.0  49834.28 99 
115505.0  49834.28 99 
115506.0  49834.27 99 
115507.0  49834.28 99 
115508.0  49834.25 99 
115509.0  49834.21 99 
115510.0  49834.23 99 
115511.0  49834.26 99 
115512.0  49834.21 99 
115513.0  49834.20 99 
115514.0  49834.16 99 
115515.0  49834.09 99 
115516.0  49834.01 99 
115517.0  49833.94 99 
115518.0  49833.96 99 
115519.0  49833.98 99 
115520.0  49833.91 99 
115521.0  49833.83 99 
115522.0  49833.75 99 
115523.0  49833.86 99 
115524.0  49833.98 99 
115525.0  49834.01 99 
115526.0  49834.11 99 
115527.0  49834.16 99 
115528.0  49834.18 99 
115529.0  49834.19 99 
115530.0  49834.14 99 
115531.0  49834.13 99 
115532.0  49834.19 99 
115533.0  49834.30 99 
115534.0  49834.23 99 
115535.0  49834.07 99 
115536.0  49834.09 99 
115537.0  49834.11 99 
115538.0  49834.10 99 
115539.0  49833.94 99 
115540.0  49833.91 99 
115541.0  49834.03 99 
115542.0  49834.16 99 
115543.0  49834.21 99 
115544.0  49834.21 99 
115545.0  49834.25 99 
115546.0  49834.23 99 
115547.0  49834.23 99 
115548.0  49834.18 99 
115549.0  49834.18 99 
115550.0  49834.22 99 
115551.0  49834.17 99 
115552.0  49834.17 99 
115553.0  49834.19 99 
115554.0  49834.23 99 
115555.0  49834.21 99 
115556.0  49834.21 99 
115557.0  49834.20 99 
115558.0  49834.14 99 
115559.0  49834.13 99 
115600.0  49834.14 99 
115601.0  49834.11 99 
115602.0  49834.13 99 
115603.0  49834.17 99 
115604.0  49834.20 99 
115605.0  49834.10 99 
115606.0  49834.02 99 
115607.0  49834.04 99 
115608.0  49834.06 99 
115609.0  49834.09 99 
115610.0  49834.05 99 
115611.0  49834.03 99 
115612.0  49834.10 99 
115613.0  49834.09 99 
115614.0  49834.19 99 
115615.0  49834.26 99 
115616.0  49834.13 99 
115617.0  49834.10 99 
115618.0  49834.06 99 
115619.0  49833.98 99 
115620.0  49833.94 99 
115621.0  49833.99 99 
115622.0  49833.70 99 
115623.0  49833.43 99 
115624.0  49833.34 99 
115625.0  49833.32 99 
115626.0  49833.35 99 
115627.0  49833.42 99 
115628.0  49833.56 99 
115629.0  49833.63 99 
115630.0  49833.65 99 
115631.0  49833.76 99 
115632.0  49834.01 99 
115633.0  49834.09 99 
115634.0  49834.17 99 
115635.0  49834.18 99 
115636.0  49834.18 99 
115637.0  49834.15 99 
115638.0  49834.12 99 
115639.0  49834.14 99 
115640.0  49834.14 99 
115641.0  49834.16 99 
115642.0  49834.13 99 
115643.0  49834.10 99 
115644.0  49834.08 99 
115645.0  49834.09 99 
115646.0  49834.11 99 
115647.0  49834.12 99 
115648.0  49834.15 99 
115649.0  49834.11 99 
115650.0  49833.99 99 
115651.0  49833.84 99 
115652.0  49833.62 99 
115653.0  49833.42 99 
115654.0  49833.22 99 
115655.0  49833.14 99 
115656.0  49833.11 99 
115657.0  49833.21 99 
115658.0  49833.34 99 
115659.0  49833.45 99 
115700.0  49833.53 99 
115701.0  49833.59 99 
115702.0  49833.83 99 
115703.0  49834.11 99 
115704.0  49834.26 99 
115705.0  49834.36 99 
115706.0  49834.49 99 
115707.0  49834.45 99 
115708.0  49834.37 99 
115709.0  49834.34 99 
115710.0  49834.33 99 
115711.0  49834.33 99 
115712.0  49834.31 99 
115713.0  49834.29 99 
115714.0  49834.27 99 
115715.0  49834.28 99 
115716.0  49834.22 99 
115717.0  49834.08 99 
115718.0  49833.97 99 
115719.0  49833.86 99 
115720.0  49833.75 99 
115721.0  49833.67 99 
115722.0  49833.70 99 
115723.0  49833.75 99 
115724.0  49833.88 99 
115725.0  49833.84 99 
115726.0  49833.85 99 
115727.0  49834.10 99 
115728.0  49834.10 99 
115729.0  49834.19 99 
115730.0  49834.30 99 
115731.0  49834.45 99 
115732.0  49834.41 99 
115733.0  49834.41 99 
115734.0  49834.44 99 
115735.0  49834.46 99 
115736.0  49834.48 99 
115737.0  49834.54 99 
115738.0  49834.49 99 
115739.0  49834.43 99 
115740.0  49834.39 99 
115741.0  49834.37 99 
115742.0  49834.16 99 
115743.0  49833.88 99 
115744.0  49833.67 99 
115745.0  49833.56 99 
115746.0  49833.45 99 
115747.0  49833.42 99 
115748.0  49833.43 99 
115749.0  49833.46 99 
115750.0  49833.53 99 
115751.0  49833.70 99 
115752.0  49833.75 99 
115753.0  49833.76 99 
115754.0  49833.87 99 
115755.0  49833.94 99 
115756.0  49834.09 99 
115757.0  49834.10 99 
115758.0  49834.32 99 
115759.0  49834.42 99 
115800.0  49834.44 99 
115801.0  49834.48 99 
115802.0  49834.51 99 
115803.0  49834.53 99 
115804.0  49834.52 99 
115805.0  49834.51 99 
115806.0  49834.47 99 
115807.0  49834.41 99 
115808.0  49834.38 99 
115809.0  49834.36 99 
115810.0  49834.29 99 
115811.0  49834.25 99 
115812.0  49834.13 99 
115813.0  49834.10 99 
115814.0  49834.04 99 
115815.0  49834.07 99 
115816.0  49834.09 99 
115817.0  49834.24 99 
115818.0  49834.39 99 
115819.0  49834.46 99 
115820.0  49834.53 99 
115821.0  49834.57 99 
115822.0  49834.56 99 
115823.0  49834.50 99 
115824.0  49834.39 99 
115825.0  49834.35 99 
115826.0  49834.33 99 
115827.0  49834.18 99 
115828.0  49834.08 99 
115829.0  49834.06 99 
115830.0  49834.04 99 
115831.0  49834.05 99 
115832.0  49834.05 99 
115833.0  49834.03 99 
115834.0  49834.04 99 
115835.0  49834.06 99 
115836.0  49834.06 99 
115837.0  49833.98 99 
115838.0  49833.98 99 
115839.0  49834.04 99 
115840.0  49834.06 99 
115841.0  49834.10 99 
115842.0  49834.13 99 
115843.0  49834.22 99 
115844.0  49834.25 99 
115845.0  49834.39 99 
115846.0  49834.40 99 
115847.0  49834.45 99 
115848.0  49834.39 99 
115849.0  49834.32 99 
115850.0  49834.27 99 
115851.0  49834.14 99 
115852.0  49834.22 99 
115853.0  49834.20 99 
115854.0  49834.15 99 
115855.0  49834.34 99 
115856.0  49834.49 99 
115857.0  49834.52 99 
115858.0  49834.51 99 
115859.0  49834.53 99 
115900.0  49834.54 99 
115901.0  49834.53 99 
115902.0  49834.59 99 
115903.0  49834.52 99 
115904.0  49834.50 99 
115905.0  49834.48 99 
115906.0  49834.40 99 
115907.0  49834.27 99 
115908.0  49834.40 99 
115909.0  49834.47 99 
115910.0  49834.45 99 
115911.0  49834.44 99 
115912.0  49834.38 99 
115913.0  49834.32 99 
115914.0  49834.53 99 
115915.0  49834.55 99 
115916.0  49834.49 99 
115917.0  49834.49 99 
115918.0  49834.42 99 
115919.0  49834.34 99 
115920.0  49834.36 99 
115921.0  49834.36 99 
115922.0  49834.33 99 
115923.0  49834.27 99 
115924.0  49834.39 99 
115925.0  49834.40 99 
115926.0  49834.35 99 
115927.0  49834.26 99 
115928.0  49834.22 99 
115929.0  49834.21 99 
115930.0  49834.20 99 
115931.0  49834.14 99 
115932.0  49834.13 99 
115933.0  49834.05 99 
115934.0  49834.01 99 
115935.0  49833.99 99 
115936.0  49833.91 99 
115937.0  49833.84 99 
115938.0  49833.89 99 
115939.0  49833.93 99 
115940.0  49833.97 99 
115941.0  49834.01 99 
115942.0  49833.94 99 
115943.0  49833.85 99 
115944.0  49833.69 99 
115945.0  49833.75 99 
115946.0  49833.75 99 
115947.0  49833.97 99 
115948.0  49834.09 99 
115949.0  49834.11 99 
115950.0  49834.17 99 
115951.0  49834.20 99 
115952.0  49834.25 99 
115953.0  49834.27 99 
115954.0  49834.21 99 
115955.0  49834.12 99 
115956.0  49834.08 99 
115957.0  49834.02 99 
115958.0  49833.95 99 
115959.0  49833.88 99 
120000.0  49833.92 99 
120001.0  49834.17 99 
120002.0  49834.16 99 
120003.0  49834.09 99 
120004.0  49834.01 99 
120005.0  49833.91 99 
120006.0  49833.92 99 
120007.0  49833.94 99 
120008.0  49833.78 99 
120009.0  49833.45 99 
120010.0  49833.35 99 
120011.0  49833.38 99 
120012.0  49833.39 99 
120013.0  49833.44 99 
120014.0  49833.51 99 
120015.0  49833.55 99 
120016.0  49833.57 99 
120017.0  49833.78 99 
120018.0  49833.84 99 
120019.0  49833.91 99 
120020.0  49833.94 99 
120021.0  49833.91 99 
120022.0  49833.90 99 
120023.0  49833.90 99 
120024.0  49833.83 99 
120025.0  49833.76 99 
120026.0  49833.80 99 
120027.0  49833.81 99 
120028.0  49833.83 99 
120029.0  49833.79 99 
120030.0  49833.77 99 
120031.0  49833.77 99 
120032.0  49833.84 99 
120033.0  49833.84 99 
120034.0  49833.82 99 
120035.0  49833.75 99 
120036.0  49833.73 99 
120037.0  49833.70 99 
120038.0  49833.65 99 
120039.0  49833.53 99 
120040.0  49833.51 99 
120041.0  49833.56 99 
120042.0  49833.51 99 
120043.0  49833.35 99 
120044.0  49833.32 99 
120045.0  49833.28 99 
120046.0  49833.27 99 
120047.0  49833.22 99 
120048.0  49833.24 99 
120049.0  49833.22 99 
120050.0  49833.26 99 
120051.0  49833.30 99 
120052.0  49833.35 99 
120053.0  49833.32 99 
120054.0  49833.39 99 
120055.0  49833.54 99 
120056.0  49833.61 99 
120057.0  49833.61 99 
120058.0  49833.54 99 
120059.0  49833.43 99 
120100.0  49833.33 99 
120101.0  49833.24 99 
120102.0  49833.12 99 
120103.0  49832.96 99 
120104.0  49832.91 99 
120105.0  49832.89 99 
120106.0  49832.87 99 
120107.0  49832.94 99 
120108.0  49833.04 99 
120109.0  49833.36 99 
120110.0  49833.63 99 
120111.0  49833.76 99 
120112.0  49833.86 99 
120113.0  49833.86 99 
120114.0  49833.88 99 
120115.0  49833.93 99 
120116.0  49833.92 99 
120117.0  49833.90 99 
120118.0  49833.82 99 
120119.0  49833.74 99 
120120.0  49833.65 99 
120121.0  49833.50 99 
120122.0  49833.44 99 
120123.0  49833.43 99 
120124.0  49833.40 99 
120125.0  49833.40 99 
120126.0  49833.43 99 
120127.0  49833.44 99 
120128.0  49833.39 99 
120129.0  49833.41 99 
120130.0  49833.42 99 
120131.0  49833.36 99 
120132.0  49833.33 99 
120133.0  49833.29 99 
120134.0  49833.33 99 
120135.0  49833.30 99 
120136.0  49833.33 99 
120137.0  49833.38 99 
120138.0  49833.41 99 
120139.0  49833.46 99 
120140.0  49833.46 99 
120141.0  49833.46 99 
120142.0  49833.51 99 
120143.0  49833.55 99 
120144.0  49833.54 99 
120145.0  49833.58 99 
120146.0  49833.56 99 
120147.0  49833.58 99 
120148.0  49833.62 99 
120149.0  49833.69 99 
120150.0  49833.74 99 
120151.0  49833.76 99 
120152.0  49833.64 99 
120153.0  49833.55 99 
120154.0  49833.53 99 
120155.0  49833.49 99 
120156.0  49833.41 99 
120157.0  49833.24 99 
120158.0  49833.15 99 
120159.0  49833.09 99 
120200.0  49833.04 99 
120201.0  49833.04 99 
120202.0  49833.00 99 
120203.0  49832.94 99 
120204.0  49832.93 99 
120205.0  49833.01 99 
120206.0  49833.00 99 
120207.0  49832.91 99 
120208.0  49832.70 99 
120209.0  49832.59 99 
120210.0  49832.46 99 
120211.0  49832.38 99 
120212.0  49832.46 99 
120213.0  49832.91 99 
120214.0  49833.12 99 
120215.0  49833.25 99 
120216.0  49833.24 99 
120217.0  49833.26 99 
120218.0  49833.23 99 
120219.0  49833.19 99 
120220.0  49833.22 99 
120221.0  49833.25 99 
120222.0  49833.23 99 
120223.0  49833.08 99 
120224.0  49832.92 99 
120225.0  49832.79 99 
120226.0  49832.74 99 
120227.0  49832.71 99 
120228.0  49832.68 99 
120229.0  49832.72 99 
120230.0  49832.87 99 
120231.0  49832.81 99 
120232.0  49832.75 99 
120233.0  49832.75 99 
120234.0  49832.73 99 
120235.0  49832.90 99 
120236.0  49833.02 99 
120237.0  49833.20 99 
120238.0  49833.26 99 
120239.0  49833.13 99 
120240.0  49833.15 99 
120241.0  49833.17 99 
120242.0  49833.23 99 
120243.0  49833.27 99 
120244.0  49833.26 99 
120245.0  49833.35 99 
120246.0  49833.37 99 
120247.0  49833.42 99 
120248.0  49833.51 99 
120249.0  49833.55 99 
120250.0  49833.58 99 
120251.0  49833.60 99 
120252.0  49833.53 99 
120253.0  49833.49 99 
120254.0  49833.47 99 
120255.0  49833.42 99 
120256.0  49833.44 99 
120257.0  49833.38 99 
120258.0  49833.29 99 
120259.0  49833.22 99 
120300.0  49833.24 99 
120301.0  49833.18 99 
120302.0  49833.03 99 
120303.0  49832.86 99 
120304.0  49832.90 99 
120305.0  49832.93 99 
120306.0  49832.94 99 
120307.0  49832.98 99 
120308.0  49833.11 99 
120309.0  49833.26 99 
120310.0  49833.28 99 
120311.0  49833.30 99 
120312.0  49833.31 99 
120313.0  49833.33 99 
120314.0  49833.32 99 
120315.0  49833.27 99 
120316.0  49832.97 99 
120317.0  49832.90 99 
120318.0  49832.92 99 
120319.0  49833.02 99 
120320.0  49833.33 99 
120321.0  49833.46 99 
120322.0  49833.46 99 
120323.0  49833.59 99 
120324.0  49833.58 99 
120325.0  49833.54 99 
120326.0  49833.63 99 
120327.0  49833.63 99 
120328.0  49833.67 99 
120329.0  49833.69 99 
120330.0  49833.73 99 
120331.0  49833.76 99 
120332.0  49833.73 99 
120333.0  49833.66 99 
120334.0  49833.58 99 
120335.0  49833.59 99 
120336.0  49833.58 99 
120337.0  49833.63 99 
120338.0  49833.73 99 
120339.0  49833.74 99 
120340.0  49833.75 99 
120341.0  49833.76 99 
120342.0  49833.74 99 
120343.0  49833.75 99 
120344.0  49833.78 99 
120345.0  49833.85 99 
120346.0  49833.86 99 
120347.0  49833.90 99 
120348.0  49833.87 99 
120349.0  49833.86 99 
120350.0  49833.88 99 
120351.0  49833.88 99 
120352.0  49833.86 99 
120353.0  49833.80 99 
120354.0  49833.72 99 
120355.0  49833.68 99 
120356.0  49833.69 99 
120357.0  49833.72 99 
120358.0  49833.75 99 
120359.0  49833.79 99 
120400.0  49833.80 99 
120401.0  49833.75 99 
120402.0  49833.74 99 
120403.0  49833.69 99 
120404.0  49833.68 99 
120405.0  49833.62 99 
120406.0  49833.55 99 
120407.0  49833.52 99 
120408.0  49833.50 99 
120409.0  49833.50 99 
120410.0  49833.53 99 
120411.0  49833.50 99 
120412.0  49833.44 99 
120413.0  49833.44 99 
120414.0  49833.41 99 
120415.0  49833.48 99 
120416.0  49833.47 99 
120417.0  49833.55 99 
120418.0  49833.58 99 
120419.0  49833.70 99 
120420.0  49833.79 99 
120421.0  49833.69 99 
120422.0  49833.67 99 
120423.0  49833.71 99 
120424.0  49833.70 99 
120425.0  49833.74 99 
120426.0  49833.81 99 
120427.0  49833.73 99 
120428.0  49833.85 99 
120429.0  49833.76 99 
120430.0  49833.76 99 
120431.0  49833.80 99 
120432.0  49833.81 99 
120433.0  49833.79 99 
120434.0  49833.85 99 
120435.0  49833.83 99 
120436.0  49833.81 99 
120437.0  49833.90 99 
120438.0  49834.09 99 
120439.0  49834.04 99 
120440.0  49833.92 99 
120441.0  49833.90 99 
120442.0  49833.89 99 
120443.0  49833.90 99 
120444.0  49833.68 99 
120445.0  49833.68 99 
120446.0  49833.75 99 
120447.0  49833.79 99 
120448.0  49833.85 99 
120449.0  49833.78 99 
120450.0  49833.66 99 
120451.0  49833.57 99 
120452.0  49833.53 99 
120453.0  49833.69 99 
120454.0  49833.74 99 
120455.0  49833.70 99 
120456.0  49833.68 99 
120457.0  49833.62 99 
120458.0  49833.66 99 
120459.0  49833.62 99 
120500.0  49833.52 99 
120501.0  49833.63 99 
120502.0  49833.67 99 
120503.0  49833.63 99 
120504.0  49833.62 99 
120505.0  49833.67 99 
120506.0  49833.75 99 
120507.0  49833.71 99 
120508.0  49833.73 99 
120509.0  49833.71 99 
120510.0  49833.68 99 
120511.0  49833.77 99 
120512.0  49833.81 99 
120513.0  49833.79 99 
120514.0  49833.78 99 
120515.0  49833.86 99 
120516.0  49833.88 99 
120517.0  49833.91 99 
120518.0  49833.89 99 
120519.0  49833.93 99 
120520.0  49833.93 99 
120521.0  49833.94 99 
120522.0  49833.88 99 
120523.0  49833.86 99 
120524.0  49833.83 99 
120525.0  49833.85 99 
120526.0  49833.85 99 
120527.0  49833.84 99 
120528.0  49833.87 99 
120529.0  49833.89 99 
120530.0  49833.92 99 
120531.0  49833.93 99 
120532.0  49833.91 99 
120533.0  49833.93 99 
120534.0  49833.96 99 
120535.0  49833.97 99 
120536.0  49833.95 99 
120537.0  49833.92 99 
120538.0  49833.92 99 
120539.0  49833.86 99 
120540.0  49833.81 99 
120541.0  49833.93 99 
120542.0  49834.07 99 
120543.0  49834.15 99 
120544.0  49834.20 99 
120545.0  49834.22 99 
120546.0  49834.24 99 
120547.0  49834.16 99 
120548.0  49834.03 99 
120549.0  49833.97 99 
120550.0  49833.93 99 
120551.0  49833.80 99 
120552.0  49833.79 99 
120553.0  49833.69 99 
120554.0  49833.72 99 
120555.0  49833.62 99 
120556.0  49833.58 99 
120557.0  49833.65 99 
120558.0  49833.63 99 
120559.0  49833.64 99 
120600.0  49833.79 99 
120601.0  49833.83 99 
120602.0  49833.85 99 
120603.0  49833.80 99 
120604.0  49833.81 99 
120605.0  49833.81 99 
120606.0  49833.75 99 
120607.0  49833.78 99 
120608.0  49833.69 99 
120609.0  49833.64 99 
120610.0  49833.56 99 
120611.0  49833.30 99 
120612.0  49833.15 99 
120613.0  49833.14 99 
120614.0  49833.16 99 
120615.0  49833.26 99 
120616.0  49833.56 99 
120617.0  49833.71 99 
120618.0  49833.70 99 
120619.0  49833.77 99 
120620.0  49833.68 99 
120621.0  49833.69 99 
120622.0  49833.72 99 
120623.0  49833.78 99 
120624.0  49833.75 99 
120625.0  49833.88 99 
120626.0  49833.90 99 
120627.0  49833.83 99 
120628.0  49833.83 99 
120629.0  49833.86 99 
120630.0  49833.85 99 
120631.0  49833.78 99 
120632.0  49833.79 99 
120633.0  49833.85 99 
120634.0  49833.83 99 
120635.0  49833.77 99 
120636.0  49833.66 99 
120637.0  49833.55 99 
120638.0  49833.60 99 
120639.0  49833.76 99 
120640.0  49833.79 99 
120641.0  49833.77 99 
120642.0  49833.79 99 
120643.0  49833.79 99 
120644.0  49833.83 99 
120645.0  49833.82 99 
120646.0  49833.83 99 
120647.0  49833.79 99 
120648.0  49833.84 99 
120649.0  49833.72 99 
120650.0  49833.62 99 
120651.0  49833.58 99 
120652.0  49833.48 99 
120653.0  49833.49 99 
120654.0  49833.52 99 
120655.0  49833.63 99 
120656.0  49833.73 99 
120657.0  49833.72 99 
120658.0  49833.74 99 
120659.0  49833.74 99 
120700.0  49833.77 99 
120701.0  49833.81 99 
120702.0  49833.89 99 
120703.0  49833.85 99 
120704.0  49833.88 99 
120705.0  49833.82 99 
120706.0  49833.82 99 
120707.0  49833.83 99 
120708.0  49833.91 99 
120709.0  49833.89 99 
120710.0  49833.89 99 
120711.0  49833.85 99 
120712.0  49833.81 99 
120713.0  49833.71 99 
120714.0  49833.57 99 
120715.0  49833.77 99 
120716.0  49833.87 99 
120717.0  49833.67 99 
120718.0  49833.47 99 
120719.0  49833.33 99 
120720.0  49833.29 99 
120721.0  49833.26 99 
120722.0  49833.34 99 
120723.0  49833.54 99 
120724.0  49833.46 99 
120725.0  49833.47 99 
120726.0  49833.50 99 
120727.0  49833.61 99 
120728.0  49833.56 99 
120729.0  49833.60 99 
120730.0  49833.72 99 
120731.0  49833.90 99 
120732.0  49833.97 99 
120733.0  49833.91 99 
120734.0  49833.91 99 
120735.0  49833.94 99 
120736.0  49833.97 99 
120737.0  49833.99 99 
120738.0  49833.99 99 
120739.0  49833.99 99 
120740.0  49833.98 99 
120741.0  49833.97 99 
120742.0  49833.97 99 
120743.0  49833.97 99 
120744.0  49833.97 99 
120745.0  49833.98 99 
120746.0  49833.95 99 
120747.0  49833.94 99 
120748.0  49833.95 99 
120749.0  49833.93 99 
120750.0  49833.94 99 
120751.0  49833.95 99 
120752.0  49833.96 99 
120753.0  49833.94 99 
120754.0  49833.94 99 
120755.0  49833.91 99 
120756.0  49833.89 99 
120757.0  49833.89 99 
120758.0  49833.86 99 
120759.0  49833.74 99 
120800.0  49833.73 99 
120801.0  49833.72 99 
120802.0  49833.80 99 
120803.0  49833.84 99 
120804.0  49833.83 99 
120805.0  49833.87 99 
120806.0  49833.92 99 
120807.0  49834.02 99 
120808.0  49833.97 99 
120809.0  49833.72 99 
120810.0  49833.56 99 
120811.0  49833.43 99 
120812.0  49833.34 99 
120813.0  49833.32 99 
120814.0  49833.44 99 
120815.0  49833.53 99 
120816.0  49833.49 99 
120817.0  49833.54 99 
120818.0  49833.54 99 
120819.0  49833.54 99 
120820.0  49833.55 99 
120821.0  49833.63 99 
120822.0  49833.90 99 
120823.0  49833.99 99 
120824.0  49834.07 99 
120825.0  49834.12 99 
120826.0  49834.11 99 
120827.0  49834.05 99 
120828.0  49833.99 99 
120829.0  49834.06 99 
120830.0  49834.15 99 
120831.0  49834.16 99 
120832.0  49834.21 99 
120833.0  49834.26 99 
120834.0  49834.33 99 
120835.0  49834.34 99 
120836.0  49834.34 99 
120837.0  49834.30 99 
120838.0  49834.25 99 
120839.0  49834.21 99 
120840.0  49834.18 99 
120841.0  49834.22 99 
120842.0  49834.21 99 
120843.0  49834.24 99 
120844.0  49834.17 99 
120845.0  49834.11 99 
120846.0  49834.10 99 
120847.0  49834.12 99 
120848.0  49834.15 99 
120849.0  49834.20 99 
120850.0  49834.13 99 
120851.0  49834.03 99 
120852.0  49833.93 99 
120853.0  49833.90 99 
120854.0  49833.83 99 
120855.0  49833.78 99 
120856.0  49833.74 99 
120857.0  49833.71 99 
120858.0  49833.69 99 
120859.0  49833.68 99 
120900.0  49833.70 99 
120901.0  49833.69 99 
120902.0  49833.66 99 
120903.0  49833.63 99 
120904.0  49833.74 99 
120905.0  49833.71 99 
120906.0  49833.59 99 
120907.0  49833.54 99 
120908.0  49833.55 99 
120909.0  49833.46 99 
120910.0  49833.40 99 
120911.0  49833.32 99 
120912.0  49833.27 99 
120913.0  49833.26 99 
120914.0  49833.25 99 
120915.0  49833.38 99 
120916.0  49833.42 99 
120917.0  49833.38 99 
120918.0  49833.33 99 
120919.0  49833.36 99 
120920.0  49833.41 99 
120921.0  49833.41 99 
120922.0  49833.39 99 
120923.0  49833.35 99 
120924.0  49833.40 99 
120925.0  49833.41 99 
120926.0  49833.36 99 
120927.0  49833.30 99 
120928.0  49833.19 99 
120929.0  49833.18 99 
120930.0  49833.08 99 
120931.0  49832.99 99 
120932.0  49832.93 99 
120933.0  49832.84 99 
120934.0  49832.78 99 
120935.0  49832.79 99 
120936.0  49832.78 99 
120937.0  49832.89 99 
120938.0  49832.94 99 
120939.0  49832.88 99 
120940.0  49832.80 99 
120941.0  49832.73 99 
120942.0  49832.63 99 
120943.0  49832.46 99 
120944.0  49832.07 99 
120945.0  49831.70 99 
120946.0  49831.39 99 
120947.0  49831.06 99 
120948.0  49830.96 99 
120949.0  49830.85 99 
120950.0  49831.62 99 
120951.0  49831.92 99 
120952.0  49832.06 99 
120953.0  49832.17 99 
120954.0  49832.25 99 
120955.0  49832.26 99 
120956.0  49832.31 99 
120957.0  49832.52 99 
120958.0  49832.64 99 
120959.0  49832.66 99 
121000.0  49832.66 99 
121001.0  49832.70 99 
121002.0  49832.73 99 
121003.0  49832.69 99 
121004.0  49832.57 99 
121005.0  49832.44 99 
121006.0  49832.37 99 
121007.0  49832.35 99 
121008.0  49832.36 99 
121009.0  49832.33 99 
121010.0  49832.41 99 
121011.0  49832.55 99 
121012.0  49832.58 99 
121013.0  49832.51 99 
121014.0  49832.45 99 
121015.0  49832.51 99 
121016.0  49832.55 99 
121017.0  49832.63 99 
121018.0  49832.63 99 
121019.0  49832.57 99 
121020.0  49832.61 99 
121021.0  49832.66 99 
121022.0  49832.73 99 
121023.0  49832.71 99 
121024.0  49832.75 99 
121025.0  49832.63 99 
121026.0  49832.62 99 
121027.0  49832.66 99 
121028.0  49832.68 99 
121029.0  49832.64 99 
121030.0  49832.66 99 
121031.0  49832.66 99 
121032.0  49832.55 99 
121033.0  49832.59 99 
121034.0  49832.74 99 
121035.0  49832.77 99 
121036.0  49832.78 99 
121037.0  49832.85 99 
121038.0  49832.89 99 
121039.0  49832.91 99 
121040.0  49832.93 99 
121041.0  49833.04 99 
121042.0  49833.11 99 
121043.0  49833.19 99 
121044.0  49833.20 99 
121045.0  49833.28 99 
121046.0  49833.22 99 
121047.0  49833.18 99 
121048.0  49833.13 99 
121049.0  49833.13 99 
121050.0  49833.15 99 
121051.0  49833.18 99 
121052.0  49833.21 99 
121053.0  49833.24 99 
121054.0  49833.14 99 
121055.0  49833.05 99 
121056.0  49832.95 99 
121057.0  49832.84 99 
121058.0  49832.82 99 
121059.0  49832.73 99 
121100.0  49832.73 99 
121101.0  49832.63 99 
121102.0  49832.61 99 
121103.0  49832.57 99 
121104.0  49832.57 99 
121105.0  49832.54 99 
121106.0  49832.48 99 
121107.0  49832.49 99 
121108.0  49832.46 99 
121109.0  49832.55 99 
121110.0  49832.72 99 
121111.0  49832.80 99 
121112.0  49832.76 99 
121113.0  49832.76 99 
121114.0  49832.88 99 
121115.0  49832.95 99 
121116.0  49832.99 99 
121117.0  49833.01 99 
121118.0  49832.98 99 
121119.0  49832.95 99 
121120.0  49832.88 99 
121121.0  49832.96 99 
121122.0  49833.08 99 
121123.0  49833.13 99 
121124.0  49833.19 99 
121125.0  49833.21 99 
121126.0  49833.18 99 
121127.0  49833.14 99 
121128.0  49833.09 99 
121129.0  49833.07 99 
121130.0  49833.01 99 
121131.0  49832.99 99 
121132.0  49832.88 99 
121133.0  49832.78 99 
121134.0  49832.75 99 
121135.0  49832.73 99 
121136.0  49832.81 99 
121137.0  49832.76 99 
121138.0  49832.83 99 
121139.0  49832.87 99 
121140.0  49832.86 99 
121141.0  49832.89 99 
121142.0  49832.91 99 
121143.0  49832.96 99 
121144.0  49832.99 99 
121145.0  49833.02 99 
121146.0  49833.05 99 
121147.0  49833.08 99 
121148.0  49832.98 99 
121149.0  49832.98 99 
121150.0  49832.96 99 
121151.0  49832.97 99 
121152.0  49832.94 99 
121153.0  49832.99 99 
121154.0  49832.96 99 
121155.0  49832.86 99 
121156.0  49832.62 99 
121157.0  49832.41 99 
121158.0  49832.27 99 
121159.0  49832.31 99 
121200.0  49832.63 99 
121201.0  49832.80 99 
121202.0  49832.79 99 
121203.0  49832.77 99 
121204.0  49832.70 99 
121205.0  49832.65 99 
121206.0  49832.69 99 
121207.0  49832.84 99 
121208.0  49832.86 99 
121209.0  49832.88 99 
121210.0  49832.91 99 
121211.0  49832.92 99 
121212.0  49832.90 99 
121213.0  49832.93 99 
121214.0  49832.97 99 
121215.0  49832.97 99 
121216.0  49832.96 99 
121217.0  49832.91 99 
121218.0  49832.91 99 
121219.0  49832.84 99 
121220.0  49832.79 99 
121221.0  49832.76 99 
121222.0  49832.76 99 
121223.0  49832.73 99 
121224.0  49832.73 99 
121225.0  49832.78 99 
121226.0  49832.73 99 
121227.0  49832.69 99 
121228.0  49832.69 99 
121229.0  49832.66 99 
121230.0  49832.71 99 
121231.0  49832.72 99 
121232.0  49832.78 99 
121233.0  49832.72 99 
121234.0  49832.56 99 
121235.0  49832.30 99 
121236.0  49832.55 99 
121237.0  49832.66 99 
121238.0  49832.73 99 
121239.0  49832.75 99 
121240.0  49832.79 99 
121241.0  49832.83 99 
121242.0  49832.79 99 
121243.0  49832.71 99 
121244.0  49832.56 99 
121245.0  49832.55 99 
121246.0  49832.52 99 
121247.0  49832.49 99 
121248.0  49832.55 99 
121249.0  49832.67 99 
121250.0  49832.71 99 
121251.0  49832.76 99 
121252.0  49832.83 99 
121253.0  49832.99 99 
121254.0  49833.00 99 
121255.0  49832.97 99 
121256.0  49832.99 99 
121257.0  49832.96 99 
121258.0  49832.97 99 
121259.0  49832.95 99 
121300.0  49832.92 99 
121301.0  49832.86 99 
121302.0  49832.71 99 
121303.0  49832.48 99 
121304.0  49832.47 99 
121305.0  49832.44 99 
121306.0  49832.41 99 
121307.0  49832.47 99 
121308.0  49832.47 99 
121309.0  49832.44 99 
121310.0  49832.48 99 
121311.0  49832.46 99 
121312.0  49832.51 99 
121313.0  49832.52 99 
121314.0  49832.48 99 
121315.0  49832.49 99 
121316.0  49832.64 99 
121317.0  49832.70 99 
121318.0  49832.70 99 
121319.0  49832.72 99 
121320.0  49832.75 99 
121321.0  49832.76 99 
121322.0  49832.76 99 
121323.0  49832.74 99 
121324.0  49832.76 99 
121325.0  49832.75 99 
121326.0  49832.72 99 
121327.0  49832.72 99 
121328.0  49832.66 99 
121329.0  49832.69 99 
121330.0  49832.70 99 
121331.0  49832.63 99 
121332.0  49832.71 99 
121333.0  49832.82 99 
121334.0  49832.79 99 
121335.0  49832.70 99 
121336.0  49832.66 99 
121337.0  49832.64 99 
121338.0  49832.59 99 
121339.0  49832.64 99 
121340.0  49832.68 99 
121341.0  49832.68 99 
121342.0  49832.64 99 
121343.0  49832.66 99 
121344.0  49832.65 99 
121345.0  49832.71 99 
121346.0  49832.69 99 
121347.0  49832.65 99 
121348.0  49832.63 99 
121349.0  49832.61 99 
121350.0  49832.59 99 
121351.0  49832.60 99 
121352.0  49832.58 99 
121353.0  49832.59 99 
121354.0  49832.58 99 
121355.0  49832.59 99 
121356.0  49832.57 99 
121357.0  49832.53 99 
121358.0  49832.51 99 
121359.0  49832.51 99 
121400.0  49832.53 99 
121401.0  49832.53 99 
121402.0  49832.48 99 
121403.0  49832.55 99 
121404.0  49832.54 99 
121405.0  49832.48 99 
121406.0  49832.52 99 
121407.0  49832.55 99 
121408.0  49832.49 99 
121409.0  49832.46 99 
121410.0  49832.40 99 
121411.0  49832.43 99 
121412.0  49832.45 99 
121413.0  49832.42 99 
121414.0  49832.43 99 
121415.0  49832.46 99 
121416.0  49832.46 99 
121417.0  49832.52 99 
121418.0  49832.72 99 
121419.0  49832.78 99 
121420.0  49832.86 99 
121421.0  49832.91 99 
121422.0  49832.92 99 
121423.0  49832.97 99 
121424.0  49833.00 99 
121425.0  49833.08 99 
121426.0  49833.15 99 
121427.0  49833.14 99 
121428.0  49833.14 99 
121429.0  49833.08 99 
121430.0  49833.00 99 
121431.0  49833.04 99 
121432.0  49833.05 99 
121433.0  49832.96 99 
121434.0  49832.81 99 
121435.0  49832.88 99 
121436.0  49832.91 99 
121437.0  49832.88 99 
121438.0  49832.85 99 
121439.0  49832.71 99 
121440.0  49832.51 99 
121441.0  49832.16 99 
121442.0  49832.09 99 
121443.0  49832.08 99 
121444.0  49832.19 99 
121445.0  49832.34 99 
121446.0  49832.40 99 
121447.0  49832.46 99 
121448.0  49832.57 99 
121449.0  49832.70 99 
121450.0  49832.61 99 
121451.0  49832.56 99 
121452.0  49832.60 99 
121453.0  49832.57 99 
121454.0  49832.71 99 
121455.0  49832.88 99 
121456.0  49832.90 99 
121457.0  49832.91 99 
121458.0  49832.92 99 
121459.0  49832.88 99 
121500.0  49832.90 99 
121501.0  49832.92 99 
121502.0  49832.90 99 
121503.0  49832.87 99 
121504.0  49832.89 99 
121505.0  49832.89 99 
121506.0  49832.84 99 
121507.0  49832.89 99 
121508.0  49832.93 99 
121509.0  49832.94 99 
121510.0  49832.92 99 
121511.0  49832.85 99 
121512.0  49832.85 99 
121513.0  49832.78 99 
121514.0  49832.76 99 
121515.0  49832.78 99 
121516.0  49832.81 99 
121517.0  49832.76 99 
121518.0  49832.74 99 
121519.0  49832.70 99 
121520.0  49832.67 99 
121521.0  49832.67 99 
121522.0  49832.66 99 
121523.0  49832.67 99 
121524.0  49832.70 99 
121525.0  49832.69 99 
121526.0  49832.69 99 
121527.0  49832.55 99 
121528.0  49832.41 99 
121529.0  49832.28 99 
121530.0  49832.11 99 
121531.0  49831.84 99 
121532.0  49831.77 99 
121533.0  49831.57 99 
121534.0  49831.52 99 
121535.0  49831.50 99 
121536.0  49831.55 99 
121537.0  49831.54 99 
121538.0  49831.56 99 
121539.0  49831.56 99 
121540.0  49831.57 99 
121541.0  49831.54 99 
121542.0  49831.56 99 
121543.0  49831.56 99 
121544.0  49831.50 99 
121545.0  49831.51 99 
121546.0  49831.50 99 
121547.0  49831.78 99 
121548.0  49831.84 99 
121549.0  49831.99 99 
121550.0  49831.96 99 
121551.0  49831.99 99 
121552.0  49832.07 99 
121553.0  49832.13 99 
121554.0  49832.16 99 
121555.0  49832.12 99 
121556.0  49832.06 99 
121557.0  49832.01 99 
121558.0  49832.00 99 
121559.0  49832.01 99 
121600.0  49832.18 99 
121601.0  49832.23 99 
121602.0  49832.15 99 
121603.0  49832.00 99 
121604.0  49831.92 99 
121605.0  49831.83 99 
121606.0  49831.73 99 
121607.0  49831.71 99 
121608.0  49831.69 99 
121609.0  49831.56 99 
121610.0  49831.25 99 
121611.0  49831.44 99 
121612.0  49831.49 99 
121613.0  49831.46 99 
121614.0  49831.45 99 
121615.0  49831.42 99 
121616.0  49831.41 99 
121617.0  49831.41 99 
121618.0  49831.38 99 
121619.0  49831.33 99 
121620.0  49831.33 99 
121621.0  49831.28 99 
121622.0  49831.24 99 
121623.0  49831.19 99 
121624.0  49831.11 99 
121625.0  49831.11 99 
121626.0  49831.06 99 
121627.0  49831.06 99 
121628.0  49831.08 99 
121629.0  49831.09 99 
121630.0  49831.06 99 
121631.0  49831.03 99 
121632.0  49831.00 99 
121633.0  49830.96 99 
121634.0  49830.88 99 
121635.0  49830.89 99 
121636.0  49830.90 99 
121637.0  49830.90 99 
121638.0  49830.88 99 
121639.0  49830.89 99 
121640.0  49830.90 99 
121641.0  49830.94 99 
121642.0  49831.00 99 
121643.0  49830.80 99 
121644.0  49830.50 99 
121645.0  49830.23 99 
121646.0  49830.02 99 
121647.0  49829.99 99 
121648.0  49830.52 99 
121649.0  49830.85 99 
121650.0  49830.86 99 
121651.0  49830.81 99 
121652.0  49830.81 99 
121653.0  49830.86 99 
121654.0  49830.92 99 
121655.0  49830.98 99 
121656.0  49830.99 99 
121657.0  49830.98 99 
121658.0  49830.94 99 
121659.0  49830.94 99 
121700.0  49830.98 99 
121701.0  49830.90 99 
121702.0  49830.66 99 
121703.0  49830.35 99 
121704.0  49830.12 99 
121705.0  49830.05 99 
121706.0  49829.98 99 
121707.0  49829.93 99 
121708.0  49829.98 99 
121709.0  49830.24 99 
121710.0  49830.22 99 
121711.0  49830.39 99 
121712.0  49830.46 99 
121713.0  49830.55 99 
121714.0  49830.83 99 
121715.0  49830.88 99 
121716.0  49830.91 99 
121717.0  49830.98 99 
121718.0  49830.87 99 
121719.0  49830.81 99 
121720.0  49830.77 99 
121721.0  49830.81 99 
121722.0  49830.91 99 
121723.0  49830.95 99 
121724.0  49830.99 99 
121725.0  49831.01 99 
121726.0  49830.99 99 
121727.0  49830.85 99 
121728.0  49830.63 99 
121729.0  49830.66 99 
121730.0  49830.76 99 
121731.0  49830.81 99 
121732.0  49830.84 99 
121733.0  49830.76 99 
121734.0  49830.70 99 
121735.0  49830.64 99 
121736.0  49830.31 99 
121737.0  49830.07 99 
121738.0  49830.02 99 
121739.0  49830.01 99 
121740.0  49829.84 99 
121741.0  49829.90 99 
121742.0  49829.99 99 
121743.0  49830.05 99 
121744.0  49830.02 99 
121745.0  49829.95 99 
121746.0  49829.96 99 
121747.0  49829.98 99 
121748.0  49829.96 99 
121749.0  49829.99 99 
121750.0  49829.99 99 
121751.0  49829.93 99 
121752.0  49829.99 99 
121753.0  49830.05 99 
121754.0  49830.09 99 
121755.0  49830.01 99 
121756.0  49829.96 99 
121757.0  49829.89 99 
121758.0  49829.70 99 
121759.0  49829.65 99 
121800.0  49829.54 99 
121801.0  49829.79 99 
121802.0  49829.88 99 
121803.0  49829.81 99 
121804.0  49829.98 99 
121805.0  49830.11 99 
121806.0  49830.31 99 
121807.0  49830.42 99 
121808.0  49830.69 99 
121809.0  49830.77 99 
121810.0  49830.76 99 
121811.0  49830.74 99 
121812.0  49830.71 99 
121813.0  49830.69 99 
121814.0  49830.76 99 
121815.0  49830.85 99 
121816.0  49830.90 99 
121817.0  49830.92 99 
121818.0  49830.93 99 
121819.0  49830.93 99 
121820.0  49830.87 99 
121821.0  49830.85 99 
121822.0  49830.86 99 
121823.0  49830.82 99 
121824.0  49830.78 99 
121825.0  49830.76 99 
121826.0  49830.70 99 
121827.0  49830.68 99 
