

/Gem Systems GSM-19GW 4046514 v7.0 4 IV 2013 M ew5fl.v7o                          
/ID 45142 file 01survey.wg  18 VI 26
/00050 sensor distance cm 
/UTC
/X Y elevation nT nT/m sq cor-nT sat time picket-x picket-y 
line  000054
 051.7632274  014.3368790  000074  49224.41 -0495.06 39  000000.00 06 S 085353.0  0  0 
 051.7632272  014.3368791  000074  49225.96 -0501.72 99  000000.00 06 S 085353.5 * * 
 051.7632271  014.3368793  000074  49227.32 -0542.30 79  000000.00 06 S 085354.0 * * 
 051.7632253  014.3368792  000074  49256.98 -0557.80 69  000000.00 06 S 085354.5 * * 
 051.7632236  014.3368792  000074  49347.59 -0546.32 39  000000.00 06 S 085355.0 * * 
 051.7632193  014.3368817  000074  49510.69 -0507.96 29  000000.00 06 S 085355.5 * * 
 051.7632150  014.3368843  000074  49705.76 -0381.30 19  000000.00 06 S 085356.0 * * 
 051.7632106  014.3368855  000074  49930.54 -0205.84 09  000000.00 06 S 085356.5 * * 
 051.7632063  014.3368867  000074  50326.91  0367.06 19  000000.00 06 S 085357.0 * * 
 051.7632015  014.3368885  000074  50529.15  0657.10 09  000000.00 06 S 085357.5 * * 
 051.7631967  014.3368904  000074  50572.47  0690.72 09  000000.00 06 S 085358.0 * * 
 051.7631919  014.3368911  000074  50506.76  0600.02 59  000000.00 06 S 085358.5 * * 
 051.7631872  014.3368918  000074  50398.22  0498.76 29  000000.00 06 S 085359.0 * * 
 051.7631821  014.3368926  000074  50245.72  0352.54 19  000000.00 06 S 085359.5 * * 
 051.7631771  014.3368934  000074  50055.55  0157.64 19  000000.00 06 S 085400.0 * * 
 051.7631721  014.3368947  000074  49899.26  0009.28 19  000000.00 06 S 085400.5 * * 
 051.7631671  014.3368961  000074  49777.65 -0064.94 19  000000.00 06 S 085401.0 * * 
 051.7631622  014.3368972  000074  49679.85 -0143.86 29  000000.00 06 S 085401.5 * * 
 051.7631574  014.3368984  000074  49628.90 -0134.54 09  000000.00 05 S 085402.0 * * 
 051.7631522  014.3369003  000074  49591.22 -0127.52 29  000000.00 05 S 085402.5 * * 
 051.7631470  014.3369022  000074  49553.51 -0138.76 19  000000.00 05 S 085403.0 * * 
 051.7631422  014.3369037  000074  49510.17 -0180.08 19  000000.00 05 S 085403.5 * * 
 051.7631375  014.3369053  000074  49531.01 -0125.50 09  000000.00 05 S 085404.0 * * 
 051.7631319  014.3369070  000074  49504.43 -0180.30 09  000000.00 05 S 085404.5 * * 
 051.7631264  014.3369087  000074  49562.12 -0082.96 09  000000.00 06 S 085405.0 * * 
 051.7631212  014.3369102  000074  49628.60  0068.04 09  000000.00 06 S 085405.5 * * 
 051.7631160  014.3369118  000074  49586.06 -0025.44 09  000000.00 06 S 085406.0 * * 
 051.7631106  014.3369126  000074  48917.56 -1346.20 09  000000.00 06 S 085406.5 * * 
 051.7631052  014.3369135  000074  49664.43  0166.20 09  000000.00 05 S 085407.0 * * 
 051.7631016  014.3369147  000074  48620.32 -1932.70 09  000000.00 05 S 085407.5 * * 
 051.7630980  014.3369160  000074  48445.11 -2242.64 09  000000.00 05 S 085408.0 * * 
 051.7630936  014.3369164  000074  48971.13 -1160.56 09  000000.00 05 S 085408.5 * * 
 051.7630893  014.3369169  000075  49221.06 -0735.26 09  000000.00 05 S 085409.0 * * 
 051.7630883  014.3369181  000075  49564.39 -0057.14 09  000000.00 05 S 085409.5 * * 
 051.7630874  014.3369194  000075  49473.68 -0197.94 09  000000.00 03 P 085410.0 * * 
 051.7630862  014.3369192  000075  49661.80  0203.24 09  000000.00 03 P 085410.5 * * 
 051.7630851  014.3369191  000075  49522.03 -0125.04 09  000000.00 04 S 085411.0 * * 
 051.7630812  014.3369202  000075  48184.12 -2860.74 09  000000.00 04 S 085411.5 * * 
 051.7630774  014.3369214  000075  49175.70 -1092.54 09  000000.00 04 S 085412.0 * * 
 051.7630716  014.3369210  000075  47553.35 -4389.68 09  000000.00 04 S 085412.5 * * 
 051.7630659  014.3369206  000075  49247.42 -1028.22 09  000000.00 03 P 085413.0 * * 
 051.7630600  014.3369192  000075  35410.65 -9999.99 09  000000.00 03 P 085413.5 * * 
 051.7630541  014.3369179  000075  43551.03 -9999.99 09  000000.00 04 S 085414.0 * * 
 051.7630483  014.3369274  000075  37006.92 -9999.99 09  000000.00 04 S 085414.5 * * 
 051.7630426  014.3369369  000075  00000.00 -9999.99 99  000000.00 04 S 085415.0 * * 
 051.7630369  014.3369438  000075  38492.54 -9999.99 09  000000.00 04 S 085415.5 * * 
 051.7630313  014.3369507  000075  38626.82 -9999.99 09  000000.00 06 S 085416.0 * * 
 051.7630304  014.3369491  000075  38422.11 -9999.99 09  000000.00 06 S 085416.5 * * 
 051.7630295  014.3369476  000074  39060.95 -9999.99 09  000000.00 05 S 085417.0 * * 
 051.7630293  014.3369468  000074  38338.01 -9999.99 09  000000.00 05 S 085417.5 * * 
 051.7630291  014.3369460  000074  39339.78 -9999.99 09  000000.00 05 S 085418.0 * * 
 051.7630291  014.3369456  000074  38280.59 -9999.99 09  000000.00 05 S 085418.5 * * 
 051.7630291  014.3369453  000074  38338.38 -9999.99 09  000000.00 05 S 085419.0 * * 
 051.7630286  014.3369449  000074  37156.07 -9999.99 09  000000.00 05 S 085419.5 * * 
 051.7630281  014.3369445  000075  36774.84 -9999.99 09  000000.00 05 S 085420.0 * * 
 051.7630273  014.3369453  000075  34822.35 -9999.99 09  000000.00 05 S 085420.5 * * 
 051.7630266  014.3369462  000074  32837.48 -9999.99 09  000000.00 06 S 085421.0 * * 
 051.7630252  014.3369469  000074  26524.62 -9999.99 09  000000.00 06 S 085421.5 * * 
 051.7630239  014.3369477  000075  31868.50 -9999.99 09  000000.00 06 S 085422.0 * * 
 051.7630236  014.3369493  000075  25508.14 -9999.99 09  000000.00 06 S 085422.5 * * 
 051.7630233  014.3369509  000075  31747.04 -9999.99 09  000000.00 06 S 085423.0 * * 
 051.7630205  014.3369508  000075  25297.40 -9999.99 09  000000.00 06 S 085423.5 * * 
 051.7630177  014.3369507  000075  31961.03 -9999.99 09  000000.00 06 S 085424.0 * * 
 051.7630167  014.3369513  000075  25128.04 -9999.99 09  000000.00 06 S 085424.5 * * 
 051.7630158  014.3369520  000075  31723.87 -9999.99 09  000000.00 06 S 085425.0 * * 
 051.7630153  014.3369523  000075  24625.99 -9999.99 09  000000.00 06 S 085425.5 * * 
 051.7630148  014.3369527  000075  32050.56 -9999.99 09  000000.00 06 S 085426.0 * * 
 051.7630143  014.3369517  000075  24378.23 -9999.99 09  000000.00 06 S 085426.5 * * 
 051.7630139  014.3369507  000075  31767.02 -9999.99 09  000000.00 05 S 085427.0 * * 
 051.7630134  014.3369465  000075  24584.56 -9999.99 09  000000.00 05 S 085427.5 * * 
 051.7630129  014.3369424  000075  31703.82 -9999.99 09  000000.00 05 S 085428.0 * * 
 051.7630130  014.3369401  000075  25021.72 -9999.99 09  000000.00 05 S 085428.5 * * 
 051.7630131  014.3369379  000075  31904.79 -9999.99 09  000000.00 04 S 085429.0 * * 
 051.7630126  014.3369363  000075  25204.13 -9999.99 09  000000.00 04 S 085429.5 * * 
 051.7630122  014.3369347  000075  31861.42 -9999.99 09  000000.00 04 S 085430.0 * * 
 051.7630128  014.3369351  000075  25258.77 -9999.99 09  000000.00 04 S 085430.5 * * 
 051.7630134  014.3369356  000075  31768.11 -9999.99 09  000000.00 05 S 085431.0 * * 
 051.7630137  014.3369353  000075  24528.59 -9999.99 09  000000.00 05 S 085431.5 * * 
 051.7630140  014.3369350  000075  31745.10 -9999.99 09  000000.00 05 S 085432.0 * * 
 051.7630145  014.3369351  000075  24973.55 -9999.99 09  000000.00 05 S 085432.5 * * 
 051.7630151  014.3369353  000075  00000.00  0000.00 09  000000.00 05 S 085433.0 * * 
 051.7630147  014.3369360  000075  25235.48 -9999.99 09  000000.00 05 S 085433.5 * * 
 051.7630143  014.3369367  000075  24462.81 -9999.99 09  000000.00 05 S 085434.0 * * 
 051.7630156  014.3369397  000075  24691.40 -9999.99 09  000000.00 05 S 085434.5 * * 
 051.7630169  014.3369427  000075  24759.70 -9999.99 09  000000.00 05 S 085435.0 * * 
 051.7630166  014.3369423  000075  24755.21 -9999.99 09  000000.00 05 S 085435.5 * * 
 051.7630163  014.3369420  000075  24767.64 -9999.99 09  000000.00 05 S 085436.0 * * 
 051.7630169  014.3369425  000075  24762.60 -9999.99 09  000000.00 05 S 085436.5 * * 
 051.7630175  014.3369430  000075  24743.02 -9999.99 09  000000.00 05 S 085437.0 * * 
 051.7630193  014.3369437  000075  24733.54 -9999.99 09  000000.00 05 S 085437.5 * * 
 051.7630211  014.3369444  000075  24798.47 -9999.99 09  000000.00 05 S 085438.0 * * 
 051.7630237  014.3369427  000075  24859.75 -9999.99 09  000000.00 05 S 085438.5 * * 
 051.7630264  014.3369411  000075  24896.66 -9999.99 09  000000.00 03 P 085439.0 * * 
 051.7630302  014.3369388  000075  24737.71 -9999.99 09  000000.00 03 P 085439.5 * * 
 051.7630341  014.3369365  000075  24786.48 -9999.99 09  000000.00 02 P 085440.0 * * 
 051.7630383  014.3369351  000075  24742.16 -9999.99 09  000000.00 02 P 085440.5 * * 
 051.7630425  014.3369337  000076  24718.34 -9999.99 09  000000.00 03 P 085441.0 * * 
 051.7630468  014.3369332  000076  24606.54 -9999.99 09  000000.00 03 P 085441.5 * * 
 051.7630511  014.3369328  000076  24868.34 -9999.99 09  000000.00 03 P 085442.0 * * 
 051.7630524  014.3369324  000076  24760.53 -9999.99 09  000000.00 03 P 085442.5 * * 
 051.7630538  014.3369321  000075  24829.97 -9999.99 09  000000.00 04 S 085443.0 * * 
 051.7630576  014.3369312  000075  24694.40 -9999.99 09  000000.00 04 S 085443.5 * * 
 051.7630615  014.3369304  000075  24774.53 -9999.99 09  000000.00 03 P 085444.0 * * 
 051.7630648  014.3369308  000075  24765.25 -9999.99 09  000000.00 03 P 085444.5 * * 
 051.7630681  014.3369313  000075  24757.89 -9999.99 09  000000.00 05 S 085445.0 * * 
 051.7630729  014.3369294  000075  24755.11 -9999.99 09  000000.00 05 S 085445.5 * * 
 051.7630778  014.3369275  000075  24750.15 -9999.99 09  000000.00 04 S 085446.0 * * 
 051.7630842  014.3369253  000075  24702.95 -9999.99 09  000000.00 04 S 085446.5 * * 
 051.7630906  014.3369231  000075  24769.68 -9999.99 09  000000.00 05 S 085447.0 * * 
 051.7630995  014.3369208  000075  24764.02 -9999.99 09  000000.00 05 S 085447.5 * * 
 051.7631085  014.3369186  000075  24749.46 -9999.99 09  000000.00 05 S 085448.0 * * 
 051.7631131  014.3369174  000075  24798.05 -9999.99 09  000000.00 05 S 085448.5 * * 
 051.7631177  014.3369162  000075  24761.29 -9999.99 09  000000.00 05 S 085449.0 * * 
 051.7631218  014.3369151  000075  24713.98 -9999.99 09  000000.00 05 S 085449.5 * * 
 051.7631259  014.3369141  000075  24773.40 -9999.99 09  000000.00 05 S 085450.0 * * 
 051.7631316  014.3369122  000075  24753.21 -9999.99 09  000000.00 05 S 085450.5 * * 
 051.7631373  014.3369104  000075  24754.01 -9999.99 09  000000.00 06 S 085451.0 * * 
 051.7631453  014.3369080  000075  24757.97 -9999.99 09  000000.00 06 S 085451.5 * * 
 051.7631533  014.3369056  000076  24762.76 -9999.99 09  000000.00 05 S 085452.0 * * 
 051.7631606  014.3369035  000076  24743.32 -9999.99 09  000000.00 05 S 085452.5 * * 
 051.7631680  014.3369015  000076  24772.49 -9999.99 09  000000.00 05 S 085453.0 * * 
 051.7631742  014.3368997  000076  24778.76 -9999.99 09  000000.00 05 S 085453.5 * * 
 051.7631805  014.3368979  000076  24748.09 -9999.99 09  000000.00 06 S 085454.0 * * 
 051.7631861  014.3368963  000076  24761.59 -9999.99 09  000000.00 06 S 085454.5 * * 
 051.7631918  014.3368948  000076  24782.43 -9999.99 09  000000.00 06 S 085455.0 * * 
 051.7631975  014.3368936  000076  24695.57 -9999.99 09  000000.00 06 S 085455.5 * * 
 051.7632032  014.3368924  000076  24807.43 -9999.99 09  000000.00 06 S 085456.0 * * 
 051.7632058  014.3368928  000076  24732.87 -9999.99 09  000000.00 06 S 085456.5 * * 
 051.7632085  014.3368932  000076  24783.97 -9999.99 09  000000.00 06 S 085457.0 * * 
 051.7632112  014.3368919  000076  24756.16 -9999.99 09  000000.00 06 S 085457.5 * * 
 051.7632140  014.3368906  000076  24769.45 -9999.99 09  000000.00 06 S 085458.0 * * 
 051.7632151  014.3368888  000076  24769.31 -9999.99 09  000000.00 06 S 085458.5 * * 
 051.7632163  014.3368870  000076  24792.46 -9999.99 09  000000.00 06 S 085459.0 * * 
 051.7632163  014.3368870  000076  24768.51 -9999.99 09  000000.00 06 S 085459.5 * * 
 051.7632164  014.3368870  000075  24789.33 -9999.99 09  000000.00 06 S 085500.0 * * 
 051.7632164  014.3368875  000075  24731.96 -9999.99 09  000000.00 06 S 085500.5 * * 
 051.7632165  014.3368881  000075  24796.63 -9999.99 09  000000.00 06 S 085501.0 * * 
 051.7632161  014.3368876  000075  24688.02 -9999.99 09  000000.00 06 S 085501.5 * * 
 051.7632158  014.3368872  000075  24775.92 -9999.99 09  000000.00 06 S 085502.0 * * 
 051.7632151  014.3368869  000075  24764.12 -9999.99 09  000000.00 06 S 085502.5 * * 
 051.7632145  014.3368866  000075  24723.84 -9999.99 09  000000.00 06 S 085503.0 * * 
 051.7632142  014.3368866  000075  24542.28 -9999.99 09  000000.00 06 S 085503.5 * * 
 051.7632139  014.3368867  000075  24710.83 -9999.99 09  000000.00 06 S 085504.0 * * 
 051.7632139  014.3368867  000075  24710.83 -9999.99 09  000000.00 06 S 085504.5 -1  0 
line  000055
 051.7632122  014.3368766  000074  24774.65 -9999.99 09  000000.00 06 S 085608.0 -1  2 
 051.7632103  014.3368763  000074  24738.38 -9999.99 09  000000.00 06 S 085608.5 * * 
 051.7632084  014.3368761  000074  24735.43 -9999.99 09  000000.00 06 S 085609.0 * * 
 051.7632075  014.3368770  000074  24765.18 -9999.99 09  000000.00 06 S 085609.5 * * 
 051.7632066  014.3368779  000074  24750.22 -9999.99 09  000000.00 06 S 085610.0 * * 
 051.7632021  014.3368789  000074  24798.94 -9999.99 09  000000.00 06 S 085610.5 * * 
 051.7631977  014.3368799  000074  24797.44 -9999.99 09  000000.00 06 S 085611.0 * * 
 051.7631929  014.3368821  000074  24726.03 -9999.99 09  000000.00 06 S 085611.5 * * 
 051.7631882  014.3368843  000074  24763.15 -9999.99 09  000000.00 06 S 085612.0 * * 
 051.7631832  014.3368849  000074  24752.64 -9999.99 09  000000.00 06 S 085612.5 * * 
 051.7631782  014.3368855  000074  24756.29 -9999.99 09  000000.00 06 S 085613.0 * * 
 051.7631728  014.3368870  000074  24736.06 -9999.99 09  000000.00 06 S 085613.5 * * 
 051.7631674  014.3368886  000074  24796.64 -9999.99 09  000000.00 06 S 085614.0 * * 
 051.7631616  014.3368900  000074  24782.27 -9999.99 09  000000.00 06 S 085614.5 * * 
 051.7631559  014.3368915  000074  24785.40 -9999.99 09  000000.00 05 S 085615.0 * * 
 051.7631504  014.3368931  000074  24801.13 -9999.99 09  000000.00 05 S 085615.5 * * 
 051.7631450  014.3368948  000074  24785.59 -9999.99 09  000000.00 05 S 085616.0 * * 
 051.7631396  014.3368957  000074  24688.18 -9999.99 09  000000.00 05 S 085616.5 * * 
 051.7631342  014.3368967  000074  24792.04 -9999.99 09  000000.00 05 S 085617.0 * * 
 051.7631289  014.3368982  000074  24767.09 -9999.99 09  000000.00 05 S 085617.5 * * 
 051.7631237  014.3368998  000074  24643.20 -9999.99 09  000000.00 05 S 085618.0 * * 
 051.7631184  014.3369013  000074  24607.01 -9999.99 09  000000.00 05 S 085618.5 * * 
 051.7631132  014.3369028  000074  24717.23 -9999.99 09  000000.00 05 S 085619.0 * * 
 051.7631064  014.3369039  000074  24613.50 -9999.99 09  000000.00 05 S 085619.5 * * 
 051.7630997  014.3369051  000074  24711.24 -9999.99 09  000000.00 05 S 085620.0 * * 
 051.7630974  014.3369058  000074  24775.76 -9999.99 09  000000.00 05 S 085620.5 * * 
 051.7630951  014.3369066  000075  24786.30 -9999.99 09  000000.00 04 S 085621.0 * * 
 051.7630910  014.3369074  000075  24771.28 -9999.99 09  000000.00 04 S 085621.5 * * 
 051.7630869  014.3369083  000075  24757.60 -9999.99 09  000000.00 05 S 085622.0 * * 
 051.7630822  014.3369088  000075  24792.28 -9999.99 09  000000.00 05 S 085622.5 * * 
 051.7630775  014.3369093  000075  24767.27 -9999.99 09  000000.00 06 S 085623.0 * * 
 051.7630727  014.3369106  000075  24667.91 -9999.99 09  000000.00 06 S 085623.5 * * 
 051.7630680  014.3369119  000075  24574.49 -9999.99 09  000000.00 05 S 085624.0 * * 
 051.7630634  014.3369110  000075  24734.92 -9999.99 09  000000.00 05 S 085624.5 * * 
 051.7630589  014.3369101  000076  24167.03 -9999.99 09  000000.00 05 S 085625.0 * * 
 051.7630544  014.3369098  000076  24586.16 -9999.99 09  000000.00 05 S 085625.5 * * 
 051.7630500  014.3369096  000076  24455.69 -9999.99 09  000000.00 06 S 085626.0 * * 
 051.7630439  014.3369127  000076  24247.71 -9999.99 09  000000.00 06 S 085626.5 * * 
 051.7630378  014.3369158  000076  24688.93 -9999.99 09  000000.00 05 S 085627.0 * * 
 051.7630332  014.3369186  000076  24726.72 -9999.99 09  000000.00 05 S 085627.5 * * 
 051.7630286  014.3369214  000075  24270.63 -9999.99 09  000000.00 06 S 085628.0 * * 
 051.7630238  014.3369225  000075  24518.04 -9999.99 09  000000.00 06 S 085628.5 * * 
 051.7630191  014.3369236  000075  24195.52 -9999.99 09  000000.00 04 S 085629.0 * * 
 051.7630173  014.3369242  000075  24254.01 -9999.99 09  000000.00 04 S 085629.5 * * 
 051.7630155  014.3369248  000075  24029.69 -9999.99 09  000000.00 04 S 085630.0 * * 
 051.7630157  014.3369277  000075  24654.93 -9999.99 09  000000.00 04 S 085630.5 * * 
 051.7630159  014.3369307  000075  23894.54 -9999.99 09  000000.00 05 S 085631.0 * * 
 051.7630153  014.3369313  000075  24669.57 -9999.99 09  000000.00 05 S 085631.5 * * 
 051.7630148  014.3369320  000075  23935.68 -9999.99 09  000000.00 06 S 085632.0 * * 
 051.7630121  014.3369304  000075  24671.61 -9999.99 09  000000.00 06 S 085632.5 * * 
 051.7630094  014.3369288  000074  25026.02 -9999.99 09  000000.00 06 S 085633.0 * * 
 051.7630083  014.3369285  000074  24867.46 -9999.99 09  000000.00 06 S 085633.5 * * 
 051.7630072  014.3369283  000074  24345.03 -9999.99 09  000000.00 06 S 085634.0 * * 
 051.7630067  014.3369275  000074  24584.31 -9999.99 09  000000.00 06 S 085634.5 * * 
 051.7630062  014.3369268  000074  23977.29 -9999.99 09  000000.00 06 S 085635.0 * * 
 051.7630063  014.3369269  000074  24485.31 -9999.99 09  000000.00 06 S 085635.5 * * 
 051.7630065  014.3369271  000074  24987.93 -9999.99 09  000000.00 06 S 085636.0 * * 
 051.7630065  014.3369273  000074  24496.87 -9999.99 09  000000.00 06 S 085636.5 * * 
 051.7630066  014.3369276  000074  24561.91 -9999.99 09  000000.00 06 S 085637.0 * * 
 051.7630066  014.3369276  000074  24561.91 -9999.99 09  000000.00 06 S 085637.5  0  2 
line  000055
 051.7630123  014.3368908  000072  23706.51 -9999.99 09  000000.00 04 S 085708.0  0  4 
 051.7630154  014.3368887  000072  24426.67 -9999.99 09  000000.00 04 S 085708.5 * * 
 051.7630186  014.3368866  000072  22870.51 -9999.99 09  000000.00 03 P 085709.0 * * 
 051.7630241  014.3368864  000072  24290.83 -9999.99 09  000000.00 03 P 085709.5 * * 
 051.7630296  014.3368862  000072  22486.29 -9999.99 09  000000.00 04 S 085710.0 * * 
 051.7630351  014.3368849  000072  24344.81 -9999.99 09  000000.00 04 S 085710.5 * * 
 051.7630407  014.3368837  000072  21589.40 -9999.99 09  000000.00 05 S 085711.0 * * 
 051.7630443  014.3368833  000072  24189.61 -9999.99 09  000000.00 05 S 085711.5 * * 
 051.7630479  014.3368830  000071  19181.51 -9999.99 09  000000.00 05 S 085712.0 * * 
 051.7630540  014.3368810  000071  24177.81 -9999.99 09  000000.00 05 S 085712.5 * * 
 051.7630601  014.3368790  000072  17931.45 -9999.99 09  000000.00 04 S 085713.0 * * 
 051.7630689  014.3368770  000072  24902.03 -9999.99 09  000000.00 04 S 085713.5 * * 
 051.7630777  014.3368750  000072  17723.09 -9999.99 09  000000.00 03 P 085714.0 * * 
 051.7630860  014.3368725  000072  24174.65 -9999.99 09  000000.00 03 P 085714.5 * * 
 051.7630943  014.3368700  000073  17661.67 -9999.99 09  000000.00 05 S 085715.0 * * 
 051.7630962  014.3368707  000073  24549.53 -9999.99 09  000000.00 05 S 085715.5 * * 
 051.7630981  014.3368715  000072  17763.74 -9999.99 09  000000.00 05 S 085716.0 * * 
 051.7631038  014.3368705  000072  24708.07 -9999.99 09  000000.00 05 S 085716.5 * * 
 051.7631096  014.3368696  000072  17956.43 -9999.99 09  000000.00 05 S 085717.0 * * 
 051.7631188  014.3368681  000072  24073.18 -9999.99 09  000000.00 05 S 085717.5 * * 
 051.7631281  014.3368666  000073  18101.22 -9999.99 09  000000.00 05 S 085718.0 * * 
 051.7631336  014.3368658  000073  24161.50 -9999.99 09  000000.00 05 S 085718.5 * * 
 051.7631391  014.3368651  000073  17844.39 -9999.99 09  000000.00 05 S 085719.0 * * 
 051.7631469  014.3368639  000073  24161.64 -9999.99 09  000000.00 05 S 085719.5 * * 
 051.7631548  014.3368627  000073  17902.99 -9999.99 09  000000.00 05 S 085720.0 * * 
 051.7631616  014.3368618  000073  24442.67 -9999.99 09  000000.00 05 S 085720.5 * * 
 051.7631685  014.3368610  000074  18368.22 -9999.99 09  000000.00 04 S 085721.0 * * 
 051.7631746  014.3368581  000074  24073.55 -9999.99 09  000000.00 04 S 085721.5 * * 
 051.7631808  014.3368553  000074  18607.31 -9999.99 09  000000.00 04 S 085722.0 * * 
 051.7631874  014.3368538  000074  24060.07 -9999.99 09  000000.00 04 S 085722.5 * * 
 051.7631941  014.3368523  000074  17795.13 -9999.99 09  000000.00 05 S 085723.0 * * 
 051.7631998  014.3368513  000074  24451.60 -9999.99 09  000000.00 05 S 085723.5 * * 
 051.7632056  014.3368503  000074  18208.04 -9999.99 09  000000.00 05 S 085724.0 * * 
 051.7632112  014.3368496  000074  24107.96 -9999.99 09  000000.00 05 S 085724.5 * * 
 051.7632169  014.3368490  000074  18107.16 -9999.99 09  000000.00 06 S 085725.0 * * 
 051.7632173  014.3368506  000074  24480.08 -9999.99 09  000000.00 06 S 085725.5 * * 
 051.7632177  014.3368522  000073  17704.52 -9999.99 09  000000.00 06 S 085726.0 * * 
 051.7632183  014.3368535  000073  24009.07 -9999.99 09  000000.00 06 S 085726.5 * * 
 051.7632189  014.3368548  000073  17740.01 -9999.99 09  000000.00 06 S 085727.0 * * 
 051.7632198  014.3368544  000073  24032.82 -9999.99 09  000000.00 06 S 085727.5 * * 
 051.7632208  014.3368540  000073  17800.48 -9999.99 09  000000.00 06 S 085728.0 * * 
 051.7632209  014.3368530  000073  24261.03 -9999.99 09  000000.00 06 S 085728.5 * * 
 051.7632210  014.3368520  000073  17774.99 -9999.99 09  000000.00 06 S 085729.0 * * 
 051.7632209  014.3368521  000073  23603.06 -9999.99 09  000000.00 06 S 085729.5 * * 
 051.7632208  014.3368522  000073  18358.29 -9999.99 09  000000.00 06 S 085730.0 * * 
 051.7632208  014.3368522  000073  18358.29 -9999.99 09  000000.00 06 S 085730.5 -1  4 
line  000055
 051.7630069  014.3368874  000079  24359.57 -9999.99 09  000000.00 06 S 085911.0 -1  6 
 051.7630093  014.3368873  000079  24774.05 -9999.99 09  000000.00 06 S 085911.5 * * 
 051.7630118  014.3368873  000079  24815.92 -9999.99 09  000000.00 06 S 085912.0 * * 
 051.7630159  014.3368857  000079  24589.26 -9999.99 09  000000.00 06 S 085912.5 * * 
 051.7630201  014.3368842  000078  24607.55 -9999.99 09  000000.00 04 S 085913.0 * * 
 051.7630258  014.3368837  000078  24573.83 -9999.99 09  000000.00 04 S 085913.5 * * 
 051.7630315  014.3368832  000079  24612.96 -9999.99 09  000000.00 05 S 085914.0 * * 
 051.7630371  014.3368817  000079  24720.02 -9999.99 09  000000.00 05 S 085914.5 * * 
 051.7630427  014.3368802  000078  24579.15 -9999.99 09  000000.00 02 P 085915.0 * * 
 051.7630472  014.3368789  000078  24584.00 -9999.99 09  000000.00 02 P 085915.5 * * 
 051.7630517  014.3368776  000078  24765.78 -9999.99 09  000000.00 04 S 085916.0 * * 
 051.7630570  014.3368758  000078  24620.94 -9999.99 09  000000.00 04 S 085916.5 * * 
 051.7630623  014.3368741  000078  24579.42 -9999.99 09  000000.00 06 S 085917.0 * * 
 051.7630691  014.3368725  000078  24483.63 -9999.99 09  000000.00 06 S 085917.5 * * 
 051.7630760  014.3368710  000078  24604.45 -9999.99 09  000000.00 05 S 085918.0 * * 
 051.7630840  014.3368696  000078  24652.49 -9999.99 09  000000.00 05 S 085918.5 * * 
 051.7630920  014.3368682  000078  24585.96 -9999.99 09  000000.00 05 S 085919.0 * * 
 051.7630987  014.3368671  000078  25215.72 -9999.99 09  000000.00 05 S 085919.5 * * 
 051.7631054  014.3368660  000078  24606.20 -9999.99 09  000000.00 04 S 085920.0 * * 
 051.7631122  014.3368642  000078  24779.02 -9999.99 09  000000.00 04 S 085920.5 * * 
 051.7631191  014.3368625  000078  24680.24 -9999.99 09  000000.00 06 S 085921.0 * * 
 051.7631255  014.3368617  000078  24753.91 -9999.99 09  000000.00 06 S 085921.5 * * 
 051.7631319  014.3368609  000078  24682.06 -9999.99 09  000000.00 05 S 085922.0 * * 
 051.7631382  014.3368595  000078  24678.58 -9999.99 09  000000.00 05 S 085922.5 * * 
 051.7631446  014.3368582  000078  24690.59 -9999.99 09  000000.00 05 S 085923.0 * * 
 051.7631521  014.3368575  000078  24781.07 -9999.99 09  000000.00 05 S 085923.5 * * 
 051.7631596  014.3368568  000079  24759.25 -9999.99 09  000000.00 06 S 085924.0 * * 
 051.7631582  014.3368580  000079  24776.35 -9999.99 09  000000.00 06 S 085924.5 * * 
 051.7631569  014.3368592  000076  24742.74 -9999.99 09  000000.00 06 S 085925.0 * * 
 051.7631621  014.3368578  000076  24740.48 -9999.99 09  000000.00 06 S 085925.5 * * 
 051.7631673  014.3368565  000076  24741.05 -9999.99 09  000000.00 06 S 085926.0 * * 
 051.7631740  014.3368555  000076  24731.42 -9999.99 09  000000.00 06 S 085926.5 * * 
 051.7631808  014.3368546  000076  24766.93 -9999.99 09  000000.00 06 S 085927.0 * * 
 051.7631875  014.3368529  000076  24781.54 -9999.99 09  000000.00 06 S 085927.5 * * 
 051.7631942  014.3368513  000076  24672.79 -9999.99 09  000000.00 05 S 085928.0 * * 
 051.7632002  014.3368510  000076  24767.48 -9999.99 09  000000.00 05 S 085928.5 * * 
 051.7632062  014.3368508  000076  24618.69 -9999.99 09  000000.00 06 S 085929.0 * * 
 051.7632097  014.3368502  000076  24796.87 -9999.99 09  000000.00 06 S 085929.5 * * 
 051.7632132  014.3368497  000076  24794.28 -9999.99 09  000000.00 06 S 085930.0 * * 
 051.7632154  014.3368488  000076  24767.19 -9999.99 09  000000.00 06 S 085930.5 * * 
 051.7632177  014.3368480  000075  24756.28 -9999.99 09  000000.00 06 S 085931.0 * * 
 051.7632177  014.3368480  000075  24756.28 -9999.99 09  000000.00 06 S 085931.5  0  6 
line  000055
 051.7632151  014.3368131  000074  24617.38 -9999.99 09  000000.00 06 S 090159.0  0  8 
 051.7632115  014.3368143  000074  24653.62 -9999.99 19  000000.00 06 S 090159.5 * * 
 051.7632079  014.3368156  000074  24664.32 -9999.99 29  000000.00 05 S 090200.0 * * 
 051.7632028  014.3368176  000074  24682.91 -9999.99 19  000000.00 05 S 090200.5 * * 
 051.7631978  014.3368196  000074  24655.34 -9999.99 19  000000.00 05 S 090201.0 * * 
 051.7631928  014.3368209  000074  24668.14 -9999.99 19  000000.00 05 S 090201.5 * * 
 051.7631878  014.3368222  000074  24664.54 -9999.99 19  000000.00 04 S 090202.0 * * 
 051.7631822  014.3368238  000074  24661.83 -9999.99 19  000000.00 04 S 090202.5 * * 
 051.7631766  014.3368254  000074  24665.42 -9999.99 19  000000.00 06 S 090203.0 * * 
 051.7631710  014.3368265  000074  24719.08 -9999.99 09  000000.00 06 S 090203.5 * * 
 051.7631655  014.3368277  000074  24703.84 -9999.99 09  000000.00 05 S 090204.0 * * 
 051.7631605  014.3368277  000074  24629.32 -9999.99 09  000000.00 05 S 090204.5 * * 
 051.7631556  014.3368278  000074  24640.10 -9999.99 09  000000.00 06 S 090205.0 * * 
 051.7631522  014.3368303  000074  24589.15 -9999.99 09  000000.00 06 S 090205.5 * * 
 051.7631488  014.3368329  000074  24697.01 -9999.99 09  000000.00 05 S 090206.0 * * 
 051.7631439  014.3368349  000074  24642.80 -9999.99 09  000000.00 05 S 090206.5 * * 
 051.7631390  014.3368369  000074  24724.90 -9999.99 09  000000.00 05 S 090207.0 * * 
 051.7631330  014.3368378  000074  24681.12 -9999.99 09  000000.00 05 S 090207.5 * * 
 051.7631270  014.3368388  000074  24622.34 -9999.99 09  000000.00 06 S 090208.0 * * 
 051.7631201  014.3368398  000074  24644.03 -9999.99 09  000000.00 06 S 090208.5 * * 
 051.7631133  014.3368409  000074  24656.21 -9999.99 09  000000.00 06 S 090209.0 * * 
 051.7631075  014.3368424  000074  24663.13 -9999.99 09  000000.00 06 S 090209.5 * * 
 051.7631018  014.3368440  000074  24686.33 -9999.99 09  000000.00 05 S 090210.0 * * 
 051.7630962  014.3368452  000074  24610.14 -9999.99 09  000000.00 05 S 090210.5 * * 
 051.7630907  014.3368465  000074  24670.08 -9999.99 09  000000.00 05 S 090211.0 * * 
 051.7630845  014.3368486  000074  24670.17 -9999.99 09  000000.00 05 S 090211.5 * * 
 051.7630784  014.3368507  000074  24647.82 -9999.99 09  000000.00 05 S 090212.0 * * 
 051.7630728  014.3368519  000074  24649.94 -9999.99 09  000000.00 05 S 090212.5 * * 
 051.7630673  014.3368531  000074  24706.96 -9999.99 09  000000.00 04 S 090213.0 * * 
 051.7630617  014.3368540  000074  24681.65 -9999.99 09  000000.00 04 S 090213.5 * * 
 051.7630562  014.3368549  000074  24664.35 -9999.99 09  000000.00 04 S 090214.0 * * 
 051.7630511  014.3368566  000074  24642.62 -9999.99 09  000000.00 04 S 090214.5 * * 
 051.7630461  014.3368583  000074  24672.42 -9999.99 09  000000.00 04 S 090215.0 * * 
 051.7630415  014.3368593  000074  24619.14 -9999.99 09  000000.00 04 S 090215.5 * * 
 051.7630369  014.3368604  000075  24681.90 -9999.99 09  000000.00 06 S 090216.0 * * 
 051.7630346  014.3368660  000075  24582.94 -9999.99 09  000000.00 06 S 090216.5 * * 
 051.7630323  014.3368716  000075  24673.58 -9999.99 09  000000.00 04 S 090217.0 * * 
 051.7630275  014.3368722  000075  24658.07 -9999.99 09  000000.00 04 S 090217.5 * * 
 051.7630227  014.3368729  000075  24663.56 -9999.99 09  000000.00 03 P 090218.0 * * 
 051.7630188  014.3368736  000075  24664.00 -9999.99 09  000000.00 03 P 090218.5 * * 
 051.7630150  014.3368744  000076  24698.64 -9999.99 09  000000.00 05 S 090219.0 * * 
 051.7630136  014.3368752  000076  24727.69 -9999.99 09  000000.00 05 S 090219.5 * * 
 051.7630123  014.3368761  000076  24636.55 -9999.99 09  000000.00 04 S 090220.0 * * 
 051.7630119  014.3368771  000076  24654.14 -9999.99 09  000000.00 04 S 090220.5 * * 
 051.7630115  014.3368781  000075  24525.15 -9999.99 09  000000.00 05 S 090221.0 * * 
 051.7630023  014.3368726  000075  24656.91 -9999.99 09  000000.00 05 S 090221.5 * * 
 051.7629932  014.3368672  000075  24652.11 -9999.99 09  000000.00 06 S 090222.0 * * 
 051.7629899  014.3368633  000075  24876.43 -9999.99 09  000000.00 06 S 090222.5 * * 
 051.7629866  014.3368595  000074  24534.08 -9999.99 09  000000.00 06 S 090223.0 * * 
 051.7629866  014.3368595  000074  24534.08 -9999.99 09  000000.00 06 S 090223.5 -1  8 
line  000056
 051.7629940  014.3368595  000072  24665.97 -9999.99 09  000000.00 06 S 090258.0 -1  10 
 051.7629986  014.3368599  000072  24407.57 -9999.99 09  000000.00 06 S 090258.5 * * 
 051.7630032  014.3368604  000072  24680.32 -9999.99 09  000000.00 05 S 090259.0 * * 
 051.7630088  014.3368597  000072  24758.35 -9999.99 09  000000.00 05 S 090259.5 * * 
 051.7630144  014.3368590  000072  24664.11 -9999.99 09  000000.00 05 S 090300.0 * * 
 051.7630227  014.3368606  000072  24682.70 -9999.99 09  000000.00 05 S 090300.5 * * 
 051.7630311  014.3368623  000072  24713.74 -9999.99 09  000000.00 04 S 090301.0 * * 
 051.7630370  014.3368597  000072  24684.26 -9999.99 09  000000.00 04 S 090301.5 * * 
 051.7630429  014.3368571  000072  24647.27 -9999.99 09  000000.00 04 S 090302.0 * * 
 051.7630490  014.3368555  000072  24681.40 -9999.99 09  000000.00 04 S 090302.5 * * 
 051.7630552  014.3368539  000072  24719.87 -9999.99 09  000000.00 03 P 090303.0 * * 
 051.7630599  014.3368522  000072  24696.58 -9999.99 09  000000.00 03 P 090303.5 * * 
 051.7630647  014.3368505  000071  24695.44 -9999.99 09  000000.00 05 S 090304.0 * * 
 051.7630716  014.3368484  000071  24647.74 -9999.99 09  000000.00 05 S 090304.5 * * 
 051.7630785  014.3368464  000071  24761.97 -9999.99 09  000000.00 05 S 090305.0 * * 
 051.7630861  014.3368445  000071  24646.55 -9999.99 09  000000.00 05 S 090305.5 * * 
 051.7630938  014.3368427  000072  24755.94 -9999.99 09  000000.00 05 S 090306.0 * * 
 051.7631007  014.3368409  000072  24695.72 -9999.99 09  000000.00 05 S 090306.5 * * 
 051.7631077  014.3368391  000072  24767.22 -9999.99 09  000000.00 05 S 090307.0 * * 
 051.7631160  014.3368374  000072  24682.22 -9999.99 09  000000.00 05 S 090307.5 * * 
 051.7631244  014.3368358  000072  24757.62 -9999.99 09  000000.00 05 S 090308.0 * * 
 051.7631313  014.3368348  000072  24721.16 -9999.99 09  000000.00 05 S 090308.5 * * 
 051.7631382  014.3368338  000072  24731.77 -9999.99 09  000000.00 05 S 090309.0 * * 
 051.7631442  014.3368321  000072  24681.88 -9999.99 09  000000.00 05 S 090309.5 * * 
 051.7631503  014.3368304  000073  24774.19 -9999.99 09  000000.00 05 S 090310.0 * * 
 051.7631564  014.3368289  000073  24756.02 -9999.99 09  000000.00 05 S 090310.5 * * 
 051.7631625  014.3368274  000073  24718.50 -9999.99 09  000000.00 06 S 090311.0 * * 
 051.7631656  014.3368277  000073  24745.55 -9999.99 09  000000.00 06 S 090311.5 * * 
 051.7631688  014.3368281  000072  24765.68 -9999.99 09  000000.00 05 S 090312.0 * * 
 051.7631740  014.3368270  000072  24694.73 -9999.99 09  000000.00 05 S 090312.5 * * 
 051.7631793  014.3368260  000072  24651.91 -9999.99 09  000000.00 05 S 090313.0 * * 
 051.7631853  014.3368247  000072  24695.01 -9999.99 09  000000.00 05 S 090313.5 * * 
 051.7631914  014.3368235  000072  24599.95 -9999.99 09  000000.00 05 S 090314.0 * * 
 051.7631972  014.3368224  000072  24665.38 -9999.99 09  000000.00 05 S 090314.5 * * 
 051.7632030  014.3368213  000072  24646.44 -9999.99 09  000000.00 05 S 090315.0 * * 
 051.7632076  014.3368206  000072  24756.70 -9999.99 09  000000.00 05 S 090315.5 * * 
 051.7632123  014.3368200  000072  24737.06 -9999.99 09  000000.00 05 S 090316.0 * * 
 051.7632136  014.3368181  000072  24735.77 -9999.99 09  000000.00 05 S 090316.5 * * 
 051.7632150  014.3368162  000072  24672.53 -9999.99 09  000000.00 06 S 090317.0 * * 
 051.7632150  014.3368162  000072  24672.53 -9999.99 09  000000.00 06 S 090317.5  0  10 
line  000057
 051.7632046  014.3368144  000074  24677.21 -9999.99 09  000000.00 05 S 090511.0  0  12 
 051.7632008  014.3368156  000074  24513.76 -9999.99 09  000000.00 05 S 090511.5 * * 
 051.7631971  014.3368169  000074  24776.98 -9999.99 09  000000.00 04 S 090512.0 * * 
 051.7631927  014.3368173  000074  24633.28 -9999.99 09  000000.00 04 S 090512.5 * * 
 051.7631884  014.3368178  000074  24744.47 -9999.99 09  000000.00 05 S 090513.0 * * 
 051.7631837  014.3368190  000074  24619.90 -9999.99 09  000000.00 05 S 090513.5 * * 
 051.7631791  014.3368203  000074  24660.13 -9999.99 09  000000.00 06 S 090514.0 * * 
 051.7631743  014.3368226  000074  24678.86 -9999.99 09  000000.00 06 S 090514.5 * * 
 051.7631696  014.3368249  000074  24693.50 -9999.99 09  000000.00 06 S 090515.0 * * 
 051.7631650  014.3368258  000074  24636.38 -9999.99 09  000000.00 06 S 090515.5 * * 
 051.7631604  014.3368268  000074  24602.83 -9999.99 09  000000.00 04 S 090516.0 * * 
 051.7631555  014.3368289  000074  24686.25 -9999.99 09  000000.00 04 S 090516.5 * * 
 051.7631507  014.3368310  000074  24696.01 -9999.99 09  000000.00 06 S 090517.0 * * 
 051.7631472  014.3368315  000074  24763.55 -9999.99 09  000000.00 06 S 090517.5 * * 
 051.7631438  014.3368321  000074  24747.39 -9999.99 09  000000.00 06 S 090518.0 * * 
 051.7631425  014.3368316  000074  24786.22 -9999.99 09  000000.00 06 S 090518.5 * * 
 051.7631413  014.3368311  000074  24721.47 -9999.99 09  000000.00 06 S 090519.0 * * 
 051.7631405  014.3368320  000074  24784.80 -9999.99 09  000000.00 06 S 090519.5 * * 
 051.7631398  014.3368330  000074  24690.31 -9999.99 09  000000.00 06 S 090520.0 * * 
 051.7631396  014.3368332  000074  24761.64 -9999.99 09  000000.00 06 S 090520.5 * * 
 051.7631395  014.3368334  000074  24756.60 -9999.99 09  000000.00 06 S 090521.0 * * 
 051.7631388  014.3368340  000074  24726.64 -9999.99 09  000000.00 06 S 090521.5 * * 
 051.7631382  014.3368346  000074  24696.19 -9999.99 09  000000.00 06 S 090522.0 * * 
 051.7631381  014.3368351  000074  24647.67 -9999.99 09  000000.00 06 S 090522.5 * * 
 051.7631381  014.3368356  000074  24680.78 -9999.99 09  000000.00 06 S 090523.0 * * 
 051.7631387  014.3368359  000074  24627.88 -9999.99 09  000000.00 06 S 090523.5 * * 
 051.7631394  014.3368362  000074  24762.63 -9999.99 09  000000.00 06 S 090524.0 * * 
 051.7631387  014.3368364  000074  24601.34 -9999.99 09  000000.00 06 S 090524.5 * * 
 051.7631381  014.3368367  000074  24659.39 -9999.99 09  000000.00 06 S 090525.0 * * 
 051.7631379  014.3368359  000074  24625.60 -9999.99 09  000000.00 06 S 090525.5 * * 
 051.7631378  014.3368352  000074  24722.04 -9999.99 09  000000.00 06 S 090526.0 * * 
 051.7631376  014.3368351  000074  24715.86 -9999.99 09  000000.00 06 S 090526.5 * * 
 051.7631374  014.3368350  000074  24654.82 -9999.99 09  000000.00 06 S 090527.0 * * 
 051.7631374  014.3368361  000074  24676.15 -9999.99 09  000000.00 06 S 090527.5 * * 
 051.7631375  014.3368373  000074  24639.55 -9999.99 09  000000.00 06 S 090528.0 * * 
 051.7631376  014.3368367  000074  24720.36 -9999.99 09  000000.00 06 S 090528.5 * * 
 051.7631377  014.3368362  000074  24536.74 -9999.99 09  000000.00 06 S 090529.0 * * 
 051.7631379  014.3368362  000074  24682.29 -9999.99 09  000000.00 06 S 090529.5 * * 
 051.7631381  014.3368362  000074  24524.49 -9999.99 09  000000.00 06 S 090530.0 * * 
 051.7631377  014.3368351  000074  24693.03 -9999.99 09  000000.00 06 S 090530.5 * * 
 051.7631374  014.3368341  000074  24630.10 -9999.99 09  000000.00 06 S 090531.0 * * 
 051.7631372  014.3368349  000074  24707.44 -9999.99 09  000000.00 06 S 090531.5 * * 
 051.7631370  014.3368357  000074  24699.77 -9999.99 09  000000.00 06 S 090532.0 * * 
 051.7631370  014.3368361  000074  24693.08 -9999.99 09  000000.00 06 S 090532.5 * * 
 051.7631370  014.3368365  000074  24671.82 -9999.99 09  000000.00 06 S 090533.0 * * 
 051.7631388  014.3368367  000074  24647.43 -9999.99 09  000000.00 06 S 090533.5 * * 
 051.7631406  014.3368369  000074  24745.21 -9999.99 09  000000.00 06 S 090534.0 * * 
 051.7631443  014.3368364  000074  24686.56 -9999.99 09  000000.00 06 S 090534.5 * * 
 051.7631480  014.3368360  000074  24556.81 -9999.99 09  000000.00 06 S 090535.0 * * 
 051.7631530  014.3368339  000074  24683.90 -9999.99 09  000000.00 06 S 090535.5 * * 
 051.7631581  014.3368318  000074  24691.42 -9999.99 09  000000.00 03 P 090536.0 * * 
 051.7631648  014.3368288  000074  24599.83 -9999.99 09  000000.00 03 P 090536.5 * * 
 051.7631715  014.3368259  000074  24679.44 -9999.99 09  000000.00 05 S 090537.0 * * 
 051.7631771  014.3368238  000074  24656.38 -9999.99 09  000000.00 05 S 090537.5 * * 
 051.7631827  014.3368217  000074  24629.24 -9999.99 09  000000.00 05 S 090538.0 * * 
 051.7631886  014.3368198  000074  24672.81 -9999.99 09  000000.00 05 S 090538.5 * * 
 051.7631945  014.3368179  000074  24568.13 -9999.99 09  000000.00 06 S 090539.0 * * 
 051.7631989  014.3368166  000074  24593.79 -9999.99 09  000000.00 06 S 090539.5 * * 
 051.7632033  014.3368153  000074  24680.97 -9999.99 09  000000.00 06 S 090540.0 * * 
 051.7632055  014.3368167  000074  24645.68 -9999.99 09  000000.00 06 S 090540.5 * * 
 051.7632077  014.3368181  000074  24623.81 -9999.99 09  000000.00 06 S 090541.0 * * 
 051.7632091  014.3368177  000074  24781.72 -9999.99 09  000000.00 06 S 090541.5 * * 
 051.7632106  014.3368174  000074  24735.04 -9999.99 09  000000.00 06 S 090542.0 * * 
 051.7632108  014.3368179  000074  24683.37 -9999.99 09  000000.00 06 S 090542.5 * * 
 051.7632111  014.3368184  000074  24653.99 -9999.99 09  000000.00 06 S 090543.0 * * 
 051.7632107  014.3368189  000074  24738.71 -9999.99 09  000000.00 06 S 090543.5 * * 
 051.7632103  014.3368195  000073  24663.32 -9999.99 09  000000.00 06 S 090544.0 * * 
 051.7632095  014.3368200  000073  24679.92 -9999.99 09  000000.00 06 S 090544.5 * * 
 051.7632087  014.3368206  000073  24635.57 -9999.99 09  000000.00 06 S 090545.0 * * 
 051.7632084  014.3368205  000073  24723.48 -9999.99 09  000000.00 06 S 090545.5 * * 
 051.7632081  014.3368205  000073  24574.58 -9999.99 09  000000.00 06 S 090546.0 * * 
 051.7632083  014.3368206  000073  24598.25 -9999.99 09  000000.00 06 S 090546.5 * * 
 051.7632085  014.3368207  000073  24543.73 -9999.99 09  000000.00 06 S 090547.0 * * 
 051.7632087  014.3368206  000073  24648.59 -9999.99 09  000000.00 06 S 090547.5 * * 
 051.7632089  014.3368206  000072  24588.16 -9999.99 09  000000.00 05 S 090548.0 * * 
 051.7632090  014.3368205  000072  24762.13 -9999.99 09  000000.00 05 S 090548.5 * * 
 051.7632092  014.3368204  000072  24785.46 -9999.99 09  000000.00 05 S 090549.0 * * 
 051.7632094  014.3368207  000072  24751.17 -9999.99 09  000000.00 05 S 090549.5 * * 
 051.7632096  014.3368210  000072  24747.50 -9999.99 09  000000.00 05 S 090550.0 * * 
 051.7632098  014.3368209  000072  24749.59 -9999.99 09  000000.00 05 S 090550.5 * * 
 051.7632101  014.3368208  000072  24749.51 -9999.99 09  000000.00 05 S 090551.0 * * 
 051.7632103  014.3368207  000072  24746.99 -9999.99 09  000000.00 05 S 090551.5 * * 
 051.7632105  014.3368206  000072  24723.55 -9999.99 09  000000.00 05 S 090552.0 * * 
 051.7632108  014.3368206  000072  24728.05 -9999.99 09  000000.00 05 S 090552.5 * * 
 051.7632111  014.3368206  000072  24535.55 -9999.99 09  000000.00 05 S 090553.0 * * 
 051.7632113  014.3368205  000072  24645.46 -9999.99 09  000000.00 05 S 090553.5 * * 
 051.7632115  014.3368205  000072  24735.39 -9999.99 09  000000.00 05 S 090554.0 * * 
 051.7632116  014.3368204  000072  24664.54 -9999.99 09  000000.00 05 S 090554.5 * * 
 051.7632118  014.3368204  000072  24677.64 -9999.99 09  000000.00 05 S 090555.0 * * 
 051.7632118  014.3368204  000072  24677.64 -9999.99 09  000000.00 05 S 090555.5 -1  12 
 051.7632072  014.3367930  000074  24715.54 -9999.99 09  000000.00 06 S 090752.0 -1  12 
 051.7632027  014.3367941  000074  24761.40 -9999.99 09  000000.00 06 S 090752.5 * * 
 051.7631983  014.3367952  000074  24590.82 -9999.99 09  000000.00 04 S 090753.0 * * 
 051.7631926  014.3367966  000074  24598.17 -9999.99 09  000000.00 04 S 090753.5 * * 
 051.7631869  014.3367981  000074  24605.17 -9999.99 09  000000.00 04 S 090754.0 * * 
 051.7631809  014.3367992  000074  24829.25 -9999.99 09  000000.00 04 S 090754.5 * * 
 051.7631749  014.3368003  000074  24636.57 -9999.99 09  000000.00 05 S 090755.0 * * 
 051.7631690  014.3368020  000074  24721.63 -9999.99 09  000000.00 05 S 090755.5 * * 
 051.7631631  014.3368037  000074  24763.45 -9999.99 09  000000.00 05 S 090756.0 * * 
 051.7631571  014.3368059  000074  24670.32 -9999.99 09  000000.00 05 S 090756.5 * * 
 051.7631511  014.3368082  000074  24606.48 -9999.99 09  000000.00 05 S 090757.0 * * 
 051.7631453  014.3368094  000074  24715.00 -9999.99 09  000000.00 05 S 090757.5 * * 
 051.7631396  014.3368107  000074  24756.89 -9999.99 09  000000.00 05 S 090758.0 * * 
 051.7631347  014.3368121  000074  24682.78 -9999.99 09  000000.00 05 S 090758.5 * * 
 051.7631299  014.3368135  000074  24721.34 -9999.99 09  000000.00 06 S 090759.0 * * 
 051.7631241  014.3368156  000074  24756.50 -9999.99 09  000000.00 06 S 090759.5 * * 
 051.7631183  014.3368178  000074  24700.87 -9999.99 09  000000.00 06 S 090800.0 * * 
 051.7631116  014.3368195  000074  24682.29 -9999.99 09  000000.00 06 S 090800.5 * * 
 051.7631050  014.3368212  000074  24686.27 -9999.99 09  000000.00 05 S 090801.0 * * 
 051.7630991  014.3368232  000074  24686.00 -9999.99 09  000000.00 05 S 090801.5 * * 
 051.7630932  014.3368252  000074  24750.36 -9999.99 09  000000.00 06 S 090802.0 * * 
 051.7630870  014.3368266  000074  24744.13 -9999.99 09  000000.00 06 S 090802.5 * * 
 051.7630809  014.3368280  000074  24681.85 -9999.99 09  000000.00 05 S 090803.0 * * 
 051.7630748  014.3368300  000074  24619.93 -9999.99 09  000000.00 05 S 090803.5 * * 
 051.7630688  014.3368320  000074  24732.83 -9999.99 09  000000.00 05 S 090804.0 * * 
 051.7630628  014.3368338  000074  24601.24 -9999.99 09  000000.00 05 S 090804.5 * * 
 051.7630569  014.3368357  000074  24629.16 -9999.99 09  000000.00 05 S 090805.0 * * 
 051.7630518  014.3368372  000074  24621.10 -9999.99 09  000000.00 05 S 090805.5 * * 
 051.7630468  014.3368387  000074  24646.33 -9999.99 09  000000.00 05 S 090806.0 * * 
 051.7630427  014.3368411  000074  24510.81 -9999.99 09  000000.00 05 S 090806.5 * * 
 051.7630386  014.3368435  000074  24358.14 -9999.99 09  000000.00 04 S 090807.0 * * 
 051.7630328  014.3368455  000074  24427.74 -9999.99 09  000000.00 04 S 090807.5 * * 
 051.7630271  014.3368476  000074  24380.96 -9999.99 09  000000.00 05 S 090808.0 * * 
 051.7630218  014.3368497  000074  24130.42 -9999.99 09  000000.00 05 S 090808.5 * * 
 051.7630165  014.3368518  000074  24768.38 -9999.99 09  000000.00 06 S 090809.0 * * 
 051.7630119  014.3368535  000074  24311.62 -9999.99 09  000000.00 06 S 090809.5 * * 
 051.7630074  014.3368552  000074  24606.48 -9999.99 09  000000.00 05 S 090810.0 * * 
 051.7630044  014.3368574  000074  24733.45 -9999.99 09  000000.00 05 S 090810.5 * * 
 051.7630014  014.3368597  000074  24770.31 -9999.99 09  000000.00 05 S 090811.0 * * 
 051.7629984  014.3368593  000074  24610.46 -9999.99 09  000000.00 05 S 090811.5 * * 
 051.7629954  014.3368590  000074  24472.30 -9999.99 09  000000.00 06 S 090812.0 * * 
 051.7629933  014.3368586  000074  24678.02 -9999.99 09  000000.00 06 S 090812.5 * * 
 051.7629913  014.3368582  000073  24786.40 -9999.99 09  000000.00 06 S 090813.0 * * 
 051.7629880  014.3368522  000073  24747.46 -9999.99 09  000000.00 06 S 090813.5 * * 
 051.7629847  014.3368462  000073  24658.00 -9999.99 09  000000.00 06 S 090814.0 * * 
 051.7629859  014.3368492  000073  24659.46 -9999.99 09  000000.00 06 S 090814.5 * * 
 051.7629872  014.3368522  000073  24643.37 -9999.99 09  000000.00 06 S 090815.0 * * 
 051.7629875  014.3368521  000073  24705.27 -9999.99 09  000000.00 06 S 090815.5 * * 
 051.7629879  014.3368520  000072  24722.84 -9999.99 09  000000.00 06 S 090816.0 * * 
 051.7629869  014.3368514  000072  24643.75 -9999.99 09  000000.00 06 S 090816.5 * * 
 051.7629860  014.3368508  000072  24706.64 -9999.99 09  000000.00 05 S 090817.0 * * 
 051.7629835  014.3368519  000072  24713.93 -9999.99 09  000000.00 05 S 090817.5 * * 
 051.7629811  014.3368531  000072  24729.84 -9999.99 09  000000.00 06 S 090818.0 * * 
 051.7629818  014.3368542  000072  24691.12 -9999.99 09  000000.00 06 S 090818.5 * * 
 051.7629826  014.3368553  000072  24868.77 -9999.99 09  000000.00 06 S 090819.0 * * 
 051.7629826  014.3368553  000072  24868.77 -9999.99 09  000000.00 06 S 090819.5 -2  12 
line  000058
 051.7629998  014.3368692  000077  24686.65 -9999.99 09  000000.00 05 S 090856.0 -2  14 
 051.7630033  014.3368688  000077  24744.55 -9999.99 09  000000.00 05 S 090856.5 * * 
 051.7630069  014.3368684  000078  24819.83 -9999.99 09  000000.00 04 S 090857.0 * * 
 051.7630115  014.3368659  000078  24789.61 -9999.99 09  000000.00 04 S 090857.5 * * 
 051.7630162  014.3368635  000077  24809.52 -9999.99 09  000000.00 04 S 090858.0 * * 
 051.7630225  014.3368628  000077  24773.72 -9999.99 09  000000.00 04 S 090858.5 * * 
 051.7630289  014.3368621  000077  24727.95 -9999.99 09  000000.00 06 S 090859.0 * * 
 051.7630342  014.3368603  000077  24774.69 -9999.99 09  000000.00 06 S 090859.5 * * 
 051.7630396  014.3368586  000077  24724.11 -9999.99 09  000000.00 03 P 090900.0 * * 
 051.7630474  014.3368590  000077  24796.12 -9999.99 09  000000.00 03 P 090900.5 * * 
 051.7630552  014.3368594  000077  24756.62 -9999.99 09  000000.00 05 S 090901.0 * * 
 051.7630595  014.3368546  000077  24769.40 -9999.99 09  000000.00 05 S 090901.5 * * 
 051.7630638  014.3368498  000077  24721.26 -9999.99 09  000000.00 05 S 090902.0 * * 
 051.7630698  014.3368474  000077  24720.34 -9999.99 09  000000.00 05 S 090902.5 * * 
 051.7630758  014.3368451  000077  24750.33 -9999.99 09  000000.00 05 S 090903.0 * * 
 051.7630819  014.3368429  000077  24727.85 -9999.99 09  000000.00 05 S 090903.5 * * 
 051.7630880  014.3368407  000077  24806.34 -9999.99 09  000000.00 05 S 090904.0 * * 
 051.7630937  014.3368389  000077  24795.52 -9999.99 09  000000.00 05 S 090904.5 * * 
 051.7630994  014.3368372  000077  24712.35 -9999.99 09  000000.00 05 S 090905.0 * * 
 051.7631050  014.3368350  000077  24747.10 -9999.99 09  000000.00 05 S 090905.5 * * 
 051.7631106  014.3368329  000077  24759.77 -9999.99 09  000000.00 05 S 090906.0 * * 
 051.7631166  014.3368310  000077  24793.14 -9999.99 09  000000.00 05 S 090906.5 * * 
 051.7631226  014.3368291  000077  24755.39 -9999.99 09  000000.00 05 S 090907.0 * * 
 051.7631285  014.3368268  000077  24755.60 -9999.99 09  000000.00 05 S 090907.5 * * 
 051.7631345  014.3368245  000077  24729.48 -9999.99 09  000000.00 05 S 090908.0 * * 
 051.7631400  014.3368230  000077  24748.25 -9999.99 09  000000.00 05 S 090908.5 * * 
 051.7631456  014.3368215  000077  24781.01 -9999.99 09  000000.00 05 S 090909.0 * * 
 051.7631504  014.3368197  000077  24786.27 -9999.99 09  000000.00 05 S 090909.5 * * 
 051.7631552  014.3368179  000076  24776.54 -9999.99 09  000000.00 05 S 090910.0 * * 
 051.7631610  014.3368162  000076  24757.99 -9999.99 09  000000.00 05 S 090910.5 * * 
 051.7631668  014.3368146  000077  24716.77 -9999.99 09  000000.00 05 S 090911.0 * * 
 051.7631728  014.3368121  000077  24746.07 -9999.99 09  000000.00 05 S 090911.5 * * 
 051.7631788  014.3368097  000076  24746.05 -9999.99 09  000000.00 05 S 090912.0 * * 
 051.7631840  014.3368074  000076  24770.34 -9999.99 09  000000.00 05 S 090912.5 * * 
 051.7631893  014.3368052  000076  24786.79 -9999.99 09  000000.00 05 S 090913.0 * * 
 051.7631951  014.3368027  000076  24763.16 -9999.99 09  000000.00 05 S 090913.5 * * 
 051.7632009  014.3368002  000076  24723.55 -9999.99 09  000000.00 04 S 090914.0 * * 
 051.7632057  014.3367992  000076  24787.97 -9999.99 09  000000.00 04 S 090914.5 * * 
 051.7632106  014.3367982  000076  24724.37 -9999.99 09  000000.00 05 S 090915.0 * * 
 051.7632139  014.3367976  000076  24765.93 -9999.99 09  000000.00 05 S 090915.5 * * 
 051.7632173  014.3367971  000076  24785.75 -9999.99 09  000000.00 06 S 090916.0 * * 
 051.7632175  014.3367957  000076  24746.05 -9999.99 09  000000.00 06 S 090916.5 * * 
 051.7632177  014.3367944  000076  24741.92 -9999.99 09  000000.00 05 S 090917.0 * * 
 051.7632177  014.3367944  000076  24741.92 -9999.99 09  000000.00 05 S 090917.5 -1  14 
line  000059
 051.7632023  014.3367632  000074  24715.65 -9999.99 09  000000.00 06 S 091000.0 -1  16 
 051.7631983  014.3367634  000074  24801.31 -9999.99 09  000000.00 06 S 091000.5 * * 
 051.7631943  014.3367637  000074  24746.65 -9999.99 09  000000.00 06 S 091001.0 * * 
 051.7631890  014.3367652  000074  24806.58 -9999.99 09  000000.00 06 S 091001.5 * * 
 051.7631838  014.3367667  000074  24730.77 -9999.99 09  000000.00 05 S 091002.0 * * 
 051.7631782  014.3367688  000074  24816.27 -9999.99 09  000000.00 05 S 091002.5 * * 
 051.7631726  014.3367709  000074  24771.69 -9999.99 09  000000.00 05 S 091003.0 * * 
 051.7631666  014.3367729  000074  24749.28 -9999.99 09  000000.00 05 S 091003.5 * * 
 051.7631607  014.3367750  000074  24818.95 -9999.99 09  000000.00 05 S 091004.0 * * 
 051.7631547  014.3367769  000074  24741.95 -9999.99 09  000000.00 05 S 091004.5 * * 
 051.7631487  014.3367788  000074  24739.68 -9999.99 09  000000.00 06 S 091005.0 * * 
 051.7631429  014.3367811  000074  24737.19 -9999.99 09  000000.00 06 S 091005.5 * * 
 051.7631371  014.3367834  000074  24775.16 -9999.99 09  000000.00 05 S 091006.0 * * 
 051.7631314  014.3367847  000074  24684.83 -9999.99 09  000000.00 05 S 091006.5 * * 
 051.7631257  014.3367861  000074  24765.98 -9999.99 09  000000.00 06 S 091007.0 * * 
 051.7631190  014.3367880  000074  24716.36 -9999.99 09  000000.00 06 S 091007.5 * * 
 051.7631123  014.3367900  000074  24761.01 -9999.99 09  000000.00 06 S 091008.0 * * 
 051.7631053  014.3367921  000074  24731.38 -9999.99 09  000000.00 06 S 091008.5 * * 
 051.7630983  014.3367942  000074  24748.30 -9999.99 09  000000.00 06 S 091009.0 * * 
 051.7630922  014.3367961  000074  24786.47 -9999.99 09  000000.00 06 S 091009.5 * * 
 051.7630862  014.3367981  000074  24762.37 -9999.99 09  000000.00 06 S 091010.0 * * 
 051.7630801  014.3367995  000074  24777.77 -9999.99 09  000000.00 06 S 091010.5 * * 
 051.7630740  014.3368010  000074  24772.70 -9999.99 09  000000.00 06 S 091011.0 * * 
 051.7630679  014.3368024  000074  24712.87 -9999.99 09  000000.00 06 S 091011.5 * * 
 051.7630619  014.3368038  000073  24744.00 -9999.99 09  000000.00 06 S 091012.0 * * 
 051.7630547  014.3368059  000073  24779.57 -9999.99 09  000000.00 06 S 091012.5 * * 
 051.7630476  014.3368081  000073  24595.44 -9999.99 09  000000.00 06 S 091013.0 * * 
 051.7630414  014.3368099  000073  24739.03 -9999.99 09  000000.00 06 S 091013.5 * * 
 051.7630353  014.3368117  000073  24704.24 -9999.99 09  000000.00 06 S 091014.0 * * 
 051.7630294  014.3368136  000073  24864.40 -9999.99 09  000000.00 06 S 091014.5 * * 
 051.7630236  014.3368156  000074  24769.74 -9999.99 09  000000.00 05 S 091015.0 * * 
 051.7630176  014.3368176  000074  24810.75 -9999.99 09  000000.00 05 S 091015.5 * * 
 051.7630117  014.3368197  000074  24823.88 -9999.99 09  000000.00 04 S 091016.0 * * 
 051.7630060  014.3368222  000074  24767.67 -9999.99 09  000000.00 04 S 091016.5 * * 
 051.7630004  014.3368247  000074  24716.12 -9999.99 09  000000.00 04 S 091017.0 * * 
 051.7629968  014.3368270  000074  24742.76 -9999.99 09  000000.00 04 S 091017.5 * * 
 051.7629932  014.3368294  000074  24757.49 -9999.99 09  000000.00 05 S 091018.0 * * 
 051.7629902  014.3368303  000074  24718.96 -9999.99 09  000000.00 05 S 091018.5 * * 
 051.7629872  014.3368313  000074  24762.94 -9999.99 09  000000.00 05 S 091019.0 * * 
 051.7629852  014.3368294  000074  24696.11 -9999.99 09  000000.00 05 S 091019.5 * * 
 051.7629832  014.3368275  000074  24717.36 -9999.99 09  000000.00 06 S 091020.0 * * 
 051.7629832  014.3368275  000074  24717.36 -9999.99 09  000000.00 06 S 091020.5 -2  16 
line  000060
 051.7629843  014.3368318  000074  24759.44 -9999.99 09  000000.00 06 S 091051.0 -2  18 
 051.7629881  014.3368312  000074  24677.24 -9999.99 09  000000.00 06 S 091051.5 * * 
 051.7629919  014.3368306  000074  24624.45 -9999.99 09  000000.00 05 S 091052.0 * * 
 051.7629975  014.3368295  000074  24829.31 -9999.99 09  000000.00 05 S 091052.5 * * 
 051.7630031  014.3368284  000074  24718.10 -9999.99 09  000000.00 04 S 091053.0 * * 
 051.7630100  014.3368271  000074  24745.70 -9999.99 09  000000.00 04 S 091053.5 * * 
 051.7630169  014.3368259  000074  24759.73 -9999.99 09  000000.00 05 S 091054.0 * * 
 051.7630227  014.3368239  000074  24909.70 -9999.99 09  000000.00 05 S 091054.5 * * 
 051.7630286  014.3368219  000074  24788.31 -9999.99 09  000000.00 05 S 091055.0 * * 
 051.7630343  014.3368199  000074  24802.35 -9999.99 09  000000.00 05 S 091055.5 * * 
 051.7630400  014.3368180  000074  24708.60 -9999.99 09  000000.00 05 S 091056.0 * * 
 051.7630457  014.3368148  000074  24801.05 -9999.99 09  000000.00 05 S 091056.5 * * 
 051.7630515  014.3368117  000074  24788.04 -9999.99 09  000000.00 05 S 091057.0 * * 
 051.7630578  014.3368095  000074  24810.37 -9999.99 09  000000.00 05 S 091057.5 * * 
 051.7630641  014.3368073  000074  24791.73 -9999.99 09  000000.00 06 S 091058.0 * * 
 051.7630703  014.3368050  000074  24798.86 -9999.99 09  000000.00 06 S 091058.5 * * 
 051.7630766  014.3368027  000074  24737.05 -9999.99 09  000000.00 06 S 091059.0 * * 
 051.7630825  014.3368011  000074  24760.20 -9999.99 09  000000.00 06 S 091059.5 * * 
 051.7630884  014.3367996  000074  24734.87 -9999.99 09  000000.00 06 S 091100.0 * * 
 051.7630935  014.3367983  000074  24796.77 -9999.99 09  000000.00 06 S 091100.5 * * 
 051.7630987  014.3367970  000073  24781.51 -9999.99 09  000000.00 06 S 091101.0 * * 
 051.7631047  014.3367951  000073  24771.18 -9999.99 09  000000.00 06 S 091101.5 * * 
 051.7631107  014.3367932  000073  24793.24 -9999.99 09  000000.00 05 S 091102.0 * * 
 051.7631172  014.3367911  000073  24775.13 -9999.99 09  000000.00 05 S 091102.5 * * 
 051.7631238  014.3367890  000073  24771.70 -9999.99 09  000000.00 05 S 091103.0 * * 
 051.7631294  014.3367868  000073  24809.70 -9999.99 09  000000.00 05 S 091103.5 * * 
 051.7631350  014.3367847  000074  24719.70 -9999.99 09  000000.00 05 S 091104.0 * * 
 051.7631410  014.3367819  000074  24758.81 -9999.99 09  000000.00 05 S 091104.5 * * 
 051.7631471  014.3367791  000074  24720.55 -9999.99 09  000000.00 05 S 091105.0 * * 
 051.7631533  014.3367771  000074  24884.53 -9999.99 09  000000.00 05 S 091105.5 * * 
 051.7631595  014.3367752  000074  24736.42 -9999.99 09  000000.00 06 S 091106.0 * * 
 051.7631659  014.3367728  000074  24813.51 -9999.99 09  000000.00 06 S 091106.5 * * 
 051.7631723  014.3367704  000074  24781.09 -9999.99 09  000000.00 05 S 091107.0 * * 
 051.7631785  014.3367684  000074  24738.48 -9999.99 09  000000.00 05 S 091107.5 * * 
 051.7631848  014.3367665  000074  24778.16 -9999.99 09  000000.00 05 S 091108.0 * * 
 051.7631904  014.3367645  000074  24772.17 -9999.99 09  000000.00 05 S 091108.5 * * 
 051.7631960  014.3367626  000074  24727.55 -9999.99 09  000000.00 05 S 091109.0 * * 
 051.7631999  014.3367616  000074  24757.94 -9999.99 09  000000.00 05 S 091109.5 * * 
 051.7632039  014.3367607  000074  24748.88 -9999.99 09  000000.00 05 S 091110.0 * * 
 051.7632039  014.3367607  000074  24748.88 -9999.99 09  000000.00 05 S 091110.5 -1  18 
line  000061
 051.7631994  014.3367379  000073  24739.71 -9999.99 09  000000.00 05 S 091139.0 -1  20 
 051.7631981  014.3367383  000073  24755.95 -9999.99 09  000000.00 05 S 091139.5 * * 
 051.7631969  014.3367387  000073  24752.88 -9999.99 09  000000.00 05 S 091140.0 * * 
 051.7631926  014.3367397  000073  24771.94 -9999.99 09  000000.00 05 S 091140.5 * * 
 051.7631884  014.3367407  000073  24803.29 -9999.99 09  000000.00 06 S 091141.0 * * 
 051.7631822  014.3367432  000073  24785.01 -9999.99 09  000000.00 06 S 091141.5 * * 
 051.7631761  014.3367458  000073  24755.52 -9999.99 09  000000.00 05 S 091142.0 * * 
 051.7631701  014.3367477  000073  24769.65 -9999.99 09  000000.00 05 S 091142.5 * * 
 051.7631641  014.3367496  000072  24755.39 -9999.99 09  000000.00 05 S 091143.0 * * 
 051.7631580  014.3367512  000072  24733.58 -9999.99 09  000000.00 05 S 091143.5 * * 
 051.7631520  014.3367528  000072  24841.42 -9999.99 09  000000.00 05 S 091144.0 * * 
 051.7631460  014.3367548  000072  24746.31 -9999.99 09  000000.00 05 S 091144.5 * * 
 051.7631401  014.3367568  000072  24807.95 -9999.99 09  000000.00 06 S 091145.0 * * 
 051.7631334  014.3367580  000072  24829.19 -9999.99 09  000000.00 06 S 091145.5 * * 
 051.7631268  014.3367592  000073  24702.98 -9999.99 09  000000.00 06 S 091146.0 * * 
 051.7631216  014.3367612  000073  24712.19 -9999.99 09  000000.00 06 S 091146.5 * * 
 051.7631165  014.3367633  000073  24791.29 -9999.99 09  000000.00 05 S 091147.0 * * 
 051.7631102  014.3367659  000073  24698.82 -9999.99 09  000000.00 05 S 091147.5 * * 
 051.7631039  014.3367685  000073  24772.80 -9999.99 09  000000.00 05 S 091148.0 * * 
 051.7630981  014.3367703  000073  24815.15 -9999.99 09  000000.00 05 S 091148.5 * * 
 051.7630924  014.3367721  000073  24869.37 -9999.99 09  000000.00 06 S 091149.0 * * 
 051.7630860  014.3367745  000073  24726.74 -9999.99 09  000000.00 06 S 091149.5 * * 
 051.7630797  014.3367769  000073  24818.78 -9999.99 09  000000.00 06 S 091150.0 * * 
 051.7630733  014.3367792  000073  24810.14 -9999.99 09  000000.00 06 S 091150.5 * * 
 051.7630669  014.3367815  000073  24727.62 -9999.99 09  000000.00 06 S 091151.0 * * 
 051.7630606  014.3367834  000073  24813.34 -9999.99 09  000000.00 06 S 091151.5 * * 
 051.7630543  014.3367853  000073  24814.94 -9999.99 09  000000.00 06 S 091152.0 * * 
 051.7630480  014.3367875  000073  24809.03 -9999.99 09  000000.00 06 S 091152.5 * * 
 051.7630417  014.3367898  000073  24839.92 -9999.99 09  000000.00 06 S 091153.0 * * 
 051.7630357  014.3367916  000073  24865.69 -9999.99 09  000000.00 06 S 091153.5 * * 
 051.7630297  014.3367935  000073  24753.76 -9999.99 09  000000.00 06 S 091154.0 * * 
 051.7630237  014.3367958  000073  24821.81 -9999.99 09  000000.00 06 S 091154.5 * * 
 051.7630178  014.3367981  000073  24476.20 -9999.99 09  000000.00 04 S 091155.0 * * 
 051.7630123  014.3368012  000073  24660.14 -9999.99 09  000000.00 04 S 091155.5 * * 
 051.7630068  014.3368044  000073  24774.27 -9999.99 09  000000.00 04 S 091156.0 * * 
 051.7630013  014.3368067  000073  24834.80 -9999.99 09  000000.00 04 S 091156.5 * * 
 051.7629959  014.3368090  000073  24793.38 -9999.99 09  000000.00 05 S 091157.0 * * 
 051.7629911  014.3368090  000073  24878.28 -9999.99 09  000000.00 05 S 091157.5 * * 
 051.7629863  014.3368091  000073  24442.86 -9999.99 09  000000.00 04 S 091158.0 * * 
 051.7629832  014.3368067  000073  24838.28 -9999.99 09  000000.00 04 S 091158.5 * * 
 051.7629801  014.3368043  000073  24526.70 -9999.99 09  000000.00 05 S 091159.0 * * 
 051.7629801  014.3368043  000073  24526.70 -9999.99 09  000000.00 05 S 091159.5 -2  20 
line  000062
 051.7629381  014.3368136  000081  24683.13 -9999.99 09  000000.00 05 S 091257.0 -2  22 
 051.7629391  014.3368135  000081  24728.03 -9999.99 09  000000.00 05 S 091257.5 * * 
 051.7629402  014.3368135  000081  24649.49 -9999.99 09  000000.00 06 S 091258.0 * * 
 051.7629429  014.3368140  000081  24733.61 -9999.99 09  000000.00 06 S 091258.5 * * 
 051.7629456  014.3368145  000081  24740.76 -9999.99 09  000000.00 05 S 091259.0 * * 
 051.7629508  014.3368127  000081  24719.76 -9999.99 09  000000.00 05 S 091259.5 * * 
 051.7629560  014.3368109  000081  24754.29 -9999.99 09  000000.00 05 S 091300.0 * * 
 051.7629618  014.3368096  000081  24752.82 -9999.99 09  000000.00 05 S 091300.5 * * 
 051.7629677  014.3368083  000081  24714.74 -9999.99 09  000000.00 05 S 091301.0 * * 
 051.7629739  014.3368072  000081  24740.06 -9999.99 09  000000.00 05 S 091301.5 * * 
 051.7629801  014.3368062  000080  24716.48 -9999.99 09  000000.00 05 S 091302.0 * * 
 051.7629871  014.3368041  000080  24730.61 -9999.99 09  000000.00 05 S 091302.5 * * 
 051.7629941  014.3368021  000080  24699.34 -9999.99 09  000000.00 05 S 091303.0 * * 
 051.7630012  014.3368013  000080  24764.92 -9999.99 09  000000.00 05 S 091303.5 * * 
 051.7630084  014.3368006  000080  24658.40 -9999.99 09  000000.00 06 S 091304.0 * * 
 051.7630173  014.3368000  000080  24709.65 -9999.99 09  000000.00 06 S 091304.5 * * 
 051.7630263  014.3367994  000079  24609.15 -9999.99 09  000000.00 05 S 091305.0 * * 
 051.7630344  014.3367983  000079  24714.86 -9999.99 09  000000.00 05 S 091305.5 * * 
 051.7630426  014.3367972  000079  24723.59 -9999.99 09  000000.00 05 S 091306.0 * * 
 051.7630501  014.3367958  000079  24761.42 -9999.99 09  000000.00 05 S 091306.5 * * 
 051.7630576  014.3367945  000079  24784.75 -9999.99 09  000000.00 06 S 091307.0 * * 
 051.7630660  014.3367929  000079  24766.31 -9999.99 09  000000.00 06 S 091307.5 * * 
 051.7630744  014.3367913  000079  24742.37 -9999.99 09  000000.00 06 S 091308.0 * * 
 051.7630823  014.3367900  000079  24763.53 -9999.99 09  000000.00 06 S 091308.5 * * 
 051.7630903  014.3367888  000078  24712.55 -9999.99 09  000000.00 06 S 091309.0 * * 
 051.7630968  014.3367869  000078  24764.89 -9999.99 09  000000.00 06 S 091309.5 * * 
 051.7631034  014.3367850  000078  24653.27 -9999.99 09  000000.00 05 S 091310.0 * * 
 051.7631100  014.3367829  000078  24808.14 -9999.99 09  000000.00 05 S 091310.5 * * 
 051.7631167  014.3367809  000078  24680.32 -9999.99 09  000000.00 05 S 091311.0 * * 
 051.7631233  014.3367792  000078  24751.45 -9999.99 09  000000.00 05 S 091311.5 * * 
 051.7631299  014.3367775  000078  24641.09 -9999.99 09  000000.00 05 S 091312.0 * * 
 051.7631364  014.3367757  000078  24780.00 -9999.99 09  000000.00 05 S 091312.5 * * 
 051.7631429  014.3367740  000078  24693.15 -9999.99 09  000000.00 06 S 091313.0 * * 
 051.7631502  014.3367721  000078  24791.03 -9999.99 09  000000.00 06 S 091313.5 * * 
 051.7631576  014.3367703  000077  24667.38 -9999.99 09  000000.00 06 S 091314.0 * * 
 051.7631641  014.3367678  000077  24759.75 -9999.99 09  000000.00 06 S 091314.5 * * 
 051.7631706  014.3367654  000077  24600.98 -9999.99 09  000000.00 06 S 091315.0 * * 
 051.7631761  014.3367633  000077  24759.64 -9999.99 09  000000.00 06 S 091315.5 * * 
 051.7631816  014.3367612  000077  24675.44 -9999.99 09  000000.00 06 S 091316.0 * * 
 051.7631862  014.3367606  000077  24797.76 -9999.99 09  000000.00 06 S 091316.5 * * 
 051.7631909  014.3367601  000077  24724.10 -9999.99 09  000000.00 06 S 091317.0 * * 
 051.7631944  014.3367594  000077  24791.93 -9999.99 09  000000.00 06 S 091317.5 * * 
 051.7631979  014.3367588  000077  24637.50 -9999.99 09  000000.00 05 S 091318.0 * * 
 051.7631979  014.3367588  000077  24637.50 -9999.99 09  000000.00 05 S 091318.5 -1  22 
line  000063
 051.7631903  014.3367358  000079  24730.24 -9999.99 09  000000.00 06 S 091350.0 -1  24 
 051.7631854  014.3367384  000079  24752.85 -9999.99 09  000000.00 06 S 091350.5 * * 
 051.7631805  014.3367410  000078  24736.87 -9999.99 09  000000.00 05 S 091351.0 * * 
 051.7631742  014.3367434  000078  24623.37 -9999.99 09  000000.00 05 S 091351.5 * * 
 051.7631679  014.3367459  000078  24790.19 -9999.99 09  000000.00 05 S 091352.0 * * 
 051.7631620  014.3367483  000078  24726.92 -9999.99 09  000000.00 05 S 091352.5 * * 
 051.7631562  014.3367507  000078  24719.54 -9999.99 09  000000.00 05 S 091353.0 * * 
 051.7631501  014.3367523  000078  24694.44 -9999.99 09  000000.00 05 S 091353.5 * * 
 051.7631440  014.3367539  000078  24749.77 -9999.99 09  000000.00 05 S 091354.0 * * 
 051.7631377  014.3367559  000078  24711.18 -9999.99 09  000000.00 05 S 091354.5 * * 
 051.7631314  014.3367579  000078  24785.23 -9999.99 09  000000.00 05 S 091355.0 * * 
 051.7631249  014.3367601  000078  24781.87 -9999.99 09  000000.00 05 S 091355.5 * * 
 051.7631185  014.3367624  000078  24811.78 -9999.99 09  000000.00 05 S 091356.0 * * 
 051.7631126  014.3367644  000078  24648.62 -9999.99 09  000000.00 05 S 091356.5 * * 
 051.7631067  014.3367664  000078  24803.52 -9999.99 09  000000.00 05 S 091357.0 * * 
 051.7631003  014.3367692  000078  24806.86 -9999.99 09  000000.00 05 S 091357.5 * * 
 051.7630939  014.3367720  000078  24697.72 -9999.99 09  000000.00 06 S 091358.0 * * 
 051.7630874  014.3367739  000078  24755.32 -9999.99 09  000000.00 06 S 091358.5 * * 
 051.7630810  014.3367759  000078  24734.37 -9999.99 09  000000.00 06 S 091359.0 * * 
 051.7630743  014.3367778  000078  24766.85 -9999.99 09  000000.00 06 S 091359.5 * * 
 051.7630677  014.3367797  000078  24696.18 -9999.99 09  000000.00 06 S 091400.0 * * 
 051.7630613  014.3367821  000078  24746.71 -9999.99 09  000000.00 06 S 091400.5 * * 
 051.7630550  014.3367846  000077  24760.99 -9999.99 09  000000.00 06 S 091401.0 * * 
 051.7630486  014.3367867  000077  24759.07 -9999.99 09  000000.00 06 S 091401.5 * * 
 051.7630423  014.3367889  000077  24721.02 -9999.99 09  000000.00 06 S 091402.0 * * 
 051.7630360  014.3367908  000077  24750.35 -9999.99 09  000000.00 06 S 091402.5 * * 
 051.7630298  014.3367927  000077  24766.31 -9999.99 09  000000.00 06 S 091403.0 * * 
 051.7630236  014.3367946  000077  24778.77 -9999.99 09  000000.00 06 S 091403.5 * * 
 051.7630174  014.3367965  000077  24709.34 -9999.99 09  000000.00 06 S 091404.0 * * 
 051.7630112  014.3367985  000077  24766.28 -9999.99 09  000000.00 06 S 091404.5 * * 
 051.7630050  014.3368006  000077  24644.59 -9999.99 09  000000.00 06 S 091405.0 * * 
 051.7629993  014.3368027  000077  24800.34 -9999.99 09  000000.00 06 S 091405.5 * * 
 051.7629936  014.3368048  000077  24783.26 -9999.99 09  000000.00 05 S 091406.0 * * 
 051.7629885  014.3368063  000077  24732.17 -9999.99 09  000000.00 05 S 091406.5 * * 
 051.7629834  014.3368078  000077  24795.46 -9999.99 09  000000.00 05 S 091407.0 * * 
 051.7629834  014.3368078  000077  24795.46 -9999.99 09  000000.00 05 S 091407.5 -2  24 
line  000064
 051.7629703  014.3368061  000075  24789.41 -9999.99 09  000000.00 05 S 091435.0 -2  26 
 051.7629744  014.3368044  000075  24818.52 -9999.99 09  000000.00 05 S 091435.5 * * 
 051.7629785  014.3368027  000075  24769.55 -9999.99 09  000000.00 05 S 091436.0 * * 
 051.7629843  014.3368009  000075  24795.09 -9999.99 09  000000.00 05 S 091436.5 * * 
 051.7629901  014.3367991  000075  24811.89 -9999.99 09  000000.00 05 S 091437.0 * * 
 051.7629961  014.3367965  000075  24765.36 -9999.99 09  000000.00 05 S 091437.5 * * 
 051.7630022  014.3367939  000075  24766.70 -9999.99 09  000000.00 05 S 091438.0 * * 
 051.7630083  014.3367915  000075  24825.35 -9999.99 09  000000.00 05 S 091438.5 * * 
 051.7630144  014.3367892  000075  24818.61 -9999.99 09  000000.00 06 S 091439.0 * * 
 051.7630209  014.3367869  000075  24756.13 -9999.99 09  000000.00 06 S 091439.5 * * 
 051.7630275  014.3367847  000074  24793.74 -9999.99 09  000000.00 06 S 091440.0 * * 
 051.7630342  014.3367826  000074  24771.69 -9999.99 09  000000.00 06 S 091440.5 * * 
 051.7630409  014.3367806  000074  24764.00 -9999.99 09  000000.00 05 S 091441.0 * * 
 051.7630470  014.3367786  000074  24760.96 -9999.99 09  000000.00 05 S 091441.5 * * 
 051.7630532  014.3367767  000074  24834.38 -9999.99 09  000000.00 05 S 091442.0 * * 
 051.7630595  014.3367740  000074  24767.95 -9999.99 09  000000.00 05 S 091442.5 * * 
 051.7630659  014.3367713  000074  24781.49 -9999.99 09  000000.00 06 S 091443.0 * * 
 051.7630723  014.3367692  000074  24790.94 -9999.99 09  000000.00 06 S 091443.5 * * 
 051.7630788  014.3367671  000074  24762.00 -9999.99 09  000000.00 06 S 091444.0 * * 
 051.7630853  014.3367645  000074  24765.75 -9999.99 09  000000.00 06 S 091444.5 * * 
 051.7630918  014.3367620  000074  24875.90 -9999.99 09  000000.00 06 S 091445.0 * * 
 051.7630978  014.3367591  000074  24777.71 -9999.99 09  000000.00 06 S 091445.5 * * 
 051.7631039  014.3367562  000074  24748.62 -9999.99 09  000000.00 05 S 091446.0 * * 
 051.7631099  014.3367539  000074  24720.92 -9999.99 09  000000.00 05 S 091446.5 * * 
 051.7631160  014.3367517  000075  24770.54 -9999.99 09  000000.00 05 S 091447.0 * * 
 051.7631225  014.3367499  000075  24767.95 -9999.99 09  000000.00 05 S 091447.5 * * 
 051.7631290  014.3367481  000075  24750.82 -9999.99 09  000000.00 05 S 091448.0 * * 
 051.7631351  014.3367460  000075  24754.69 -9999.99 09  000000.00 05 S 091448.5 * * 
 051.7631413  014.3367440  000075  24730.37 -9999.99 09  000000.00 05 S 091449.0 * * 
 051.7631474  014.3367416  000075  24777.69 -9999.99 09  000000.00 05 S 091449.5 * * 
 051.7631536  014.3367392  000075  24764.10 -9999.99 09  000000.00 05 S 091450.0 * * 
 051.7631594  014.3367360  000075  24782.68 -9999.99 09  000000.00 05 S 091450.5 * * 
 051.7631653  014.3367328  000075  24765.55 -9999.99 09  000000.00 05 S 091451.0 * * 
 051.7631712  014.3367310  000075  24760.95 -9999.99 09  000000.00 05 S 091451.5 * * 
 051.7631772  014.3367292  000075  24781.41 -9999.99 09  000000.00 05 S 091452.0 * * 
 051.7631823  014.3367270  000075  24741.18 -9999.99 09  000000.00 05 S 091452.5 * * 
 051.7631875  014.3367248  000075  24705.82 -9999.99 09  000000.00 05 S 091453.0 * * 
 051.7631875  014.3367248  000075  24705.82 -9999.99 09  000000.00 05 S 091453.5 -1  26 
line  000065
 051.7631895  014.3367055  000076  24786.01 -9999.99 09  000000.00 06 S 091512.0 -1  28 
 051.7631851  014.3367062  000076  24767.14 -9999.99 09  000000.00 06 S 091512.5 * * 
 051.7631808  014.3367069  000076  24801.26 -9999.99 09  000000.00 06 S 091513.0 * * 
 051.7631750  014.3367085  000076  24778.06 -9999.99 09  000000.00 06 S 091513.5 * * 
 051.7631693  014.3367102  000076  24801.85 -9999.99 09  000000.00 05 S 091514.0 * * 
 051.7631632  014.3367128  000076  24752.83 -9999.99 09  000000.00 05 S 091514.5 * * 
 051.7631572  014.3367155  000076  24767.12 -9999.99 09  000000.00 05 S 091515.0 * * 
 051.7631506  014.3367168  000076  24794.68 -9999.99 09  000000.00 05 S 091515.5 * * 
 051.7631441  014.3367181  000076  24785.69 -9999.99 09  000000.00 06 S 091516.0 * * 
 051.7631381  014.3367207  000076  24734.87 -9999.99 09  000000.00 06 S 091516.5 * * 
 051.7631322  014.3367233  000076  24796.69 -9999.99 09  000000.00 06 S 091517.0 * * 
 051.7631259  014.3367260  000076  24745.41 -9999.99 09  000000.00 06 S 091517.5 * * 
 051.7631196  014.3367288  000076  24755.21 -9999.99 09  000000.00 06 S 091518.0 * * 
 051.7631129  014.3367304  000076  24697.74 -9999.99 19  000000.00 06 S 091518.5 * * 
 051.7631063  014.3367321  000076  24724.68 -9999.99 09  000000.00 06 S 091519.0 * * 
 051.7630995  014.3367340  000076  24782.74 -9999.99 09  000000.00 06 S 091519.5 * * 
 051.7630927  014.3367359  000076  24713.14 -9999.99 19  000000.00 06 S 091520.0 * * 
 051.7630862  014.3367377  000076  24770.42 -9999.99 09  000000.00 06 S 091520.5 * * 
 051.7630798  014.3367396  000076  24792.69 -9999.99 09  000000.00 06 S 091521.0 * * 
 051.7630738  014.3367424  000076  24706.77 -9999.99 19  000000.00 06 S 091521.5 * * 
 051.7630678  014.3367452  000076  24743.32 -9999.99 09  000000.00 06 S 091522.0 * * 
 051.7630613  014.3367480  000076  24732.33 -9999.99 09  000000.00 06 S 091522.5 * * 
 051.7630548  014.3367509  000076  24763.55 -9999.99 09  000000.00 06 S 091523.0 * * 
 051.7630481  014.3367535  000076  24800.99 -9999.99 09  000000.00 06 S 091523.5 * * 
 051.7630415  014.3367561  000076  24749.33 -9999.99 09  000000.00 06 S 091524.0 * * 
 051.7630350  014.3367585  000076  24744.52 -9999.99 09  000000.00 06 S 091524.5 * * 
 051.7630285  014.3367609  000076  24769.60 -9999.99 09  000000.00 06 S 091525.0 * * 
 051.7630220  014.3367633  000076  24782.37 -9999.99 09  000000.00 06 S 091525.5 * * 
 051.7630155  014.3367657  000076  24796.19 -9999.99 09  000000.00 06 S 091526.0 * * 
 051.7630091  014.3367678  000076  24929.01 -9999.99 09  000000.00 06 S 091526.5 * * 
 051.7630027  014.3367699  000076  24753.29 -9999.99 09  000000.00 06 S 091527.0 * * 
 051.7629968  014.3367717  000076  24760.82 -9999.99 09  000000.00 06 S 091527.5 * * 
 051.7629909  014.3367736  000076  24771.04 -9999.99 09  000000.00 06 S 091528.0 * * 
 051.7629858  014.3367758  000076  24738.96 -9999.99 09  000000.00 06 S 091528.5 * * 
 051.7629808  014.3367781  000076  24781.27 -9999.99 09  000000.00 06 S 091529.0 * * 
 051.7629808  014.3367781  000076  24781.27 -9999.99 09  000000.00 06 S 091529.5 -2  28 
line  000066
 051.7629597  014.3367650  000075  24779.63 -9999.99 09  000000.00 06 S 091636.0 -2  30 
 051.7629637  014.3367643  000075  24665.93 -9999.99 09  000000.00 06 S 091636.5 * * 
 051.7629678  014.3367637  000075  25073.36 -9999.99 09  000000.00 06 S 091637.0 * * 
 051.7629733  014.3367617  000075  24595.47 -9999.99 09  000000.00 06 S 091637.5 * * 
 051.7629788  014.3367597  000075  24762.82 -9999.99 09  000000.00 05 S 091638.0 * * 
 051.7629845  014.3367575  000075  24619.51 -9999.99 09  000000.00 05 S 091638.5 * * 
 051.7629903  014.3367554  000075  24751.69 -9999.99 09  000000.00 06 S 091639.0 * * 
 051.7629965  014.3367534  000075  24750.94 -9999.99 09  000000.00 06 S 091639.5 * * 
 051.7630028  014.3367514  000075  24775.57 -9999.99 09  000000.00 06 S 091640.0 * * 
 051.7630092  014.3367494  000075  24778.63 -9999.99 09  000000.00 06 S 091640.5 * * 
 051.7630157  014.3367475  000075  24705.04 -9999.99 09  000000.00 06 S 091641.0 * * 
 051.7630217  014.3367454  000075  24783.36 -9999.99 09  000000.00 06 S 091641.5 * * 
 051.7630277  014.3367433  000075  24766.33 -9999.99 09  000000.00 06 S 091642.0 * * 
 051.7630342  014.3367408  000075  24711.89 -9999.99 09  000000.00 06 S 091642.5 * * 
 051.7630407  014.3367384  000075  24766.02 -9999.99 09  000000.00 06 S 091643.0 * * 
 051.7630469  014.3367361  000075  24810.64 -9999.99 09  000000.00 06 S 091643.5 * * 
 051.7630532  014.3367339  000074  24747.83 -9999.99 09  000000.00 06 S 091644.0 * * 
 051.7630597  014.3367315  000074  24745.97 -9999.99 09  000000.00 06 S 091644.5 * * 
 051.7630662  014.3367292  000074  24744.87 -9999.99 09  000000.00 06 S 091645.0 * * 
 051.7630724  014.3367268  000074  24702.79 -9999.99 09  000000.00 06 S 091645.5 * * 
 051.7630787  014.3367244  000074  24756.94 -9999.99 09  000000.00 06 S 091646.0 * * 
 051.7630852  014.3367224  000074  24790.66 -9999.99 09  000000.00 06 S 091646.5 * * 
 051.7630918  014.3367205  000074  24773.64 -9999.99 09  000000.00 06 S 091647.0 * * 
 051.7630982  014.3367181  000074  24794.57 -9999.99 09  000000.00 06 S 091647.5 * * 
 051.7631047  014.3367158  000074  24725.14 -9999.99 09  000000.00 05 S 091648.0 * * 
 051.7631110  014.3367132  000074  24731.59 -9999.99 09  000000.00 05 S 091648.5 * * 
 051.7631174  014.3367106  000074  24645.16 -9999.99 09  000000.00 05 S 091649.0 * * 
 051.7631241  014.3367083  000074  24736.87 -9999.99 09  000000.00 05 S 091649.5 * * 
 051.7631309  014.3367061  000074  24790.24 -9999.99 09  000000.00 05 S 091650.0 * * 
 051.7631371  014.3367048  000074  24743.81 -9999.99 09  000000.00 05 S 091650.5 * * 
 051.7631434  014.3367035  000074  24737.49 -9999.99 09  000000.00 05 S 091651.0 * * 
 051.7631493  014.3367013  000074  24747.44 -9999.99 09  000000.00 05 S 091651.5 * * 
 051.7631552  014.3366992  000074  24751.19 -9999.99 09  000000.00 05 S 091652.0 * * 
 051.7631608  014.3366973  000074  24743.19 -9999.99 09  000000.00 05 S 091652.5 * * 
 051.7631664  014.3366955  000074  24583.71 -9999.99 09  000000.00 04 S 091653.0 * * 
 051.7631719  014.3366940  000074  24645.64 -9999.99 09  000000.00 04 S 091653.5 * * 
 051.7631774  014.3366926  000074  24604.56 -9999.99 09  000000.00 04 S 091654.0 * * 
 051.7631774  014.3366926  000074  24604.56 -9999.99 09  000000.00 04 S 091654.5 -1  30 
line  000067
 051.7631653  014.3366739  000075  24701.50 -9999.99 09  000000.00 05 S 091716.0 -1  32 
 051.7631594  014.3366757  000075  24735.90 -9999.99 09  000000.00 05 S 091716.5 * * 
 051.7631535  014.3366775  000075  24596.17 -9999.99 09  000000.00 04 S 091717.0 * * 
 051.7631476  014.3366797  000075  24770.10 -9999.99 09  000000.00 04 S 091717.5 * * 
 051.7631417  014.3366820  000075  24750.40 -9999.99 09  000000.00 06 S 091718.0 * * 
 051.7631358  014.3366843  000075  24699.30 -9999.99 09  000000.00 06 S 091718.5 * * 
 051.7631299  014.3366866  000075  24714.19 -9999.99 09  000000.00 06 S 091719.0 * * 
 051.7631241  014.3366887  000075  24684.23 -9999.99 09  000000.00 06 S 091719.5 * * 
 051.7631183  014.3366908  000075  24731.93 -9999.99 09  000000.00 06 S 091720.0 * * 
 051.7631125  014.3366929  000075  24642.30 -9999.99 09  000000.00 06 S 091720.5 * * 
 051.7631068  014.3366950  000075  24754.71 -9999.99 09  000000.00 06 S 091721.0 * * 
 051.7631005  014.3366969  000075  24618.58 -9999.99 09  000000.00 06 S 091721.5 * * 
 051.7630943  014.3366988  000075  24721.61 -9999.99 09  000000.00 06 S 091722.0 * * 
 051.7630883  014.3367005  000075  24755.14 -9999.99 09  000000.00 06 S 091722.5 * * 
 051.7630823  014.3367023  000075  24717.84 -9999.99 09  000000.00 06 S 091723.0 * * 
 051.7630763  014.3367050  000075  24693.09 -9999.99 09  000000.00 06 S 091723.5 * * 
 051.7630703  014.3367078  000075  24650.76 -9999.99 09  000000.00 06 S 091724.0 * * 
 051.7630639  014.3367097  000075  24770.67 -9999.99 09  000000.00 06 S 091724.5 * * 
 051.7630576  014.3367117  000075  24738.74 -9999.99 09  000000.00 06 S 091725.0 * * 
 051.7630512  014.3367141  000075  24743.77 -9999.99 09  000000.00 06 S 091725.5 * * 
 051.7630449  014.3367166  000075  24689.08 -9999.99 19  000000.00 06 S 091726.0 * * 
 051.7630387  014.3367189  000075  24747.42 -9999.99 09  000000.00 06 S 091726.5 * * 
 051.7630325  014.3367212  000075  24692.60 -9999.99 09  000000.00 06 S 091727.0 * * 
 051.7630259  014.3367233  000075  24741.42 -9999.99 09  000000.00 06 S 091727.5 * * 
 051.7630194  014.3367254  000075  24669.78 -9999.99 09  000000.00 06 S 091728.0 * * 
 051.7630131  014.3367277  000075  24756.74 -9999.99 09  000000.00 06 S 091728.5 * * 
 051.7630069  014.3367300  000075  24657.31 -9999.99 09  000000.00 06 S 091729.0 * * 
 051.7630008  014.3367322  000075  24538.55 -9999.99 09  000000.00 06 S 091729.5 * * 
 051.7629947  014.3367345  000075  24586.54 -9999.99 09  000000.00 06 S 091730.0 * * 
 051.7629888  014.3367364  000075  24571.66 -9999.99 09  000000.00 06 S 091730.5 * * 
 051.7629830  014.3367384  000075  24540.95 -9999.99 09  000000.00 06 S 091731.0 * * 
 051.7629780  014.3367404  000075  24862.38 -9999.99 09  000000.00 06 S 091731.5 * * 
 051.7629730  014.3367425  000075  24799.71 -9999.99 09  000000.00 06 S 091732.0 * * 
 051.7629730  014.3367425  000075  24799.71 -9999.99 09  000000.00 06 S 091732.5 -2  32 
line  000068
 051.7629667  014.3367315  000076  24720.74 -9999.99 09  000000.00 05 S 091800.0 -2  34 
 051.7629719  014.3367293  000076  24792.69 -9999.99 09  000000.00 05 S 091800.5 * * 
 051.7629772  014.3367272  000076  24502.50 -9999.99 09  000000.00 05 S 091801.0 * * 
 051.7629831  014.3367250  000076  24620.58 -9999.99 09  000000.00 05 S 091801.5 * * 
 051.7629891  014.3367228  000076  24688.65 -9999.99 09  000000.00 06 S 091802.0 * * 
 051.7629952  014.3367197  000076  24676.00 -9999.99 09  000000.00 06 S 091802.5 * * 
 051.7630013  014.3367166  000075  24721.46 -9999.99 09  000000.00 06 S 091803.0 * * 
 051.7630076  014.3367138  000075  24690.46 -9999.99 09  000000.00 06 S 091803.5 * * 
 051.7630139  014.3367110  000075  24530.63 -9999.99 09  000000.00 06 S 091804.0 * * 
 051.7630205  014.3367090  000075  24750.86 -9999.99 09  000000.00 06 S 091804.5 * * 
 051.7630271  014.3367071  000075  24698.50 -9999.99 09  000000.00 06 S 091805.0 * * 
 051.7630336  014.3367046  000075  24676.78 -9999.99 19  000000.00 06 S 091805.5 * * 
 051.7630401  014.3367022  000075  24691.72 -9999.99 19  000000.00 06 S 091806.0 * * 
 051.7630464  014.3366997  000075  24674.79 -9999.99 19  000000.00 06 S 091806.5 * * 
 051.7630527  014.3366972  000074  24671.54 -9999.99 19  000000.00 06 S 091807.0 * * 
 051.7630589  014.3366951  000074  24635.09 -9999.99 19  000000.00 06 S 091807.5 * * 
 051.7630651  014.3366931  000074  24631.51 -9999.99 09  000000.00 06 S 091808.0 * * 
 051.7630716  014.3366904  000074  24628.54 -9999.99 09  000000.00 06 S 091808.5 * * 
 051.7630782  014.3366877  000074  24714.66 -9999.99 09  000000.00 06 S 091809.0 * * 
 051.7630838  014.3366857  000074  24640.76 -9999.99 09  000000.00 06 S 091809.5 * * 
 051.7630894  014.3366837  000074  24732.08 -9999.99 09  000000.00 06 S 091810.0 * * 
 051.7630915  014.3366825  000074  24755.21 -9999.99 09  000000.00 06 S 091810.5 * * 
 051.7630936  014.3366814  000074  24762.19 -9999.99 09  000000.00 06 S 091811.0 * * 
 051.7630960  014.3366809  000074  24725.87 -9999.99 09  000000.00 06 S 091811.5 * * 
 051.7630984  014.3366805  000074  24780.52 -9999.99 09  000000.00 06 S 091812.0 * * 
 051.7631044  014.3366781  000074  24714.12 -9999.99 09  000000.00 06 S 091812.5 * * 
 051.7631105  014.3366758  000073  24733.27 -9999.99 09  000000.00 06 S 091813.0 * * 
 051.7631160  014.3366735  000073  24701.36 -9999.99 09  000000.00 06 S 091813.5 * * 
 051.7631215  014.3366712  000073  24766.09 -9999.99 09  000000.00 06 S 091814.0 * * 
 051.7631281  014.3366688  000073  24742.02 -9999.99 09  000000.00 06 S 091814.5 * * 
 051.7631347  014.3366665  000073  24728.53 -9999.99 09  000000.00 06 S 091815.0 * * 
 051.7631403  014.3366642  000073  24711.89 -9999.99 09  000000.00 06 S 091815.5 * * 
 051.7631459  014.3366620  000073  24748.28 -9999.99 09  000000.00 05 S 091816.0 * * 
 051.7631523  014.3366598  000073  24667.97 -9999.99 19  000000.00 05 S 091816.5 * * 
 051.7631587  014.3366576  000073  24677.33 -9999.99 19  000000.00 05 S 091817.0 * * 
 051.7631641  014.3366554  000073  24705.49 -9999.99 09  000000.00 05 S 091817.5 * * 
 051.7631695  014.3366533  000073  24732.61 -9999.99 09  000000.00 04 S 091818.0 * * 
 051.7631743  014.3366519  000073  24648.93 -9999.99 09  000000.00 04 S 091818.5 * * 
 051.7631792  014.3366506  000073  24473.14 -9999.99 09  000000.00 04 S 091819.0 * * 
 051.7631819  014.3366487  000073  24017.38 -9999.99 09  000000.00 04 S 091819.5 * * 
 051.7631847  014.3366468  000073  23953.81 -9999.99 09  000000.00 04 S 091820.0 * * 
 051.7631844  014.3366461  000073  21153.62 -9999.99 09  000000.00 04 S 091820.5 * * 
 051.7631842  014.3366454  000073  23275.78 -9999.99 09  000000.00 05 S 091821.0 * * 
 051.7631838  014.3366443  000073  19467.32 -9999.99 09  000000.00 05 S 091821.5 * * 
 051.7631835  014.3366433  000074  22858.83 -9999.99 09  000000.00 06 S 091822.0 * * 
 051.7631841  014.3366431  000074  17786.38 -9999.99 09  000000.00 06 S 091822.5 * * 
 051.7631848  014.3366429  000073  21956.05 -9999.99 09  000000.00 06 S 091823.0 * * 
 051.7631848  014.3366429  000073  21956.05 -9999.99 09  000000.00 06 S 091823.5 -1  34 
line  000069
 051.7631778  014.3366247  000076  17637.95 -9999.99 19  000000.00 06 S 092010.0 -1  36 
 051.7631736  014.3366277  000076  17804.38 -9999.99 09  000000.00 06 S 092010.5 * * 
 051.7631695  014.3366308  000076  17710.12 -9999.99 09  000000.00 06 S 092011.0 * * 
 051.7631640  014.3366323  000076  17633.81 -9999.99 09  000000.00 06 S 092011.5 * * 
 051.7631586  014.3366339  000076  17709.19 -9999.99 09  000000.00 04 S 092012.0 * * 
 051.7631525  014.3366364  000076  17934.99 -9999.99 09  000000.00 04 S 092012.5 * * 
 051.7631465  014.3366389  000076  17797.38 -9999.99 09  000000.00 05 S 092013.0 * * 
 051.7631396  014.3366417  000076  17657.68 -9999.99 09  000000.00 05 S 092013.5 * * 
 051.7631328  014.3366446  000075  17707.91 -9999.99 09  000000.00 05 S 092014.0 * * 
 051.7631260  014.3366475  000075  17788.70 -9999.99 09  000000.00 05 S 092014.5 * * 
 051.7631193  014.3366505  000075  17638.74 -9999.99 19  000000.00 06 S 092015.0 * * 
 051.7631128  014.3366531  000075  17860.20 -9999.99 09  000000.00 06 S 092015.5 * * 
 051.7631064  014.3366557  000075  17775.13 -9999.99 09  000000.00 06 S 092016.0 * * 
 051.7631006  014.3366582  000075  17778.54 -9999.99 09  000000.00 06 S 092016.5 * * 
 051.7630949  014.3366608  000075  17731.80 -9999.99 09  000000.00 06 S 092017.0 * * 
 051.7630886  014.3366632  000075  17648.18 -9999.99 19  000000.00 06 S 092017.5 * * 
 051.7630823  014.3366656  000075  17757.60 -9999.99 09  000000.00 06 S 092018.0 * * 
 051.7630761  014.3366683  000075  17832.48 -9999.99 09  000000.00 06 S 092018.5 * * 
 051.7630700  014.3366711  000074  17670.87 -9999.99 09  000000.00 06 S 092019.0 * * 
 051.7630627  014.3366728  000074  17804.62 -9999.99 09  000000.00 06 S 092019.5 * * 
 051.7630555  014.3366746  000074  17767.84 -9999.99 09  000000.00 06 S 092020.0 * * 
 051.7630493  014.3366776  000074  17813.60 -9999.99 09  000000.00 06 S 092020.5 * * 
 051.7630432  014.3366807  000074  17771.00 -9999.99 09  000000.00 06 S 092021.0 * * 
 051.7630365  014.3366831  000074  17809.21 -9999.99 09  000000.00 06 S 092021.5 * * 
 051.7630298  014.3366856  000074  17784.87 -9999.99 09  000000.00 06 S 092022.0 * * 
 051.7630235  014.3366875  000074  17827.24 -9999.99 09  000000.00 06 S 092022.5 * * 
 051.7630173  014.3366895  000074  17693.57 -9999.99 09  000000.00 06 S 092023.0 * * 
 051.7630111  014.3366919  000074  17712.18 -9999.99 09  000000.00 06 S 092023.5 * * 
 051.7630050  014.3366943  000074  17688.27 -9999.99 09  000000.00 06 S 092024.0 * * 
 051.7629990  014.3366969  000074  17908.86 -9999.99 09  000000.00 06 S 092024.5 * * 
 051.7629931  014.3366996  000074  17705.99 -9999.99 09  000000.00 06 S 092025.0 * * 
 051.7629871  014.3367021  000074  17772.58 -9999.99 09  000000.00 06 S 092025.5 * * 
 051.7629811  014.3367046  000074  17736.88 -9999.99 09  000000.00 06 S 092026.0 * * 
 051.7629752  014.3367064  000074  17692.33 -9999.99 09  000000.00 06 S 092026.5 * * 
 051.7629693  014.3367083  000074  17860.20 -9999.99 09  000000.00 06 S 092027.0 * * 
 051.7629649  014.3367096  000074  17913.21 -9999.99 09  000000.00 06 S 092027.5 * * 
 051.7629606  014.3367109  000074  17749.46 -9999.99 09  000000.00 06 S 092028.0 * * 
 051.7629581  014.3367102  000074  17795.31 -9999.99 09  000000.00 06 S 092028.5 * * 
 051.7629557  014.3367096  000074  17781.08 -9999.99 09  000000.00 06 S 092029.0 * * 
 051.7629557  014.3367096  000074  17781.08 -9999.99 09  000000.00 06 S 092029.5 -2  36 
line  000070
 051.7629618  014.3367078  000073  17738.90 -9999.99 09  000000.00 05 S 092100.0 -2  38 
 051.7629657  014.3367065  000073  17691.56 -9999.99 09  000000.00 05 S 092100.5 * * 
 051.7629697  014.3367053  000073  17671.55 -9999.99 09  000000.00 05 S 092101.0 * * 
 051.7629753  014.3367025  000073  17687.50 -9999.99 09  000000.00 05 S 092101.5 * * 
 051.7629810  014.3366997  000073  17709.19 -9999.99 09  000000.00 06 S 092102.0 * * 
 051.7629868  014.3366976  000073  17659.91 -9999.99 09  000000.00 06 S 092102.5 * * 
 051.7629927  014.3366956  000073  17751.63 -9999.99 09  000000.00 06 S 092103.0 * * 
 051.7629990  014.3366933  000073  17645.55 -9999.99 09  000000.00 06 S 092103.5 * * 
 051.7630053  014.3366910  000073  17737.68 -9999.99 09  000000.00 06 S 092104.0 * * 
 051.7630114  014.3366886  000073  17721.50 -9999.99 09  000000.00 06 S 092104.5 * * 
 051.7630175  014.3366863  000073  17709.23 -9999.99 09  000000.00 06 S 092105.0 * * 
 051.7630237  014.3366837  000073  17731.71 -9999.99 09  000000.00 06 S 092105.5 * * 
 051.7630299  014.3366811  000073  17714.01 -9999.99 09  000000.00 06 S 092106.0 * * 
 051.7630364  014.3366786  000073  17747.27 -9999.99 09  000000.00 06 S 092106.5 * * 
 051.7630430  014.3366762  000073  17791.45 -9999.99 09  000000.00 06 S 092107.0 * * 
 051.7630494  014.3366744  000073  17750.17 -9999.99 09  000000.00 06 S 092107.5 * * 
 051.7630558  014.3366726  000073  17744.30 -9999.99 09  000000.00 06 S 092108.0 * * 
 051.7630624  014.3366699  000073  17709.19 -9999.99 09  000000.00 06 S 092108.5 * * 
 051.7630690  014.3366672  000073  17694.60 -9999.99 09  000000.00 06 S 092109.0 * * 
 051.7630749  014.3366649  000073  17715.33 -9999.99 09  000000.00 06 S 092109.5 * * 
 051.7630809  014.3366626  000073  17768.44 -9999.99 09  000000.00 06 S 092110.0 * * 
 051.7630871  014.3366600  000073  17734.01 -9999.99 09  000000.00 06 S 092110.5 * * 
 051.7630933  014.3366575  000073  17746.10 -9999.99 09  000000.00 06 S 092111.0 * * 
 051.7630993  014.3366559  000073  17733.30 -9999.99 09  000000.00 06 S 092111.5 * * 
 051.7631053  014.3366543  000073  17728.72 -9999.99 09  000000.00 06 S 092112.0 * * 
 051.7631114  014.3366519  000073  17751.49 -9999.99 09  000000.00 06 S 092112.5 * * 
 051.7631176  014.3366496  000073  17710.19 -9999.99 09  000000.00 06 S 092113.0 * * 
 051.7631234  014.3366467  000073  17777.26 -9999.99 09  000000.00 06 S 092113.5 * * 
 051.7631293  014.3366439  000073  17727.10 -9999.99 09  000000.00 06 S 092114.0 * * 
 051.7631353  014.3366415  000073  17653.87 -9999.99 19  000000.00 06 S 092114.5 * * 
 051.7631413  014.3366391  000073  17629.85 -9999.99 19  000000.00 06 S 092115.0 * * 
 051.7631470  014.3366371  000073  17755.22 -9999.99 09  000000.00 06 S 092115.5 * * 
 051.7631527  014.3366352  000073  17732.71 -9999.99 09  000000.00 06 S 092116.0 * * 
 051.7631582  014.3366328  000073  17649.12 -9999.99 19  000000.00 06 S 092116.5 * * 
 051.7631638  014.3366305  000073  17780.05 -9999.99 09  000000.00 05 S 092117.0 * * 
 051.7631687  014.3366288  000073  17762.65 -9999.99 09  000000.00 05 S 092117.5 * * 
 051.7631736  014.3366271  000073  17746.76 -9999.99 09  000000.00 04 S 092118.0 * * 
 051.7631736  014.3366271  000073  17746.76 -9999.99 09  000000.00 04 S 092118.5 -1  38 
line  000071
 051.7631718  014.3366099  000073  17652.75 -9999.99 19  000000.00 05 S 092145.0 -1  40 
 051.7631669  014.3366115  000073  17616.00 -9999.99 19  000000.00 05 S 092145.5 * * 
 051.7631620  014.3366131  000073  17701.78 -9999.99 09  000000.00 05 S 092146.0 * * 
 051.7631560  014.3366157  000073  17638.03 -9999.99 09  000000.00 05 S 092146.5 * * 
 051.7631500  014.3366184  000074  17712.49 -9999.99 09  000000.00 06 S 092147.0 * * 
 051.7631443  014.3366214  000074  17615.69 -9999.99 09  000000.00 06 S 092147.5 * * 
 051.7631387  014.3366244  000074  17712.49 -9999.99 09  000000.00 05 S 092148.0 * * 
 051.7631329  014.3366265  000074  17718.65 -9999.99 09  000000.00 05 S 092148.5 * * 
 051.7631272  014.3366287  000074  17754.55 -9999.99 09  000000.00 06 S 092149.0 * * 
 051.7631214  014.3366309  000074  17690.89 -9999.99 09  000000.00 06 S 092149.5 * * 
 051.7631157  014.3366332  000074  17738.87 -9999.99 09  000000.00 06 S 092150.0 * * 
 051.7631099  014.3366355  000074  17754.90 -9999.99 09  000000.00 06 S 092150.5 * * 
 051.7631041  014.3366379  000074  17688.90 -9999.99 09  000000.00 06 S 092151.0 * * 
 051.7630982  014.3366404  000074  17650.44 -9999.99 09  000000.00 06 S 092151.5 * * 
 051.7630923  014.3366430  000074  17743.13 -9999.99 09  000000.00 06 S 092152.0 * * 
 051.7630868  014.3366453  000074  17781.02 -9999.99 09  000000.00 06 S 092152.5 * * 
 051.7630813  014.3366476  000074  17769.40 -9999.99 09  000000.00 06 S 092153.0 * * 
 051.7630752  014.3366501  000074  17724.85 -9999.99 09  000000.00 06 S 092153.5 * * 
 051.7630691  014.3366527  000074  17752.50 -9999.99 09  000000.00 06 S 092154.0 * * 
 051.7630633  014.3366550  000074  17724.14 -9999.99 09  000000.00 06 S 092154.5 * * 
 051.7630575  014.3366574  000074  17712.60 -9999.99 09  000000.00 06 S 092155.0 * * 
 051.7630511  014.3366595  000074  17725.35 -9999.99 09  000000.00 06 S 092155.5 * * 
 051.7630448  014.3366617  000074  17673.22 -9999.99 09  000000.00 06 S 092156.0 * * 
 051.7630390  014.3366638  000074  17614.80 -9999.99 09  000000.00 06 S 092156.5 * * 
 051.7630332  014.3366660  000074  17696.58 -9999.99 09  000000.00 06 S 092157.0 * * 
 051.7630272  014.3366683  000074  17494.75 -9999.99 09  000000.00 06 S 092157.5 * * 
 051.7630212  014.3366706  000074  17743.75 -9999.99 09  000000.00 06 S 092158.0 * * 
 051.7630149  014.3366726  000074  17751.65 -9999.99 09  000000.00 06 S 092158.5 * * 
 051.7630087  014.3366747  000074  17729.79 -9999.99 09  000000.00 06 S 092159.0 * * 
 051.7630029  014.3366770  000074  17816.53 -9999.99 09  000000.00 06 S 092159.5 * * 
 051.7629972  014.3366794  000074  17596.48 -9999.99 09  000000.00 06 S 092200.0 * * 
 051.7629915  014.3366814  000074  17689.56 -9999.99 09  000000.00 06 S 092200.5 * * 
 051.7629859  014.3366834  000074  17755.51 -9999.99 09  000000.00 06 S 092201.0 * * 
 051.7629803  014.3366856  000074  17636.61 -9999.99 19  000000.00 06 S 092201.5 * * 
 051.7629747  014.3366878  000074  17691.04 -9999.99 09  000000.00 06 S 092202.0 * * 
 051.7629696  014.3366894  000074  17688.35 -9999.99 09  000000.00 06 S 092202.5 * * 
 051.7629645  014.3366911  000074  17632.49 -9999.99 09  000000.00 06 S 092203.0 * * 
 051.7629603  014.3366914  000074  17633.34 -9999.99 19  000000.00 06 S 092203.5 * * 
 051.7629562  014.3366918  000074  17637.28 -9999.99 09  000000.00 06 S 092204.0 * * 
 051.7629562  014.3366918  000074  17637.28 -9999.99 09  000000.00 06 S 092204.5 -2  40 
line  000072
 051.7629649  014.3366812  000073  17619.72 -9999.99 09  000000.00 06 S 092233.0 -2  42 
 051.7629704  014.3366808  000073  17611.98 -9999.99 09  000000.00 06 S 092233.5 * * 
 051.7629760  014.3366804  000073  17674.65 -9999.99 09  000000.00 06 S 092234.0 * * 
 051.7629809  014.3366776  000073  17669.13 -9999.99 09  000000.00 06 S 092234.5 * * 
 051.7629859  014.3366749  000073  17643.66 -9999.99 09  000000.00 06 S 092235.0 * * 
 051.7629919  014.3366726  000073  17722.77 -9999.99 09  000000.00 06 S 092235.5 * * 
 051.7629979  014.3366704  000073  17695.57 -9999.99 09  000000.00 06 S 092236.0 * * 
 051.7630032  014.3366689  000073  17738.52 -9999.99 09  000000.00 06 S 092236.5 * * 
 051.7630085  014.3366675  000073  17649.69 -9999.99 09  000000.00 06 S 092237.0 * * 
 051.7630145  014.3366646  000073  17749.05 -9999.99 09  000000.00 06 S 092237.5 * * 
 051.7630206  014.3366617  000073  17731.59 -9999.99 09  000000.00 06 S 092238.0 * * 
 051.7630265  014.3366599  000073  17745.19 -9999.99 09  000000.00 06 S 092238.5 * * 
 051.7630324  014.3366582  000073  17536.09 -9999.99 09  000000.00 06 S 092239.0 * * 
 051.7630384  014.3366556  000073  17790.92 -9999.99 09  000000.00 06 S 092239.5 * * 
 051.7630445  014.3366531  000073  17701.87 -9999.99 09  000000.00 06 S 092240.0 * * 
 051.7630506  014.3366500  000073  17650.91 -9999.99 09  000000.00 06 S 092240.5 * * 
 051.7630567  014.3366470  000073  17690.01 -9999.99 09  000000.00 06 S 092241.0 * * 
 051.7630629  014.3366442  000073  17649.01 -9999.99 09  000000.00 06 S 092241.5 * * 
 051.7630692  014.3366414  000073  17664.63 -9999.99 09  000000.00 06 S 092242.0 * * 
 051.7630750  014.3366396  000073  17731.34 -9999.99 09  000000.00 06 S 092242.5 * * 
 051.7630808  014.3366378  000073  17712.22 -9999.99 09  000000.00 06 S 092243.0 * * 
 051.7630866  014.3366343  000073  17743.91 -9999.99 09  000000.00 06 S 092243.5 * * 
 051.7630925  014.3366309  000073  17736.49 -9999.99 09  000000.00 06 S 092244.0 * * 
 051.7630979  014.3366289  000073  17659.24 -9999.99 09  000000.00 06 S 092244.5 * * 
 051.7631034  014.3366270  000073  17712.60 -9999.99 09  000000.00 06 S 092245.0 * * 
 051.7631092  014.3366246  000073  17766.04 -9999.99 09  000000.00 06 S 092245.5 * * 
 051.7631150  014.3366222  000074  17632.34 -9999.99 19  000000.00 06 S 092246.0 * * 
 051.7631207  014.3366202  000074  17723.03 -9999.99 09  000000.00 06 S 092246.5 * * 
 051.7631264  014.3366183  000074  17786.96 -9999.99 09  000000.00 06 S 092247.0 * * 
 051.7631321  014.3366162  000074  17647.53 -9999.99 19  000000.00 06 S 092247.5 * * 
 051.7631378  014.3366141  000074  17645.32 -9999.99 19  000000.00 06 S 092248.0 * * 
 051.7631435  014.3366114  000074  17780.69 -9999.99 09  000000.00 06 S 092248.5 * * 
 051.7631493  014.3366088  000074  17762.50 -9999.99 09  000000.00 06 S 092249.0 * * 
 051.7631544  014.3366067  000074  17667.45 -9999.99 19  000000.00 06 S 092249.5 * * 
 051.7631596  014.3366046  000074  17686.09 -9999.99 09  000000.00 05 S 092250.0 * * 
 051.7631636  014.3366024  000074  17653.52 -9999.99 19  000000.00 05 S 092250.5 * * 
 051.7631677  014.3366002  000074  17778.06 -9999.99 09  000000.00 05 S 092251.0 * * 
 051.7631677  014.3366002  000074  17778.06 -9999.99 09  000000.00 05 S 092251.5 -1  42 
line  000073
 051.7631577  014.3365861  000074  17621.46 -9999.99 39  000000.00 06 S 092312.0 -1  44 
 051.7631531  014.3365878  000074  17625.09 -9999.99 19  000000.00 06 S 092312.5 * * 
 051.7631485  014.3365895  000074  17637.71 -9999.99 19  000000.00 05 S 092313.0 * * 
 051.7631433  014.3365920  000074  17632.86 -9999.99 19  000000.00 05 S 092313.5 * * 
 051.7631381  014.3365945  000074  17637.90 -9999.99 19  000000.00 06 S 092314.0 * * 
 051.7631324  014.3365972  000074  17647.52 -9999.99 19  000000.00 06 S 092314.5 * * 
 051.7631268  014.3366000  000074  17640.47 -9999.99 19  000000.00 07 S 092315.0 * * 
 051.7631218  014.3366024  000074  17732.96 -9999.99 09  000000.00 07 S 092315.5 * * 
 051.7631168  014.3366048  000074  17619.97 -9999.99 19  000000.00 06 S 092316.0 * * 
 051.7631112  014.3366070  000074  17744.50 -9999.99 09  000000.00 06 S 092316.5 * * 
 051.7631056  014.3366092  000075  17670.20 -9999.99 09  000000.00 06 S 092317.0 * * 
 051.7630998  014.3366112  000075  17643.68 -9999.99 19  000000.00 06 S 092317.5 * * 
 051.7630940  014.3366133  000074  17632.44 -9999.99 19  000000.00 06 S 092318.0 * * 
 051.7630882  014.3366155  000074  17629.03 -9999.99 19  000000.00 06 S 092318.5 * * 
 051.7630824  014.3366178  000074  17613.57 -9999.99 19  000000.00 06 S 092319.0 * * 
 051.7630767  014.3366205  000074  17628.58 -9999.99 19  000000.00 06 S 092319.5 * * 
 051.7630710  014.3366233  000074  17609.22 -9999.99 19  000000.00 06 S 092320.0 * * 
 051.7630652  014.3366258  000074  17613.24 -9999.99 19  000000.00 06 S 092320.5 * * 
 051.7630594  014.3366284  000074  17694.71 -9999.99 09  000000.00 07 S 092321.0 * * 
 051.7630535  014.3366309  000074  17622.43 -9999.99 29  000000.00 07 S 092321.5 * * 
 051.7630477  014.3366334  000075  17707.14 -9999.99 09  000000.00 07 S 092322.0 * * 
 051.7630417  014.3366365  000075  17626.47 -9999.99 19  000000.00 07 S 092322.5 * * 
 051.7630357  014.3366396  000075  17672.09 -9999.99 09  000000.00 07 S 092323.0 * * 
 051.7630294  014.3366419  000075  17638.14 -9999.99 19  000000.00 07 S 092323.5 * * 
 051.7630231  014.3366442  000075  17601.46 -9999.99 09  000000.00 07 S 092324.0 * * 
 051.7630171  014.3366461  000075  17848.37 -9999.99 09  000000.00 07 S 092324.5 * * 
 051.7630112  014.3366481  000075  17706.23 -9999.99 09  000000.00 07 S 092325.0 * * 
 051.7630055  014.3366503  000075  17691.44 -9999.99 09  000000.00 07 S 092325.5 * * 
 051.7629999  014.3366525  000075  17682.37 -9999.99 09  000000.00 07 S 092326.0 * * 
 051.7629936  014.3366553  000075  17711.80 -9999.99 09  000000.00 07 S 092326.5 * * 
 051.7629874  014.3366581  000075  17661.93 -9999.99 09  000000.00 07 S 092327.0 * * 
 051.7629817  014.3366605  000075  17710.73 -9999.99 09  000000.00 07 S 092327.5 * * 
 051.7629760  014.3366630  000075  17576.02 -9999.99 09  000000.00 07 S 092328.0 * * 
 051.7629704  014.3366646  000075  18312.61 -9999.99 09  000000.00 07 S 092328.5 * * 
 051.7629648  014.3366663  000075  17607.64 -9999.99 09  000000.00 07 S 092329.0 * * 
 051.7629599  014.3366682  000075  17722.31 -9999.99 09  000000.00 07 S 092329.5 * * 
 051.7629551  014.3366701  000075  17612.15 -9999.99 09  000000.00 07 S 092330.0 * * 
 051.7629510  014.3366707  000075  17706.48 -9999.99 09  000000.00 07 S 092330.5 * * 
 051.7629470  014.3366713  000075  17589.29 -9999.99 09  000000.00 07 S 092331.0 * * 
 051.7629470  014.3366713  000075  17589.29 -9999.99 09  000000.00 07 S 092331.5 -2  44 
line  000074
 051.7629524  014.3366660  000075  17768.74 -9999.99 09  000000.00 06 S 092409.0 -2  46 
 051.7629579  014.3366637  000075  17682.03 -9999.99 09  000000.00 06 S 092409.5 * * 
 051.7629634  014.3366615  000075  17722.89 -9999.99 09  000000.00 06 S 092410.0 * * 
 051.7629692  014.3366593  000075  17620.45 -9999.99 09  000000.00 06 S 092410.5 * * 
 051.7629751  014.3366572  000075  17783.00 -9999.99 09  000000.00 06 S 092411.0 * * 
 051.7629811  014.3366550  000075  17724.65 -9999.99 09  000000.00 06 S 092411.5 * * 
 051.7629871  014.3366529  000076  17669.33 -9999.99 09  000000.00 07 S 092412.0 * * 
 051.7629934  014.3366506  000076  17670.81 -9999.99 09  000000.00 07 S 092412.5 * * 
 051.7629997  014.3366483  000076  17619.78 -9999.99 09  000000.00 07 S 092413.0 * * 
 051.7630059  014.3366454  000076  17634.75 -9999.99 09  000000.00 07 S 092413.5 * * 
 051.7630122  014.3366426  000076  17730.98 -9999.99 09  000000.00 07 S 092414.0 * * 
 051.7630181  014.3366403  000076  17725.69 -9999.99 09  000000.00 07 S 092414.5 * * 
 051.7630241  014.3366380  000076  17575.68 -9999.99 09  000000.00 07 S 092415.0 * * 
 051.7630301  014.3366356  000076  17749.89 -9999.99 09  000000.00 07 S 092415.5 * * 
 051.7630361  014.3366332  000076  17680.94 -9999.99 09  000000.00 07 S 092416.0 * * 
 051.7630419  014.3366303  000076  17721.73 -9999.99 09  000000.00 07 S 092416.5 * * 
 051.7630478  014.3366274  000076  17724.33 -9999.99 09  000000.00 07 S 092417.0 * * 
 051.7630540  014.3366251  000076  17759.26 -9999.99 09  000000.00 07 S 092417.5 * * 
 051.7630602  014.3366229  000076  17640.31 -9999.99 19  000000.00 07 S 092418.0 * * 
 051.7630660  014.3366204  000076  17719.74 -9999.99 09  000000.00 07 S 092418.5 * * 
 051.7630719  014.3366179  000076  17731.48 -9999.99 09  000000.00 07 S 092419.0 * * 
 051.7630778  014.3366153  000076  17648.48 -9999.99 19  000000.00 07 S 092419.5 * * 
 051.7630837  014.3366128  000076  17747.22 -9999.99 09  000000.00 07 S 092420.0 * * 
 051.7630897  014.3366103  000076  17767.11 -9999.99 09  000000.00 07 S 092420.5 * * 
 051.7630957  014.3366079  000076  17686.52 -9999.99 09  000000.00 07 S 092421.0 * * 
 051.7631014  014.3366051  000076  17731.86 -9999.99 09  000000.00 07 S 092421.5 * * 
 051.7631071  014.3366023  000076  17750.08 -9999.99 09  000000.00 06 S 092422.0 * * 
 051.7631131  014.3365998  000076  17653.60 -9999.99 09  000000.00 06 S 092422.5 * * 
 051.7631191  014.3365973  000076  17650.93 -9999.99 19  000000.00 07 S 092423.0 * * 
 051.7631247  014.3365955  000076  17755.08 -9999.99 09  000000.00 07 S 092423.5 * * 
 051.7631304  014.3365938  000076  17722.75 -9999.99 09  000000.00 07 S 092424.0 * * 
 051.7631362  014.3365911  000076  17742.20 -9999.99 09  000000.00 07 S 092424.5 * * 
 051.7631420  014.3365885  000076  17722.00 -9999.99 09  000000.00 07 S 092425.0 * * 
 051.7631478  014.3365864  000076  17742.36 -9999.99 09  000000.00 07 S 092425.5 * * 
 051.7631537  014.3365843  000076  17632.07 -9999.99 09  000000.00 07 S 092426.0 * * 
 051.7631579  014.3365816  000076  17741.76 -9999.99 09  000000.00 07 S 092426.5 * * 
 051.7631622  014.3365789  000076  17738.96 -9999.99 09  000000.00 06 S 092427.0 * * 
 051.7631650  014.3365786  000076  17639.45 -9999.99 19  000000.00 06 S 092427.5 * * 
 051.7631679  014.3365784  000076  17646.03 -9999.99 19  000000.00 06 S 092428.0 * * 
 051.7631681  014.3365777  000076  17690.86 -9999.99 09  000000.00 06 S 092428.5 * * 
 051.7631683  014.3365770  000076  17692.10 -9999.99 09  000000.00 06 S 092429.0 * * 
 051.7631683  014.3365737  000076  17636.89 -9999.99 09  000000.00 06 S 092429.5 * * 
 051.7631683  014.3365705  000076  17624.85 -9999.99 19  000000.00 06 S 092430.0 * * 
 051.7631683  014.3365705  000076  17624.85 -9999.99 19  000000.00 06 S 092430.5 -1  46 
line  000075
 051.7631540  014.3365564  000076  17690.93 -9999.99 09  000000.00 06 S 092457.0 -1  48 
 051.7631495  014.3365589  000076  17648.48 -9999.99 19  000000.00 06 S 092457.5 * * 
 051.7631450  014.3365615  000076  17777.90 -9999.99 09  000000.00 06 S 092458.0 * * 
 051.7631392  014.3365643  000076  17700.44 -9999.99 09  000000.00 06 S 092458.5 * * 
 051.7631335  014.3365671  000077  17690.53 -9999.99 09  000000.00 07 S 092459.0 * * 
 051.7631280  014.3365696  000077  17755.31 -9999.99 09  000000.00 07 S 092459.5 * * 
 051.7631226  014.3365721  000077  17622.45 -9999.99 09  000000.00 06 S 092500.0 * * 
 051.7631170  014.3365752  000077  17775.97 -9999.99 09  000000.00 06 S 092500.5 * * 
 051.7631115  014.3365784  000077  17827.24 -9999.99 09  000000.00 07 S 092501.0 * * 
 051.7631058  014.3365809  000077  17755.26 -9999.99 09  000000.00 07 S 092501.5 * * 
 051.7631002  014.3365834  000077  17818.58 -9999.99 09  000000.00 06 S 092502.0 * * 
 051.7630943  014.3365857  000077  17638.46 -9999.99 09  000000.00 06 S 092502.5 * * 
 051.7630885  014.3365880  000076  17735.33 -9999.99 09  000000.00 07 S 092503.0 * * 
 051.7630827  014.3365909  000076  17728.95 -9999.99 09  000000.00 07 S 092503.5 * * 
 051.7630770  014.3365939  000077  17761.89 -9999.99 09  000000.00 07 S 092504.0 * * 
 051.7630711  014.3365963  000077  17768.90 -9999.99 09  000000.00 07 S 092504.5 * * 
 051.7630653  014.3365987  000076  17832.10 -9999.99 09  000000.00 07 S 092505.0 * * 
 051.7630590  014.3366014  000076  17687.77 -9999.99 09  000000.00 07 S 092505.5 * * 
 051.7630528  014.3366041  000076  17515.97 -9999.99 09  000000.00 07 S 092506.0 * * 
 051.7630471  014.3366067  000076  17503.61 -9999.99 09  000000.00 07 S 092506.5 * * 
 051.7630414  014.3366093  000076  17484.52 -9999.99 09  000000.00 07 S 092507.0 * * 
 051.7630353  014.3366117  000076  17689.88 -9999.99 09  000000.00 07 S 092507.5 * * 
 051.7630293  014.3366141  000076  17760.79 -9999.99 09  000000.00 07 S 092508.0 * * 
 051.7630235  014.3366164  000076  17793.68 -9999.99 09  000000.00 07 S 092508.5 * * 
 051.7630177  014.3366187  000076  17647.44 -9999.99 19  000000.00 07 S 092509.0 * * 
 051.7630113  014.3366214  000076  17755.15 -9999.99 09  000000.00 07 S 092509.5 * * 
 051.7630050  014.3366241  000076  17763.34 -9999.99 09  000000.00 06 S 092510.0 * * 
 051.7629995  014.3366260  000076  17765.78 -9999.99 09  000000.00 06 S 092510.5 * * 
 051.7629941  014.3366280  000076  17720.56 -9999.99 09  000000.00 07 S 092511.0 * * 
 051.7629882  014.3366309  000076  17722.99 -9999.99 09  000000.00 07 S 092511.5 * * 
 051.7629823  014.3366338  000076  17730.41 -9999.99 09  000000.00 07 S 092512.0 * * 
 051.7629767  014.3366352  000076  17768.60 -9999.99 09  000000.00 07 S 092512.5 * * 
 051.7629712  014.3366367  000076  17770.80 -9999.99 09  000000.00 07 S 092513.0 * * 
 051.7629657  014.3366390  000076  17619.65 -9999.99 09  000000.00 07 S 092513.5 * * 
 051.7629603  014.3366413  000076  17704.69 -9999.99 09  000000.00 06 S 092514.0 * * 
 051.7629555  014.3366428  000076  17749.98 -9999.99 09  000000.00 06 S 092514.5 * * 
 051.7629508  014.3366444  000076  17840.61 -9999.99 09  000000.00 06 S 092515.0 * * 
 051.7629469  014.3366455  000076  17728.77 -9999.99 09  000000.00 06 S 092515.5 * * 
 051.7629430  014.3366467  000076  17730.73 -9999.99 09  000000.00 07 S 092516.0 * * 
 051.7629430  014.3366467  000076  17730.73 -9999.99 09  000000.00 07 S 092516.5 -2  48 
line  000076
 051.7629446  014.3366471  000077  17753.29 -9999.99 09  000000.00 07 S 092559.0 -2  50 
 051.7629486  014.3366451  000077  17722.27 -9999.99 09  000000.00 07 S 092559.5 * * 
 051.7629527  014.3366432  000077  17700.69 -9999.99 09  000000.00 06 S 092600.0 * * 
 051.7629586  014.3366402  000077  17570.62 -9999.99 09  000000.00 06 S 092600.5 * * 
 051.7629645  014.3366373  000077  17708.19 -9999.99 09  000000.00 06 S 092601.0 * * 
 051.7629700  014.3366342  000077  17736.67 -9999.99 09  000000.00 06 S 092601.5 * * 
 051.7629755  014.3366312  000077  17723.48 -9999.99 09  000000.00 07 S 092602.0 * * 
 051.7629808  014.3366290  000077  17656.75 -9999.99 19  000000.00 07 S 092602.5 * * 
 051.7629862  014.3366269  000077  17651.19 -9999.99 19  000000.00 07 S 092603.0 * * 
 051.7629918  014.3366245  000077  17653.34 -9999.99 19  000000.00 07 S 092603.5 * * 
 051.7629975  014.3366221  000077  17710.30 -9999.99 09  000000.00 06 S 092604.0 * * 
 051.7630026  014.3366211  000077  17695.89 -9999.99 09  000000.00 06 S 092604.5 * * 
 051.7630078  014.3366202  000077  17577.94 -9999.99 09  000000.00 07 S 092605.0 * * 
 051.7630139  014.3366186  000077  17750.44 -9999.99 09  000000.00 07 S 092605.5 * * 
 051.7630200  014.3366170  000077  17472.82 -9999.99 09  000000.00 07 S 092606.0 * * 
 051.7630256  014.3366149  000077  18203.87 -9999.99 09  000000.00 07 S 092606.5 * * 
 051.7630313  014.3366128  000077  17767.52 -9999.99 09  000000.00 07 S 092607.0 * * 
 051.7630371  014.3366109  000077  17727.12 -9999.99 09  000000.00 07 S 092607.5 * * 
 051.7630429  014.3366090  000077  17708.94 -9999.99 09  000000.00 07 S 092608.0 * * 
 051.7630491  014.3366063  000077  17734.92 -9999.99 09  000000.00 07 S 092608.5 * * 
 051.7630554  014.3366037  000077  17791.06 -9999.99 09  000000.00 07 S 092609.0 * * 
 051.7630613  014.3366006  000077  17710.01 -9999.99 09  000000.00 07 S 092609.5 * * 
 051.7630672  014.3365975  000077  17663.96 -9999.99 09  000000.00 07 S 092610.0 * * 
 051.7630729  014.3365943  000077  17771.82 -9999.99 09  000000.00 07 S 092610.5 * * 
 051.7630786  014.3365911  000077  17727.81 -9999.99 09  000000.00 07 S 092611.0 * * 
 051.7630840  014.3365891  000077  17652.03 -9999.99 19  000000.00 07 S 092611.5 * * 
 051.7630895  014.3365871  000077  17762.97 -9999.99 09  000000.00 07 S 092612.0 * * 
 051.7630954  014.3365842  000077  17730.09 -9999.99 09  000000.00 07 S 092612.5 * * 
 051.7631014  014.3365814  000077  17757.32 -9999.99 09  000000.00 07 S 092613.0 * * 
 051.7631072  014.3365794  000077  17759.96 -9999.99 09  000000.00 07 S 092613.5 * * 
 051.7631130  014.3365774  000076  17679.58 -9999.99 09  000000.00 07 S 092614.0 * * 
 051.7631196  014.3365736  000076  17629.28 -9999.99 09  000000.00 07 S 092614.5 * * 
 051.7631263  014.3365699  000076  17730.06 -9999.99 09  000000.00 07 S 092615.0 * * 
 051.7631324  014.3365670  000076  17750.42 -9999.99 09  000000.00 07 S 092615.5 * * 
 051.7631385  014.3365641  000076  17744.96 -9999.99 09  000000.00 07 S 092616.0 * * 
 051.7631441  014.3365612  000076  17760.40 -9999.99 09  000000.00 07 S 092616.5 * * 
 051.7631497  014.3365583  000076  17806.34 -9999.99 09  000000.00 06 S 092617.0 * * 
 051.7631533  014.3365569  000076  17753.16 -9999.99 09  000000.00 06 S 092617.5 * * 
 051.7631570  014.3365555  000076  17756.63 -9999.99 09  000000.00 06 S 092618.0 * * 
 051.7631570  014.3365555  000076  17756.63 -9999.99 09  000000.00 06 S 092618.5 -1  50 
line  000077
 051.7631503  014.3365346  000077  17773.54 -9999.99 09  000000.00 06 S 092638.0 -1  52 
 051.7631503  014.3365339  000077  17729.06 -9999.99 09  000000.00 06 S 092638.5 * * 
 051.7631504  014.3365333  000077  17719.61 -9999.99 09  000000.00 07 S 092639.0 * * 
 051.7631466  014.3365355  000077  17789.00 -9999.99 09  000000.00 07 S 092639.5 * * 
 051.7631428  014.3365378  000077  17782.70 -9999.99 09  000000.00 06 S 092640.0 * * 
 051.7631369  014.3365397  000077  17721.59 -9999.99 09  000000.00 06 S 092640.5 * * 
 051.7631310  014.3365416  000077  17763.02 -9999.99 09  000000.00 06 S 092641.0 * * 
 051.7631250  014.3365442  000077  17577.51 -9999.99 09  000000.00 06 S 092641.5 * * 
 051.7631191  014.3365468  000077  17664.37 -9999.99 19  000000.00 06 S 092642.0 * * 
 051.7631131  014.3365491  000077  17668.98 -9999.99 09  000000.00 06 S 092642.5 * * 
 051.7631071  014.3365514  000077  17660.39 -9999.99 09  000000.00 06 S 092643.0 * * 
 051.7631012  014.3365533  000077  17624.24 -9999.99 19  000000.00 06 S 092643.5 * * 
 051.7630953  014.3365552  000077  17681.18 -9999.99 09  000000.00 06 S 092644.0 * * 
 051.7630892  014.3365577  000077  17780.19 -9999.99 09  000000.00 06 S 092644.5 * * 
 051.7630832  014.3365603  000077  17664.79 -9999.99 09  000000.00 07 S 092645.0 * * 
 051.7630772  014.3365621  000077  17630.19 -9999.99 19  000000.00 07 S 092645.5 * * 
 051.7630713  014.3365640  000077  17657.10 -9999.99 19  000000.00 07 S 092646.0 * * 
 051.7630654  014.3365673  000077  17644.42 -9999.99 09  000000.00 07 S 092646.5 * * 
 051.7630596  014.3365706  000077  17638.14 -9999.99 19  000000.00 06 S 092647.0 * * 
 051.7630534  014.3365727  000077  17560.79 -9999.99 09  000000.00 06 S 092647.5 * * 
 051.7630473  014.3365748  000077  17767.87 -9999.99 09  000000.00 06 S 092648.0 * * 
 051.7630411  014.3365780  000077  17671.17 -9999.99 09  000000.00 06 S 092648.5 * * 
 051.7630349  014.3365812  000077  17803.71 -9999.99 09  000000.00 06 S 092649.0 * * 
 051.7630289  014.3365838  000077  17781.20 -9999.99 09  000000.00 06 S 092649.5 * * 
 051.7630229  014.3365864  000077  17821.38 -9999.99 09  000000.00 06 S 092650.0 * * 
 051.7630163  014.3365890  000077  17750.90 -9999.99 09  000000.00 06 S 092650.5 * * 
 051.7630097  014.3365916  000076  17572.76 -9999.99 09  000000.00 05 S 092651.0 * * 
 051.7630037  014.3365940  000076  17649.35 -9999.99 19  000000.00 05 S 092651.5 * * 
 051.7629977  014.3365964  000076  17693.15 -9999.99 09  000000.00 05 S 092652.0 * * 
 051.7629913  014.3365985  000076  17812.78 -9999.99 09  000000.00 05 S 092652.5 * * 
 051.7629849  014.3366006  000076  17832.63 -9999.99 09  000000.00 05 S 092653.0 * * 
 051.7629788  014.3366032  000076  17779.26 -9999.99 09  000000.00 05 S 092653.5 * * 
 051.7629727  014.3366059  000076  17683.67 -9999.99 09  000000.00 06 S 092654.0 * * 
 051.7629667  014.3366083  000076  17981.17 -9999.99 09  000000.00 06 S 092654.5 * * 
 051.7629607  014.3366107  000076  17644.41 -9999.99 19  000000.00 06 S 092655.0 * * 
 051.7629551  014.3366130  000076  17622.00 -9999.99 19  000000.00 06 S 092655.5 * * 
 051.7629496  014.3366154  000076  17632.62 -9999.99 09  000000.00 07 S 092656.0 * * 
 051.7629455  014.3366173  000076  17635.24 -9999.99 09  000000.00 07 S 092656.5 * * 
 051.7629414  014.3366192  000076  17698.49 -9999.99 09  000000.00 06 S 092657.0 * * 
 051.7629414  014.3366192  000076  17698.49 -9999.99 09  000000.00 06 S 092657.5 -2  52 
line  000078
 051.7629422  014.3366267  000077  17714.52 -9999.99 09  000000.00 07 S 092729.0 -2  54 
 051.7629468  014.3366248  000077  17622.74 -9999.99 09  000000.00 07 S 092729.5 * * 
 051.7629515  014.3366230  000077  17661.84 -9999.99 09  000000.00 06 S 092730.0 * * 
 051.7629573  014.3366200  000077  17636.40 -9999.99 09  000000.00 06 S 092730.5 * * 
 051.7629631  014.3366170  000077  16934.10 -9999.99 09  000000.00 06 S 092731.0 * * 
 051.7629686  014.3366149  000077  17644.96 -9999.99 09  000000.00 06 S 092731.5 * * 
 051.7629741  014.3366129  000077  17695.05 -9999.99 09  000000.00 06 S 092732.0 * * 
 051.7629802  014.3366102  000077  17577.54 -9999.99 09  000000.00 06 S 092732.5 * * 
 051.7629863  014.3366076  000077  17578.42 -9999.99 09  000000.00 06 S 092733.0 * * 
 051.7629923  014.3366050  000077  17582.67 -9999.99 09  000000.00 06 S 092733.5 * * 
 051.7629983  014.3366025  000077  17652.55 -9999.99 09  000000.00 06 S 092734.0 * * 
 051.7630043  014.3365997  000077  17679.48 -9999.99 09  000000.00 06 S 092734.5 * * 
 051.7630104  014.3365969  000077  17642.96 -9999.99 09  000000.00 06 S 092735.0 * * 
 051.7630163  014.3365943  000077  17793.89 -9999.99 09  000000.00 06 S 092735.5 * * 
 051.7630222  014.3365918  000077  17883.53 -9999.99 09  000000.00 06 S 092736.0 * * 
 051.7630278  014.3365874  000077  18024.20 -9999.99 09  000000.00 06 S 092736.5 * * 
 051.7630335  014.3365831  000077  17884.63 -9999.99 09  000000.00 06 S 092737.0 * * 
 051.7630400  014.3365802  000077  17679.80 -9999.99 09  000000.00 06 S 092737.5 * * 
 051.7630465  014.3365773  000077  17851.97 -9999.99 09  000000.00 07 S 092738.0 * * 
 051.7630521  014.3365748  000077  17659.28 -9999.99 09  000000.00 07 S 092738.5 * * 
 051.7630578  014.3365724  000077  17761.16 -9999.99 09  000000.00 06 S 092739.0 * * 
 051.7630644  014.3365696  000077  17638.65 -9999.99 09  000000.00 06 S 092739.5 * * 
 051.7630710  014.3365668  000077  17723.67 -9999.99 09  000000.00 06 S 092740.0 * * 
 051.7630770  014.3365639  000077  17751.85 -9999.99 09  000000.00 06 S 092740.5 * * 
 051.7630831  014.3365610  000077  17666.31 -9999.99 09  000000.00 07 S 092741.0 * * 
 051.7630892  014.3365582  000077  17743.07 -9999.99 09  000000.00 07 S 092741.5 * * 
 051.7630953  014.3365555  000076  17629.92 -9999.99 09  000000.00 07 S 092742.0 * * 
 051.7631010  014.3365528  000076  17888.97 -9999.99 09  000000.00 07 S 092742.5 * * 
 051.7631068  014.3365502  000076  17662.98 -9999.99 09  000000.00 07 S 092743.0 * * 
 051.7631125  014.3365471  000076  17682.52 -9999.99 09  000000.00 07 S 092743.5 * * 
 051.7631182  014.3365441  000076  17689.27 -9999.99 09  000000.00 07 S 092744.0 * * 
 051.7631243  014.3365423  000076  17703.48 -9999.99 09  000000.00 07 S 092744.5 * * 
 051.7631305  014.3365406  000076  17681.86 -9999.99 09  000000.00 07 S 092745.0 * * 
 051.7631362  014.3365399  000076  17786.01 -9999.99 09  000000.00 07 S 092745.5 * * 
 051.7631419  014.3365392  000076  17737.38 -9999.99 09  000000.00 07 S 092746.0 * * 
 051.7631462  014.3365381  000076  17644.39 -9999.99 19  000000.00 07 S 092746.5 * * 
 051.7631505  014.3365370  000076  17625.48 -9999.99 19  000000.00 06 S 092747.0 * * 
 051.7631505  014.3365370  000076  17625.48 -9999.99 19  000000.00 06 S 092747.5 -1  54 
line  000079
 051.7631414  014.3365121  000078  17631.12 -9999.99 19  000000.00 07 S 092819.0 -1  56 
 051.7631360  014.3365146  000078  17649.37 -9999.99 19  000000.00 07 S 092819.5 * * 
 051.7631307  014.3365172  000078  17706.25 -9999.99 09  000000.00 06 S 092820.0 * * 
 051.7631248  014.3365196  000078  17689.11 -9999.99 09  000000.00 06 S 092820.5 * * 
 051.7631189  014.3365221  000078  17707.69 -9999.99 09  000000.00 06 S 092821.0 * * 
 051.7631126  014.3365248  000078  17639.65 -9999.99 19  000000.00 06 S 092821.5 * * 
 051.7631064  014.3365275  000078  17724.33 -9999.99 09  000000.00 07 S 092822.0 * * 
 051.7631015  014.3365303  000078  17660.20 -9999.99 19  000000.00 07 S 092822.5 * * 
 051.7630966  014.3365331  000078  17633.79 -9999.99 19  000000.00 07 S 092823.0 * * 
 051.7630903  014.3365351  000078  17701.39 -9999.99 09  000000.00 07 S 092823.5 * * 
 051.7630840  014.3365372  000078  17690.33 -9999.99 09  000000.00 07 S 092824.0 * * 
 051.7630778  014.3365404  000078  17669.82 -9999.99 09  000000.00 07 S 092824.5 * * 
 051.7630717  014.3365437  000078  17703.03 -9999.99 09  000000.00 06 S 092825.0 * * 
 051.7630657  014.3365457  000078  17634.41 -9999.99 19  000000.00 06 S 092825.5 * * 
 051.7630598  014.3365477  000078  17634.50 -9999.99 19  000000.00 06 S 092826.0 * * 
 051.7630536  014.3365504  000078  17735.19 -9999.99 09  000000.00 06 S 092826.5 * * 
 051.7630474  014.3365531  000078  17620.02 -9999.99 19  000000.00 06 S 092827.0 * * 
 051.7630413  014.3365553  000078  17642.37 -9999.99 09  000000.00 06 S 092827.5 * * 
 051.7630353  014.3365576  000078  17849.55 -9999.99 09  000000.00 06 S 092828.0 * * 
 051.7630291  014.3365595  000078  17625.78 -9999.99 19  000000.00 06 S 092828.5 * * 
 051.7630230  014.3365614  000077  17624.89 -9999.99 19  000000.00 07 S 092829.0 * * 
 051.7630171  014.3365632  000077  17663.38 -9999.99 09  000000.00 07 S 092829.5 * * 
 051.7630112  014.3365650  000077  17698.80 -9999.99 09  000000.00 07 S 092830.0 * * 
 051.7630053  014.3365676  000077  17682.76 -9999.99 09  000000.00 07 S 092830.5 * * 
 051.7629994  014.3365703  000077  17460.55 -9999.99 09  000000.00 06 S 092831.0 * * 
 051.7629935  014.3365722  000077  16723.66 -9999.99 09  000000.00 06 S 092831.5 * * 
 051.7629877  014.3365742  000077  16507.32 -9999.99 09  000000.00 05 S 092832.0 * * 
 051.7629818  014.3365765  000077  16569.52 -9999.99 09  000000.00 05 S 092832.5 * * 
 051.7629759  014.3365789  000077  17620.56 -9999.99 09  000000.00 06 S 092833.0 * * 
 051.7629696  014.3365807  000077  17697.00 -9999.99 09  000000.00 06 S 092833.5 * * 
 051.7629633  014.3365825  000077  18479.16 -9999.99 09  000000.00 05 S 092834.0 * * 
 051.7629578  014.3365852  000077  17715.71 -9999.99 09  000000.00 05 S 092834.5 * * 
 051.7629524  014.3365880  000077  17592.33 -9999.99 09  000000.00 05 S 092835.0 * * 
 051.7629464  014.3365901  000077  17767.06 -9999.99 09  000000.00 05 S 092835.5 * * 
 051.7629405  014.3365923  000077  17952.85 -9999.99 09  000000.00 05 S 092836.0 * * 
 051.7629372  014.3365941  000077  17728.43 -9999.99 09  000000.00 05 S 092836.5 * * 
 051.7629340  014.3365960  000077  17692.57 -9999.99 09  000000.00 06 S 092837.0 * * 
 051.7629313  014.3365966  000077  17722.16 -9999.99 09  000000.00 06 S 092837.5 * * 
 051.7629286  014.3365972  000077  17706.37 -9999.99 09  000000.00 07 S 092838.0 * * 
 051.7629283  014.3365998  000077  17698.05 -9999.99 09  000000.00 07 S 092838.5 * * 
 051.7629281  014.3366024  000077  17700.81 -9999.99 09  000000.00 07 S 092839.0 * * 
 051.7629281  014.3366024  000077  17700.81 -9999.99 09  000000.00 07 S 092839.5 -2  56 
line  000080
 051.7629337  014.3365944  000077  17624.31 -9999.99 19  000000.00 05 S 092903.0 -2  58 
 051.7629388  014.3365920  000077  17747.88 -9999.99 09  000000.00 05 S 092903.5 * * 
 051.7629440  014.3365897  000077  17839.81 -9999.99 09  000000.00 06 S 092904.0 * * 
 051.7629496  014.3365872  000077  17594.37 -9999.99 09  000000.00 06 S 092904.5 * * 
 051.7629552  014.3365847  000077  17703.10 -9999.99 09  000000.00 07 S 092905.0 * * 
 051.7629611  014.3365823  000077  17797.91 -9999.99 09  000000.00 07 S 092905.5 * * 
 051.7629670  014.3365799  000077  17843.91 -9999.99 09  000000.00 07 S 092906.0 * * 
 051.7629728  014.3365777  000077  17703.69 -9999.99 09  000000.00 07 S 092906.5 * * 
 051.7629787  014.3365755  000076  17854.54 -9999.99 09  000000.00 06 S 092907.0 * * 
 051.7629849  014.3365723  000076  17685.40 -9999.99 09  000000.00 06 S 092907.5 * * 
 051.7629912  014.3365691  000076  17332.14 -9999.99 09  000000.00 06 S 092908.0 * * 
 051.7629967  014.3365665  000076  17237.65 -9999.99 09  000000.00 06 S 092908.5 * * 
 051.7630022  014.3365639  000076  16904.46 -9999.99 09  000000.00 06 S 092909.0 * * 
 051.7630084  014.3365612  000076  16709.48 -9999.99 09  000000.00 06 S 092909.5 * * 
 051.7630147  014.3365586  000076  17733.37 -9999.99 09  000000.00 07 S 092910.0 * * 
 051.7630204  014.3365554  000076  16778.92 -9999.99 09  000000.00 07 S 092910.5 * * 
 051.7630262  014.3365523  000076  16715.72 -9999.99 09  000000.00 05 S 092911.0 * * 
 051.7630327  014.3365491  000076  17788.87 -9999.99 09  000000.00 05 S 092911.5 * * 
 051.7630392  014.3365459  000076  17750.10 -9999.99 09  000000.00 06 S 092912.0 * * 
 051.7630453  014.3365438  000076  17724.65 -9999.99 09  000000.00 06 S 092912.5 * * 
 051.7630515  014.3365417  000076  17771.52 -9999.99 09  000000.00 07 S 092913.0 * * 
 051.7630575  014.3365380  000076  17766.93 -9999.99 09  000000.00 07 S 092913.5 * * 
 051.7630635  014.3365344  000076  17744.37 -9999.99 09  000000.00 06 S 092914.0 * * 
 051.7630698  014.3365319  000076  17637.54 -9999.99 19  000000.00 06 S 092914.5 * * 
 051.7630761  014.3365294  000076  17697.56 -9999.99 09  000000.00 06 S 092915.0 * * 
 051.7630825  014.3365263  000076  17739.23 -9999.99 09  000000.00 06 S 092915.5 * * 
 051.7630889  014.3365232  000076  17747.61 -9999.99 09  000000.00 07 S 092916.0 * * 
 051.7630946  014.3365216  000076  17750.37 -9999.99 09  000000.00 07 S 092916.5 * * 
 051.7631003  014.3365200  000076  17803.23 -9999.99 09  000000.00 07 S 092917.0 * * 
 051.7631061  014.3365175  000076  17646.65 -9999.99 19  000000.00 07 S 092917.5 * * 
 051.7631119  014.3365150  000076  17725.23 -9999.99 09  000000.00 06 S 092918.0 * * 
 051.7631178  014.3365128  000076  17720.13 -9999.99 09  000000.00 06 S 092918.5 * * 
 051.7631238  014.3365107  000076  17638.55 -9999.99 19  000000.00 07 S 092919.0 * * 
 051.7631293  014.3365077  000076  17642.57 -9999.99 19  000000.00 07 S 092919.5 * * 
 051.7631348  014.3365048  000076  17719.89 -9999.99 09  000000.00 06 S 092920.0 * * 
 051.7631394  014.3365027  000076  17756.31 -9999.99 09  000000.00 06 S 092920.5 * * 
 051.7631441  014.3365006  000076  17672.13 -9999.99 19  000000.00 06 S 092921.0 * * 
 051.7631466  014.3364998  000076  17634.61 -9999.99 19  000000.00 06 S 092921.5 * * 
 051.7631492  014.3364990  000076  17617.64 -9999.99 29  000000.00 06 S 092922.0 * * 
 051.7631492  014.3364965  000076  17683.11 -9999.99 09  000000.00 06 S 092922.5 * * 
 051.7631493  014.3364941  000076  17630.62 -9999.99 19  000000.00 06 S 092923.0 * * 
 051.7631493  014.3364941  000076  17630.62 -9999.99 19  000000.00 06 S 092923.5 -1  58 
line  000081
 051.7631354  014.3364814  000076  17649.14 -9999.99 19  000000.00 05 S 092944.0 -1  60 
 051.7631304  014.3364837  000076  17616.79 -9999.99 29  000000.00 05 S 092944.5 * * 
 051.7631254  014.3364861  000076  17640.28 -9999.99 19  000000.00 06 S 092945.0 * * 
 051.7631195  014.3364877  000076  17626.56 -9999.99 19  000000.00 06 S 092945.5 * * 
 051.7631136  014.3364894  000076  17723.18 -9999.99 09  000000.00 06 S 092946.0 * * 
 051.7631074  014.3364921  000076  17682.32 -9999.99 09  000000.00 06 S 092946.5 * * 
 051.7631013  014.3364948  000076  17765.69 -9999.99 09  000000.00 06 S 092947.0 * * 
 051.7630960  014.3364976  000076  17717.06 -9999.99 09  000000.00 06 S 092947.5 * * 
 051.7630907  014.3365005  000076  17639.35 -9999.99 19  000000.00 05 S 092948.0 * * 
 051.7630845  014.3365030  000076  17560.49 -9999.99 09  000000.00 05 S 092948.5 * * 
 051.7630784  014.3365056  000076  17785.10 -9999.99 09  000000.00 06 S 092949.0 * * 
 051.7630718  014.3365086  000076  17754.21 -9999.99 09  000000.00 06 S 092949.5 * * 
 051.7630652  014.3365117  000076  17803.95 -9999.99 09  000000.00 07 S 092950.0 * * 
 051.7630590  014.3365137  000076  17782.14 -9999.99 09  000000.00 07 S 092950.5 * * 
 051.7630528  014.3365158  000076  17756.22 -9999.99 09  000000.00 06 S 092951.0 * * 
 051.7630464  014.3365185  000076  17762.55 -9999.99 09  000000.00 06 S 092951.5 * * 
 051.7630400  014.3365213  000076  17652.93 -9999.99 19  000000.00 06 S 092952.0 * * 
 051.7630332  014.3365246  000076  17757.62 -9999.99 09  000000.00 06 S 092952.5 * * 
 051.7630265  014.3365279  000076  17784.36 -9999.99 09  000000.00 06 S 092953.0 * * 
 051.7630197  014.3365297  000076  17609.30 -9999.99 09  000000.00 06 S 092953.5 * * 
 051.7630130  014.3365316  000076  17759.33 -9999.99 09  000000.00 05 S 092954.0 * * 
 051.7630065  014.3365339  000076  17723.12 -9999.99 09  000000.00 05 S 092954.5 * * 
 051.7630001  014.3365363  000076  17746.81 -9999.99 09  000000.00 05 S 092955.0 * * 
 051.7629938  014.3365390  000076  17676.87 -9999.99 09  000000.00 05 S 092955.5 * * 
 051.7629875  014.3365418  000076  17650.21 -9999.99 19  000000.00 06 S 092956.0 * * 
 051.7629809  014.3365450  000076  17705.57 -9999.99 09  000000.00 06 S 092956.5 * * 
 051.7629744  014.3365482  000076  17794.74 -9999.99 09  000000.00 05 S 092957.0 * * 
 051.7629681  014.3365503  000076  17733.29 -9999.99 09  000000.00 05 S 092957.5 * * 
 051.7629618  014.3365525  000076  17595.46 -9999.99 09  000000.00 05 S 092958.0 * * 
 051.7629559  014.3365546  000076  17708.14 -9999.99 09  000000.00 05 S 092958.5 * * 
 051.7629500  014.3365568  000076  17663.92 -9999.99 09  000000.00 05 S 092959.0 * * 
 051.7629444  014.3365603  000076  17731.18 -9999.99 09  000000.00 05 S 092959.5 * * 
 051.7629389  014.3365638  000076  17543.19 -9999.99 09  000000.00 06 S 093000.0 * * 
 051.7629347  014.3365657  000076  17729.89 -9999.99 09  000000.00 06 S 093000.5 * * 
 051.7629305  014.3365677  000076  17589.87 -9999.99 09  000000.00 06 S 093001.0 * * 
 051.7629305  014.3365677  000076  17589.87 -9999.99 09  000000.00 06 S 093001.5 -2  60 
line  000082
 051.7629342  014.3365633  000075  17628.96 -9999.99 09  000000.00 06 S 093025.0 -2  62 
 051.7629393  014.3365613  000075  17702.46 -9999.99 09  000000.00 06 S 093025.5 * * 
 051.7629444  014.3365594  000075  17659.17 -9999.99 09  000000.00 06 S 093026.0 * * 
 051.7629504  014.3365569  000075  17630.67 -9999.99 19  000000.00 06 S 093026.5 * * 
 051.7629564  014.3365545  000075  17676.86 -9999.99 09  000000.00 05 S 093027.0 * * 
 051.7629628  014.3365521  000075  17715.59 -9999.99 09  000000.00 05 S 093027.5 * * 
 051.7629693  014.3365498  000075  17610.68 -9999.99 09  000000.00 06 S 093028.0 * * 
 051.7629752  014.3365469  000075  17637.33 -9999.99 19  000000.00 06 S 093028.5 * * 
 051.7629812  014.3365441  000075  17614.90 -9999.99 29  000000.00 06 S 093029.0 * * 
 051.7629877  014.3365415  000075  17621.49 -9999.99 19  000000.00 06 S 093029.5 * * 
 051.7629943  014.3365390  000075  17632.10 -9999.99 19  000000.00 05 S 093030.0 * * 
 051.7630006  014.3365363  000075  17655.78 -9999.99 09  000000.00 05 S 093030.5 * * 
 051.7630069  014.3365336  000075  17627.39 -9999.99 19  000000.00 05 S 093031.0 * * 
 051.7630132  014.3365304  000075  17613.73 -9999.99 19  000000.00 05 S 093031.5 * * 
 051.7630196  014.3365273  000075  17614.80 -9999.99 09  000000.00 07 S 093032.0 * * 
 051.7630262  014.3365240  000075  17611.98 -9999.99 19  000000.00 07 S 093032.5 * * 
 051.7630329  014.3365207  000075  17673.13 -9999.99 09  000000.00 07 S 093033.0 * * 
 051.7630396  014.3365172  000075  17652.84 -9999.99 09  000000.00 07 S 093033.5 * * 
 051.7630463  014.3365138  000075  17748.32 -9999.99 09  000000.00 07 S 093034.0 * * 
 051.7630530  014.3365111  000075  17663.11 -9999.99 09  000000.00 07 S 093034.5 * * 
 051.7630597  014.3365084  000075  17611.04 -9999.99 29  000000.00 07 S 093035.0 * * 
 051.7630664  014.3365052  000075  17659.87 -9999.99 09  000000.00 07 S 093035.5 * * 
 051.7630732  014.3365021  000075  17657.41 -9999.99 09  000000.00 06 S 093036.0 * * 
 051.7630796  014.3364990  000075  17625.75 -9999.99 19  000000.00 06 S 093036.5 * * 
 051.7630861  014.3364960  000075  17631.00 -9999.99 09  000000.00 07 S 093037.0 * * 
 051.7630921  014.3364932  000075  17619.38 -9999.99 19  000000.00 07 S 093037.5 * * 
 051.7630981  014.3364904  000075  17742.81 -9999.99 09  000000.00 06 S 093038.0 * * 
 051.7631046  014.3364868  000075  17752.84 -9999.99 09  000000.00 06 S 093038.5 * * 
 051.7631111  014.3364832  000075  17763.91 -9999.99 09  000000.00 04 S 093039.0 * * 
 051.7631170  014.3364805  000075  17751.08 -9999.99 09  000000.00 04 S 093039.5 * * 
 051.7631229  014.3364779  000075  17746.67 -9999.99 09  000000.00 05 S 093040.0 * * 
 051.7631285  014.3364755  000075  17654.88 -9999.99 09  000000.00 05 S 093040.5 * * 
 051.7631341  014.3364732  000075  17649.02 -9999.99 19  000000.00 07 S 093041.0 * * 
 051.7631378  014.3364728  000075  17690.27 -9999.99 09  000000.00 07 S 093041.5 * * 
 051.7631415  014.3364725  000075  17647.71 -9999.99 09  000000.00 06 S 093042.0 * * 
 051.7631439  014.3364697  000075  17620.71 -9999.99 19  000000.00 06 S 093042.5 * * 
 051.7631463  014.3364669  000075  17668.77 -9999.99 09  000000.00 07 S 093043.0 * * 
 051.7631457  014.3364659  000075  17708.05 -9999.99 09  000000.00 07 S 093043.5 * * 
 051.7631451  014.3364649  000075  17716.54 -9999.99 09  000000.00 06 S 093044.0 * * 
 051.7631453  014.3364650  000075  17624.43 -9999.99 19  000000.00 06 S 093044.5 * * 
 051.7631456  014.3364651  000075  17657.34 -9999.99 09  000000.00 06 S 093045.0 * * 
 051.7631456  014.3364649  000075  17616.82 -9999.99 19  000000.00 06 S 093045.5 * * 
 051.7631456  014.3364647  000075  17913.29 -9999.99 09  000000.00 07 S 093046.0 * * 
 051.7631456  014.3364645  000075  17766.95 -9999.99 09  000000.00 07 S 093046.5 * * 
 051.7631456  014.3364643  000075  17632.85 -9999.99 19  000000.00 06 S 093047.0 * * 
 051.7631451  014.3364652  000075  17664.97 -9999.99 09  000000.00 06 S 093047.5 * * 
 051.7631447  014.3364662  000076  17655.71 -9999.99 19  000000.00 06 S 093048.0 * * 
 051.7631451  014.3364651  000076  17722.36 -9999.99 09  000000.00 06 S 093048.5 * * 
 051.7631455  014.3364640  000076  17651.43 -9999.99 09  000000.00 07 S 093049.0 * * 
 051.7631457  014.3364634  000076  17632.22 -9999.99 19  000000.00 07 S 093049.5 * * 
 051.7631459  014.3364629  000075  17674.43 -9999.99 09  000000.00 07 S 093050.0 * * 
 051.7631459  014.3364629  000075  17674.43 -9999.99 09  000000.00 07 S 093050.5 -1  62 
line  000082
 051.7631636  014.3365546  000073  48766.67 -1116.46 09  000000.00 07 S 093331.0 -1  62 
 051.7631635  014.3365544  000073  41016.08 -9999.99 09  000000.00 07 S 093331.5 * * 
 051.7631635  014.3365543  000073  48456.68 -1919.52 09  000000.00 07 S 093332.0 * * 
 051.7631626  014.3365541  000073  34711.92 -9999.99 09  000000.00 07 S 093332.5 * * 
 051.7631617  014.3365539  000073  49523.69 -0293.10 09  000000.00 07 S 093333.0 * * 
 051.7631595  014.3365560  000073  40242.01 -9999.99 09  000000.00 07 S 093333.5 * * 
 051.7631573  014.3365582  000073  49707.38 -0281.64 09  000000.00 06 S 093334.0 * * 
 051.7631563  014.3365583  000073  34711.92 -9999.99 09  000000.00 06 S 093334.5 * * 
 051.7631553  014.3365585  000073  49694.20 -0731.34 09  000000.00 07 S 093335.0 * * 
 051.7631549  014.3365584  000073  44223.57 -9999.99 09  000000.00 07 S 093335.5 * * 
 051.7631545  014.3365584  000073  49940.58 -0643.46 09  000000.00 07 S 093336.0 * * 
 051.7631529  014.3365598  000073  32299.16 -9999.99 09  000000.00 07 S 093336.5 * * 
 051.7631513  014.3365613  000073  50315.54 -0337.00 29  000000.00 07 S 093337.0 * * 
 051.7631475  014.3365634  000073  39867.43 -9999.99 09  000000.00 07 S 093337.5 * * 
 051.7631437  014.3365655  000073  50413.58 -0418.78 49  000000.00 05 S 093338.0 * * 
 051.7631385  014.3365677  000073  41440.53 -9999.99 09  000000.00 05 S 093338.5 * * 
 051.7631333  014.3365699  000073  50790.71 -0245.52 29  000000.00 06 S 093339.0 * * 
 051.7631274  014.3365727  000073  42738.58 -9999.99 09  000000.00 06 S 093339.5 * * 
 051.7631216  014.3365755  000073  51240.69  0317.78 09  000000.00 06 S 093340.0 * * 
 051.7631162  014.3365778  000073  43551.03 -9999.99 09  000000.00 06 S 093340.5 * * 
 051.7631109  014.3365802  000073  51113.39  0153.16 29  000000.00 06 S 093341.0 * * 
 051.7631055  014.3365813  000073  45687.98 -9999.99 09  000000.00 06 S 093341.5 * * 
 051.7631001  014.3365825  000073  50813.44 -0310.62 09  000000.00 06 S 093342.0 * * 
 051.7630946  014.3365846  000073  46892.82 -8075.16 09  000000.00 06 S 093342.5 * * 
 051.7630892  014.3365867  000074  50765.59 -0217.76 99  000000.00 07 S 093343.0 * * 
 051.7630835  014.3365893  000074  50657.81 -0154.82 09  000000.00 07 S 093343.5 * * 
 051.7630779  014.3365920  000074  50124.24  0075.64 19  000000.00 06 S 093344.0 * * 
 051.7630723  014.3365933  000074  49791.13 -0148.02 99  000000.00 06 S 093344.5 * * 
 051.7630667  014.3365946  000074  49668.52 -0137.96 99  000000.00 06 S 093343.0 * * 
 051.7630610  014.3365963  000074  49616.80 -0128.60 99  000000.00 06 S 093343.5 * * 
 051.7630553  014.3365980  000074  49534.86 -0122.72 99  000000.00 07 S 093344.0 * * 
 051.7630499  014.3365993  000074  49532.22 -0112.10 99  000000.00 07 S 093344.5 * * 
 051.7630446  014.3366007  000074  49540.58 -0094.34 49  000000.00 06 S 093345.0 * * 
 051.7630412  014.3366027  000074  49543.25 -0052.54 79  000000.00 06 S 093345.5 * * 
 051.7630379  014.3366048  000074  49411.35 -0076.16 39  000000.00 07 S 093346.0 * * 
 051.7630368  014.3366056  000074  49362.22 -0159.00 69  000000.00 07 S 093346.5 * * 
 051.7630357  014.3366065  000074  49506.09 -0072.24 99  000000.00 07 S 093347.0 * * 
 051.7630364  014.3366064  000074  49515.12 -0072.18 99  000000.00 07 S 093347.5 * * 
 051.7630371  014.3366063  000074  49505.02 -0070.62 99  000000.00 07 S 093348.0 * * 
 051.7630370  014.3366064  000074  49493.84 -0093.46 99  000000.00 07 S 093348.5 * * 
 051.7630370  014.3366065  000074  49512.34 -0052.82 29  000000.00 07 S 093349.0 * * 
 051.7630370  014.3366067  000074  49516.47 -0051.18 99  000000.00 07 S 093349.5 * * 
 051.7630370  014.3366070  000074  49468.26 -0054.80 99  000000.00 07 S 093350.0 * * 
 051.7630369  014.3366076  000074  49437.30 -0059.52 99  000000.00 07 S 093350.5 * * 
 051.7630368  014.3366082  000074  49432.75 -0063.96 99  000000.00 07 S 093351.0 * * 
 051.7630368  014.3366090  000074  49430.53 -0063.74 99  000000.00 07 S 093351.5 * * 
 051.7630369  014.3366098  000074  49427.74 -0067.80 99  000000.00 07 S 093352.0 * * 
 051.7630369  014.3366098  000074  49427.74 -0067.80 99  000000.00 07 S 093352.5  0  62 
line  000083
 051.7630433  014.3366256  000075  49599.86 -0062.96 99  000000.00 07 S 093428.0  0  64 
 051.7630483  014.3366237  000075  49580.53 -0097.72 99  000000.00 07 S 093428.5 * * 
 051.7630533  014.3366218  000075  49571.20 -0128.80 99  000000.00 07 S 093429.0 * * 
 051.7630592  014.3366202  000075  49570.21 -0146.10 99  000000.00 07 S 093429.5 * * 
 051.7630652  014.3366187  000075  49577.95 -0160.26 59  000000.00 07 S 093430.0 * * 
 051.7630715  014.3366168  000075  49578.49 -0202.54 39  000000.00 07 S 093430.5 * * 
 051.7630778  014.3366149  000075  49605.14 -0207.90 29  000000.00 06 S 093431.0 * * 
 051.7630835  014.3366121  000075  49605.38 -0262.50 49  000000.00 06 S 093431.5 * * 
 051.7630893  014.3366093  000075  49618.01 -0308.66 49  000000.00 06 S 093432.0 * * 
 051.7630940  014.3366075  000075  49650.88 -0298.00 49  000000.00 06 S 093432.5 * * 
 051.7630987  014.3366057  000075  49660.33 -0339.60 19  000000.00 08 S 093433.0 * * 
 051.7631027  014.3366039  000075  49686.90 -0327.56 69  000000.00 08 S 093433.5 * * 
 051.7631067  014.3366022  000075  49689.73 -0370.78 69  000000.00 08 S 093434.0 * * 
 051.7631117  014.3366005  000075  49736.99 -0354.08 39  000000.00 08 S 093434.5 * * 
 051.7631167  014.3365989  000075  49878.58 -0072.56 19  000000.00 07 S 093435.0 * * 
 051.7631221  014.3365966  000075  50003.11  0234.28 19  000000.00 07 S 093435.5 * * 
 051.7631276  014.3365944  000075  50018.16  0465.54 49  000000.00 06 S 093436.0 * * 
 051.7631341  014.3365916  000075  49833.30  0395.86 59  000000.00 06 S 093436.5 * * 
 051.7631407  014.3365888  000075  49494.97  0033.32 29  000000.00 05 S 093437.0 * * 
 051.7631459  014.3365868  000075  49302.49 -0154.34 69  000000.00 05 S 093437.5 * * 
 051.7631512  014.3365848  000075  49179.66 -0234.36 69  000000.00 07 S 093438.0 * * 
 051.7631565  014.3365809  000075  49130.87 -0223.74 89  000000.00 07 S 093438.5 * * 
 051.7631618  014.3365771  000074  49101.02 -0221.12 49  000000.00 07 S 093439.0 * * 
 051.7631629  014.3365746  000074  49097.09 -0204.44 99  000000.00 07 S 093439.5 * * 
 051.7631641  014.3365722  000074  49104.48 -0193.68 99  000000.00 07 S 093440.0 * * 
 051.7631645  014.3365694  000074  49110.63 -0174.70 99  000000.00 07 S 093440.5 * * 
 051.7631650  014.3365667  000074  49114.34 -0169.30 99  000000.00 07 S 093441.0 * * 
 051.7631650  014.3365667  000074  49114.34 -0169.30 99  000000.00 07 S 093441.5 -1  64 
line  000084
 051.7631576  014.3365704  000075  49185.39 -0250.02 99  000000.00 06 S 093501.0 -1  66 
 051.7631535  014.3365732  000075  49181.99 -0321.98 99  000000.00 06 S 093501.5 * * 
 051.7631494  014.3365761  000075  49174.57 -0414.68 89  000000.00 05 S 093502.0 * * 
 051.7631434  014.3365787  000075  49261.46 -0422.80 99  000000.00 05 S 093502.5 * * 
 051.7631375  014.3365814  000075  49453.49 -0298.72 29  000000.00 06 S 093503.0 * * 
 051.7631311  014.3365840  000075  49671.34 -0102.30 09  000000.00 06 S 093503.5 * * 
 051.7631247  014.3365866  000075  49932.17  0303.06 09  000000.00 06 S 093504.0 * * 
 051.7631188  014.3365892  000075  49959.03  0343.60 29  000000.00 06 S 093504.5 * * 
 051.7631129  014.3365918  000075  49812.42  0142.18 29  000000.00 05 S 093505.0 * * 
 051.7631069  014.3365951  000075  49681.88 -0054.84 19  000000.00 05 S 093505.5 * * 
 051.7631010  014.3365985  000075  49548.67 -0209.66 59  000000.00 08 S 093506.0 * * 
 051.7630951  014.3365997  000075  49508.95 -0208.40 49  000000.00 08 S 093506.5 * * 
 051.7630892  014.3366010  000075  49453.52 -0220.24 79  000000.00 08 S 093507.0 * * 
 051.7630834  014.3366024  000075  49418.75 -0202.20 99  000000.00 08 S 093507.5 * * 
 051.7630776  014.3366038  000075  49402.04 -0155.10 69  000000.00 07 S 093508.0 * * 
 051.7630716  014.3366056  000075  49387.26 -0143.50 99  000000.00 07 S 093508.5 * * 
 051.7630657  014.3366075  000075  49412.70 -0136.22 99  000000.00 07 S 093509.0 * * 
 051.7630598  014.3366088  000075  49407.80 -0112.98 89  000000.00 07 S 093509.5 * * 
 051.7630540  014.3366102  000075  49373.77 -0113.68 79  000000.00 06 S 093510.0 * * 
 051.7630489  014.3366105  000075  49365.40 -0085.34 49  000000.00 06 S 093510.5 * * 
 051.7630438  014.3366109  000074  49347.07 -0077.32 39  000000.00 08 S 093511.0 * * 
 051.7630428  014.3366108  000074  49342.55 -0080.46 99  000000.00 08 S 093511.5 * * 
 051.7630418  014.3366107  000074  49335.80 -0079.70 99  000000.00 08 S 093512.0 * * 
 051.7630429  014.3366129  000074  49322.35 -0075.54 99  000000.00 08 S 093512.5 * * 
 051.7630440  014.3366152  000074  49328.27 -0078.24 99  000000.00 08 S 093513.0 * * 
 051.7630438  014.3366139  000074  49337.06 -0080.62 99  000000.00 08 S 093513.5 * * 
 051.7630436  014.3366126  000074  49360.13 -0074.78 99  000000.00 08 S 093514.0 * * 
 051.7630421  014.3366116  000074  49370.85 -0068.94 99  000000.00 08 S 093514.5 * * 
 051.7630406  014.3366107  000074  49368.64 -0067.06 99  000000.00 08 S 093515.0 * * 
 051.7630406  014.3366107  000074  49368.64 -0067.06 99  000000.00 08 S 093515.5  0  66 
line  000084
 051.7631498  014.3364617  000074  48973.74 -0371.18 99  000000.00 07 S 093842.0  0  66 
 051.7631497  014.3364619  000074  48960.40 -0391.60 39  000000.00 07 S 093842.5 * * 
 051.7631496  014.3364622  000074  48958.39 -0384.30 19  000000.00 07 S 093843.0 * * 
 051.7631497  014.3364621  000074  48964.60 -0378.22 39  000000.00 07 S 093843.5 * * 
 051.7631499  014.3364621  000074  48959.75 -0382.38 29  000000.00 07 S 093844.0 * * 
 051.7631501  014.3364624  000074  48957.08 -0397.98 49  000000.00 07 S 093844.5 * * 
 051.7631504  014.3364627  000074  48961.31 -0377.68 19  000000.00 07 S 093845.0 * * 
 051.7631503  014.3364627  000074  48953.42 -0387.78 19  000000.00 07 S 093845.5 * * 
 051.7631503  014.3364627  000074  48952.11 -0402.86 19  000000.00 07 S 093846.0 * * 
 051.7631504  014.3364627  000074  48943.02 -0396.18 29  000000.00 07 S 093846.5 * * 
 051.7631505  014.3364627  000074  48952.27 -0387.82 39  000000.00 07 S 093847.0 * * 
 051.7631507  014.3364627  000074  48951.08 -0383.70 29  000000.00 07 S 093847.5 * * 
 051.7631510  014.3364627  000074  48948.52 -0375.32 29  000000.00 07 S 093848.0 * * 
 051.7631511  014.3364625  000074  48939.61 -0382.92 29  000000.00 07 S 093848.5 * * 
 051.7631513  014.3364623  000074  48933.71 -0387.32 19  000000.00 07 S 093849.0 * * 
 051.7631513  014.3364621  000074  48922.38 -0397.98 29  000000.00 07 S 093849.5 * * 
 051.7631514  014.3364620  000074  48912.21 -0404.74 49  000000.00 07 S 093850.0 * * 
 051.7631514  014.3364616  000074  48907.42 -0412.54 39  000000.00 07 S 093850.5 * * 
 051.7631515  014.3364613  000074  48917.28 -0393.70 19  000000.00 07 S 093851.0 * * 
 051.7631515  014.3364610  000074  48914.31 -0389.88 29  000000.00 07 S 093851.5 * * 
 051.7631515  014.3364608  000074  48919.13 -0376.56 39  000000.00 07 S 093852.0 * * 
 051.7631515  014.3364608  000074  48919.13 -0376.56 39  000000.00 07 S 093852.5  1  66 
line  000085
 051.7631494  014.3364564  000073  49197.63 -0356.40 99  000000.00 08 S 093912.0  1  68 
 051.7631481  014.3364537  000073  49207.79 -0343.36 99  000000.00 08 S 093912.5 * * 
 051.7631469  014.3364510  000073  49222.81 -0356.26 89  000000.00 08 S 093913.0 * * 
 051.7631450  014.3364481  000073  49248.64 -0358.14 69  000000.00 08 S 093913.5 * * 
 051.7631432  014.3364452  000073  49324.32 -0292.32 69  000000.00 07 S 093914.0 * * 
 051.7631426  014.3364372  000073  49404.18 -0215.78 99  000000.00 07 S 093914.5 * * 
 051.7631421  014.3364293  000073  49494.51 -0150.14 99  000000.00 07 S 093915.0 * * 
 051.7631409  014.3364196  000073  49535.08 -0108.30 99  000000.00 07 S 093915.5 * * 
 051.7631398  014.3364100  000073  49566.05 -0075.28 99  000000.00 07 S 093916.0 * * 
 051.7631380  014.3364008  000073  49491.85 -0023.22 79  000000.00 07 S 093916.5 * * 
 051.7631362  014.3363916  000073  49268.19 -0034.38 89  000000.00 06 S 093917.0 * * 
 051.7631344  014.3363807  000073  49134.29 -0023.04 39  000000.00 06 S 093917.5 * * 
 051.7631326  014.3363699  000073  48988.41 -0059.72 69  000000.00 04 S 093918.0 * * 
 051.7631304  014.3363596  000073  48855.45 -0111.58 49  000000.00 04 S 093918.5 * * 
 051.7631282  014.3363493  000073  48784.21 -0051.42 39  000000.00 05 S 093919.0 * * 
 051.7631260  014.3363404  000073  48656.63 -0095.46 19  000000.00 05 S 093919.5 * * 
 051.7631238  014.3363315  000074  48553.22 -0024.92 19  000000.00 05 S 093920.0 * * 
 051.7631222  014.3363207  000074  48345.86 -0036.58 19  000000.00 05 S 093920.5 * * 
 051.7631206  014.3363099  000074  48288.41  0472.68 09  000000.00 05 S 093921.0 * * 
 051.7631180  014.3363002  000074  46330.76 -2790.46 09  000000.00 05 S 093921.5 * * 
 051.7631155  014.3362905  000074  24145.20 -9999.99 09  000000.00 05 S 093922.0 * * 
 051.7631132  014.3362809  000074  17749.98  9999.99 09  000000.00 05 S 093922.5 * * 
 051.7631110  014.3362714  000074  20656.83  9999.99 09  000000.00 05 S 093923.0 * * 
 051.7631091  014.3362613  000074  00000.00 -9999.99 99  000000.00 05 S 093923.5 * * 
 051.7631073  014.3362513  000074  28906.23 -9999.99 09  000000.00 06 S 093924.0 * * 
 051.7631059  014.3362436  000074  15912.20 -9999.99 09  000000.00 06 S 093924.5 * * 
 051.7631046  014.3362360  000074  13457.98 -9999.99 09  000000.00 06 S 093925.0 * * 
 051.7631025  014.3362247  000074  19210.69 -9999.99 09  000000.00 06 S 093925.5 * * 
 051.7631005  014.3362134  000074  17240.02 -9999.99 09  000000.00 05 S 093926.0 * * 
 051.7630992  014.3362039  000074  18033.98 -9999.99 09  000000.00 05 S 093926.5 * * 
 051.7630979  014.3361945  000074  18037.28 -9999.99 09  000000.00 04 S 093927.0 * * 
 051.7630968  014.3361863  000074  17931.06 -9999.99 09  000000.00 04 S 093927.5 * * 
 051.7630957  014.3361781  000074  18578.40 -9999.99 09  000000.00 04 S 093928.0 * * 
 051.7630959  014.3361692  000074  18420.34 -9999.99 09  000000.00 04 S 093928.5 * * 
 051.7630961  014.3361604  000074  17636.22 -9999.99 09  000000.00 06 S 093929.0 * * 
 051.7630950  014.3361494  000074  16913.74 -9999.99 09  000000.00 06 S 093929.5 * * 
 051.7630939  014.3361385  000075  16665.95 -9999.99 09  000000.00 03 P 093930.0 * * 
 051.7630897  014.3361287  000075  17101.66 -9999.99 09  000000.00 03 P 093930.5 * * 
 051.7630855  014.3361189  000075  16798.02 -9999.99 09  000000.00 00 P 093931.0 * * 
 051.7630819  014.3361099  000075  00000.00  0000.00 09  000000.00 00 P 093931.5 * * 
 051.7630784  014.3361010  000075  00000.00  0000.00 09  000000.00 02 P 093932.0 * * 
 051.7630745  014.3360961  000075  00000.00  0000.00 09  000000.00 02 P 093932.5 * * 
 051.7630706  014.3360912  000078  17697.92 -9999.99 09  000000.00 04 S 093933.0 * * 
 051.7630704  014.3360803  000078  17610.35 -9999.99 19  000000.00 04 S 093933.5 * * 
 051.7630702  014.3360695  000077  17741.22 -9999.99 09  000000.00 06 S 093934.0 * * 
 051.7630739  014.3360654  000077  17610.35 -9999.99 29  000000.00 06 S 093934.5 * * 
 051.7630776  014.3360613  000077  17610.92 -9999.99 19  000000.00 06 S 093935.0 * * 
 051.7630767  014.3360575  000077  17574.67 -9999.99 09  000000.00 06 S 093935.5 * * 
 051.7630758  014.3360537  000077  17598.04 -9999.99 09  000000.00 06 S 093936.0 * * 
 051.7630758  014.3360537  000077  17598.04 -9999.99 09  000000.00 06 S 093936.5  0  68 
