sondeo,survey,profile_number,order,line_id,point_index,lat,lon,elev_m,TMI_nT,gradient_nT_per_m
1,Survey1,54,1,S1_P54_O1,1,51.7632274,14.336879,74.0,49224.41,-495.06
1,Survey1,54,1,S1_P54_O1,2,51.7632272,14.3368791,74.0,49225.96,-501.72
1,Survey1,54,1,S1_P54_O1,3,51.7632271,14.3368793,74.0,49227.32,-542.3
1,Survey1,54,1,S1_P54_O1,4,51.7632253,14.3368792,74.0,49256.98,-557.8
1,Survey1,54,1,S1_P54_O1,5,51.7632236,14.3368792,74.0,49347.59,-546.32
1,Survey1,54,1,S1_P54_O1,6,51.7632193,14.3368817,74.0,49510.69,-507.96
1,Survey1,54,1,S1_P54_O1,7,51.763215,14.3368843,74.0,49705.76,-381.3
1,Survey1,54,1,S1_P54_O1,8,51.7632106,14.3368855,74.0,49930.54,-205.84
1,Survey1,54,1,S1_P54_O1,9,51.7632063,14.3368867,74.0,50326.91,367.06
1,Survey1,54,1,S1_P54_O1,10,51.7632015,14.3368885,74.0,50529.15,657.1
1,Survey1,54,1,S1_P54_O1,11,51.7631967,14.3368904,74.0,50572.47,690.72
1,Survey1,54,1,S1_P54_O1,12,51.7631919,14.3368911,74.0,50506.76,600.02
1,Survey1,54,1,S1_P54_O1,13,51.7631872,14.3368918,74.0,50398.22,498.76
1,Survey1,54,1,S1_P54_O1,14,51.7631821,14.3368926,74.0,50245.72,352.54
1,Survey1,54,1,S1_P54_O1,15,51.7631771,14.3368934,74.0,50055.55,157.64
1,Survey1,54,1,S1_P54_O1,16,51.7631721,14.3368947,74.0,49899.26,9.28
1,Survey1,54,1,S1_P54_O1,17,51.7631671,14.3368961,74.0,49777.65,-64.94
1,Survey1,54,1,S1_P54_O1,18,51.7631622,14.3368972,74.0,49679.85,-143.86
1,Survey1,54,1,S1_P54_O1,19,51.7631574,14.3368984,74.0,49628.9,-134.54
1,Survey1,54,1,S1_P54_O1,20,51.7631522,14.3369003,74.0,49591.22,-127.52
1,Survey1,54,1,S1_P54_O1,21,51.763147,14.3369022,74.0,49553.51,-138.76
1,Survey1,54,1,S1_P54_O1,22,51.7631422,14.3369037,74.0,49510.17,-180.08
1,Survey1,54,1,S1_P54_O1,23,51.7631375,14.3369053,74.0,49531.01,-125.5
1,Survey1,54,1,S1_P54_O1,24,51.7631319,14.336907,74.0,49504.43,-180.3
1,Survey1,54,1,S1_P54_O1,25,51.7631264,14.3369087,74.0,49562.12,-82.96
1,Survey1,54,1,S1_P54_O1,26,51.7631212,14.3369102,74.0,49628.6,68.04
1,Survey1,54,1,S1_P54_O1,27,51.763116,14.3369118,74.0,49586.06,-25.44
1,Survey1,54,1,S1_P54_O1,28,51.7631106,14.3369126,74.0,48917.56,-1346.2
1,Survey1,54,1,S1_P54_O1,29,51.7631052,14.3369135,74.0,49664.43,166.2
1,Survey1,54,1,S1_P54_O1,30,51.7631016,14.3369147,74.0,48620.32,-1932.7
1,Survey1,54,1,S1_P54_O1,31,51.763098,14.336916,74.0,48445.11,-2242.64
1,Survey1,54,1,S1_P54_O1,32,51.7630936,14.3369164,74.0,48971.13,-1160.56
1,Survey1,54,1,S1_P54_O1,33,51.7630893,14.3369169,75.0,49221.06,-735.26
1,Survey1,54,1,S1_P54_O1,34,51.7630883,14.3369181,75.0,49564.39,-57.14
1,Survey1,54,1,S1_P54_O1,35,51.7630874,14.3369194,75.0,49473.68,-197.94
1,Survey1,54,1,S1_P54_O1,36,51.7630862,14.3369192,75.0,49661.8,203.24
1,Survey1,54,1,S1_P54_O1,37,51.7630851,14.3369191,75.0,49522.03,-125.04
1,Survey1,54,1,S1_P54_O1,38,51.7630812,14.3369202,75.0,48184.12,-2860.74
1,Survey1,54,1,S1_P54_O1,39,51.7630774,14.3369214,75.0,49175.7,-1092.54
1,Survey1,54,1,S1_P54_O1,40,51.7630716,14.336921,75.0,47553.35,-4389.68
1,Survey1,54,1,S1_P54_O1,41,51.7630659,14.3369206,75.0,49247.42,-1028.22
1,Survey1,54,1,S1_P54_O1,42,51.76306,14.3369192,75.0,35410.65,-9999.99
1,Survey1,54,1,S1_P54_O1,43,51.7630541,14.3369179,75.0,43551.03,-9999.99
1,Survey1,54,1,S1_P54_O1,44,51.7630483,14.3369274,75.0,37006.92,-9999.99
1,Survey1,54,1,S1_P54_O1,45,51.7630426,14.3369369,75.0,0.0,-9999.99
1,Survey1,54,1,S1_P54_O1,46,51.7630369,14.3369438,75.0,38492.54,-9999.99
1,Survey1,54,1,S1_P54_O1,47,51.7630313,14.3369507,75.0,38626.82,-9999.99
1,Survey1,54,1,S1_P54_O1,48,51.7630304,14.3369491,75.0,38422.11,-9999.99
1,Survey1,54,1,S1_P54_O1,49,51.7630295,14.3369476,74.0,39060.95,-9999.99
1,Survey1,54,1,S1_P54_O1,50,51.7630293,14.3369468,74.0,38338.01,-9999.99
1,Survey1,54,1,S1_P54_O1,51,51.7630291,14.336946,74.0,39339.78,-9999.99
1,Survey1,54,1,S1_P54_O1,52,51.7630291,14.3369456,74.0,38280.59,-9999.99
1,Survey1,54,1,S1_P54_O1,53,51.7630291,14.3369453,74.0,38338.38,-9999.99
1,Survey1,54,1,S1_P54_O1,54,51.7630286,14.3369449,74.0,37156.07,-9999.99
1,Survey1,54,1,S1_P54_O1,55,51.7630281,14.3369445,75.0,36774.84,-9999.99
1,Survey1,54,1,S1_P54_O1,56,51.7630273,14.3369453,75.0,34822.35,-9999.99
1,Survey1,54,1,S1_P54_O1,57,51.7630266,14.3369462,74.0,32837.48,-9999.99
1,Survey1,54,1,S1_P54_O1,58,51.7630252,14.3369469,74.0,26524.62,-9999.99
1,Survey1,54,1,S1_P54_O1,59,51.7630239,14.3369477,75.0,31868.5,-9999.99
1,Survey1,54,1,S1_P54_O1,60,51.7630236,14.3369493,75.0,25508.14,-9999.99
1,Survey1,54,1,S1_P54_O1,61,51.7630233,14.3369509,75.0,31747.04,-9999.99
1,Survey1,54,1,S1_P54_O1,62,51.7630205,14.3369508,75.0,25297.4,-9999.99
1,Survey1,54,1,S1_P54_O1,63,51.7630177,14.3369507,75.0,31961.03,-9999.99
1,Survey1,54,1,S1_P54_O1,64,51.7630167,14.3369513,75.0,25128.04,-9999.99
1,Survey1,54,1,S1_P54_O1,65,51.7630158,14.336952,75.0,31723.87,-9999.99
1,Survey1,54,1,S1_P54_O1,66,51.7630153,14.3369523,75.0,24625.99,-9999.99
1,Survey1,54,1,S1_P54_O1,67,51.7630148,14.3369527,75.0,32050.56,-9999.99
1,Survey1,54,1,S1_P54_O1,68,51.7630143,14.3369517,75.0,24378.23,-9999.99
1,Survey1,54,1,S1_P54_O1,69,51.7630139,14.3369507,75.0,31767.02,-9999.99
1,Survey1,54,1,S1_P54_O1,70,51.7630134,14.3369465,75.0,24584.56,-9999.99
1,Survey1,54,1,S1_P54_O1,71,51.7630129,14.3369424,75.0,31703.82,-9999.99
1,Survey1,54,1,S1_P54_O1,72,51.763013,14.3369401,75.0,25021.72,-9999.99
1,Survey1,54,1,S1_P54_O1,73,51.7630131,14.3369379,75.0,31904.79,-9999.99
1,Survey1,54,1,S1_P54_O1,74,51.7630126,14.3369363,75.0,25204.13,-9999.99
1,Survey1,54,1,S1_P54_O1,75,51.7630122,14.3369347,75.0,31861.42,-9999.99
1,Survey1,54,1,S1_P54_O1,76,51.7630128,14.3369351,75.0,25258.77,-9999.99
1,Survey1,54,1,S1_P54_O1,77,51.7630134,14.3369356,75.0,31768.11,-9999.99
1,Survey1,54,1,S1_P54_O1,78,51.7630137,14.3369353,75.0,24528.59,-9999.99
1,Survey1,54,1,S1_P54_O1,79,51.763014,14.336935,75.0,31745.1,-9999.99
1,Survey1,54,1,S1_P54_O1,80,51.7630145,14.3369351,75.0,24973.55,-9999.99
1,Survey1,54,1,S1_P54_O1,81,51.7630151,14.3369353,75.0,0.0,0.0
1,Survey1,54,1,S1_P54_O1,82,51.7630147,14.336936,75.0,25235.48,-9999.99
1,Survey1,54,1,S1_P54_O1,83,51.7630143,14.3369367,75.0,24462.81,-9999.99
1,Survey1,54,1,S1_P54_O1,84,51.7630156,14.3369397,75.0,24691.4,-9999.99
1,Survey1,54,1,S1_P54_O1,85,51.7630169,14.3369427,75.0,24759.7,-9999.99
1,Survey1,54,1,S1_P54_O1,86,51.7630166,14.3369423,75.0,24755.21,-9999.99
1,Survey1,54,1,S1_P54_O1,87,51.7630163,14.336942,75.0,24767.64,-9999.99
1,Survey1,54,1,S1_P54_O1,88,51.7630169,14.3369425,75.0,24762.6,-9999.99
1,Survey1,54,1,S1_P54_O1,89,51.7630175,14.336943,75.0,24743.02,-9999.99
1,Survey1,54,1,S1_P54_O1,90,51.7630193,14.3369437,75.0,24733.54,-9999.99
1,Survey1,54,1,S1_P54_O1,91,51.7630211,14.3369444,75.0,24798.47,-9999.99
1,Survey1,54,1,S1_P54_O1,92,51.7630237,14.3369427,75.0,24859.75,-9999.99
1,Survey1,54,1,S1_P54_O1,93,51.7630264,14.3369411,75.0,24896.66,-9999.99
1,Survey1,54,1,S1_P54_O1,94,51.7630302,14.3369388,75.0,24737.71,-9999.99
1,Survey1,54,1,S1_P54_O1,95,51.7630341,14.3369365,75.0,24786.48,-9999.99
1,Survey1,54,1,S1_P54_O1,96,51.7630383,14.3369351,75.0,24742.16,-9999.99
1,Survey1,54,1,S1_P54_O1,97,51.7630425,14.3369337,76.0,24718.34,-9999.99
1,Survey1,54,1,S1_P54_O1,98,51.7630468,14.3369332,76.0,24606.54,-9999.99
1,Survey1,54,1,S1_P54_O1,99,51.7630511,14.3369328,76.0,24868.34,-9999.99
1,Survey1,54,1,S1_P54_O1,100,51.7630524,14.3369324,76.0,24760.53,-9999.99
1,Survey1,54,1,S1_P54_O1,101,51.7630538,14.3369321,75.0,24829.97,-9999.99
1,Survey1,54,1,S1_P54_O1,102,51.7630576,14.3369312,75.0,24694.4,-9999.99
1,Survey1,54,1,S1_P54_O1,103,51.7630615,14.3369304,75.0,24774.53,-9999.99
1,Survey1,54,1,S1_P54_O1,104,51.7630648,14.3369308,75.0,24765.25,-9999.99
1,Survey1,54,1,S1_P54_O1,105,51.7630681,14.3369313,75.0,24757.89,-9999.99
1,Survey1,54,1,S1_P54_O1,106,51.7630729,14.3369294,75.0,24755.11,-9999.99
1,Survey1,54,1,S1_P54_O1,107,51.7630778,14.3369275,75.0,24750.15,-9999.99
1,Survey1,54,1,S1_P54_O1,108,51.7630842,14.3369253,75.0,24702.95,-9999.99
1,Survey1,54,1,S1_P54_O1,109,51.7630906,14.3369231,75.0,24769.68,-9999.99
1,Survey1,54,1,S1_P54_O1,110,51.7630995,14.3369208,75.0,24764.02,-9999.99
1,Survey1,54,1,S1_P54_O1,111,51.7631085,14.3369186,75.0,24749.46,-9999.99
1,Survey1,54,1,S1_P54_O1,112,51.7631131,14.3369174,75.0,24798.05,-9999.99
1,Survey1,54,1,S1_P54_O1,113,51.7631177,14.3369162,75.0,24761.29,-9999.99
1,Survey1,54,1,S1_P54_O1,114,51.7631218,14.3369151,75.0,24713.98,-9999.99
1,Survey1,54,1,S1_P54_O1,115,51.7631259,14.3369141,75.0,24773.4,-9999.99
1,Survey1,54,1,S1_P54_O1,116,51.7631316,14.3369122,75.0,24753.21,-9999.99
1,Survey1,54,1,S1_P54_O1,117,51.7631373,14.3369104,75.0,24754.01,-9999.99
1,Survey1,54,1,S1_P54_O1,118,51.7631453,14.336908,75.0,24757.97,-9999.99
1,Survey1,54,1,S1_P54_O1,119,51.7631533,14.3369056,76.0,24762.76,-9999.99
1,Survey1,54,1,S1_P54_O1,120,51.7631606,14.3369035,76.0,24743.32,-9999.99
1,Survey1,54,1,S1_P54_O1,121,51.763168,14.3369015,76.0,24772.49,-9999.99
1,Survey1,54,1,S1_P54_O1,122,51.7631742,14.3368997,76.0,24778.76,-9999.99
1,Survey1,54,1,S1_P54_O1,123,51.7631805,14.3368979,76.0,24748.09,-9999.99
1,Survey1,54,1,S1_P54_O1,124,51.7631861,14.3368963,76.0,24761.59,-9999.99
1,Survey1,54,1,S1_P54_O1,125,51.7631918,14.3368948,76.0,24782.43,-9999.99
1,Survey1,54,1,S1_P54_O1,126,51.7631975,14.3368936,76.0,24695.57,-9999.99
1,Survey1,54,1,S1_P54_O1,127,51.7632032,14.3368924,76.0,24807.43,-9999.99
1,Survey1,54,1,S1_P54_O1,128,51.7632058,14.3368928,76.0,24732.87,-9999.99
1,Survey1,54,1,S1_P54_O1,129,51.7632085,14.3368932,76.0,24783.97,-9999.99
1,Survey1,54,1,S1_P54_O1,130,51.7632112,14.3368919,76.0,24756.16,-9999.99
1,Survey1,54,1,S1_P54_O1,131,51.763214,14.3368906,76.0,24769.45,-9999.99
1,Survey1,54,1,S1_P54_O1,132,51.7632151,14.3368888,76.0,24769.31,-9999.99
1,Survey1,54,1,S1_P54_O1,133,51.7632163,14.336887,76.0,24792.46,-9999.99
1,Survey1,54,1,S1_P54_O1,134,51.7632163,14.336887,76.0,24768.51,-9999.99
1,Survey1,54,1,S1_P54_O1,135,51.7632164,14.336887,75.0,24789.33,-9999.99
1,Survey1,54,1,S1_P54_O1,136,51.7632164,14.3368875,75.0,24731.96,-9999.99
1,Survey1,54,1,S1_P54_O1,137,51.7632165,14.3368881,75.0,24796.63,-9999.99
1,Survey1,54,1,S1_P54_O1,138,51.7632161,14.3368876,75.0,24688.02,-9999.99
1,Survey1,54,1,S1_P54_O1,139,51.7632158,14.3368872,75.0,24775.92,-9999.99
1,Survey1,54,1,S1_P54_O1,140,51.7632151,14.3368869,75.0,24764.12,-9999.99
1,Survey1,54,1,S1_P54_O1,141,51.7632145,14.3368866,75.0,24723.84,-9999.99
1,Survey1,54,1,S1_P54_O1,142,51.7632142,14.3368866,75.0,24542.28,-9999.99
1,Survey1,54,1,S1_P54_O1,143,51.7632139,14.3368867,75.0,24710.83,-9999.99
1,Survey1,54,1,S1_P54_O1,144,51.7632139,14.3368867,75.0,24710.83,-9999.99
1,Survey1,55,2,S1_P55_O2,1,51.7632122,14.3368766,74.0,24774.65,-9999.99
1,Survey1,55,2,S1_P55_O2,2,51.7632103,14.3368763,74.0,24738.38,-9999.99
1,Survey1,55,2,S1_P55_O2,3,51.7632084,14.3368761,74.0,24735.43,-9999.99
1,Survey1,55,2,S1_P55_O2,4,51.7632075,14.336877,74.0,24765.18,-9999.99
1,Survey1,55,2,S1_P55_O2,5,51.7632066,14.3368779,74.0,24750.22,-9999.99
1,Survey1,55,2,S1_P55_O2,6,51.7632021,14.3368789,74.0,24798.94,-9999.99
1,Survey1,55,2,S1_P55_O2,7,51.7631977,14.3368799,74.0,24797.44,-9999.99
1,Survey1,55,2,S1_P55_O2,8,51.7631929,14.3368821,74.0,24726.03,-9999.99
1,Survey1,55,2,S1_P55_O2,9,51.7631882,14.3368843,74.0,24763.15,-9999.99
1,Survey1,55,2,S1_P55_O2,10,51.7631832,14.3368849,74.0,24752.64,-9999.99
1,Survey1,55,2,S1_P55_O2,11,51.7631782,14.3368855,74.0,24756.29,-9999.99
1,Survey1,55,2,S1_P55_O2,12,51.7631728,14.336887,74.0,24736.06,-9999.99
1,Survey1,55,2,S1_P55_O2,13,51.7631674,14.3368886,74.0,24796.64,-9999.99
1,Survey1,55,2,S1_P55_O2,14,51.7631616,14.33689,74.0,24782.27,-9999.99
1,Survey1,55,2,S1_P55_O2,15,51.7631559,14.3368915,74.0,24785.4,-9999.99
1,Survey1,55,2,S1_P55_O2,16,51.7631504,14.3368931,74.0,24801.13,-9999.99
1,Survey1,55,2,S1_P55_O2,17,51.763145,14.3368948,74.0,24785.59,-9999.99
1,Survey1,55,2,S1_P55_O2,18,51.7631396,14.3368957,74.0,24688.18,-9999.99
1,Survey1,55,2,S1_P55_O2,19,51.7631342,14.3368967,74.0,24792.04,-9999.99
1,Survey1,55,2,S1_P55_O2,20,51.7631289,14.3368982,74.0,24767.09,-9999.99
1,Survey1,55,2,S1_P55_O2,21,51.7631237,14.3368998,74.0,24643.2,-9999.99
1,Survey1,55,2,S1_P55_O2,22,51.7631184,14.3369013,74.0,24607.01,-9999.99
1,Survey1,55,2,S1_P55_O2,23,51.7631132,14.3369028,74.0,24717.23,-9999.99
1,Survey1,55,2,S1_P55_O2,24,51.7631064,14.3369039,74.0,24613.5,-9999.99
1,Survey1,55,2,S1_P55_O2,25,51.7630997,14.3369051,74.0,24711.24,-9999.99
1,Survey1,55,2,S1_P55_O2,26,51.7630974,14.3369058,74.0,24775.76,-9999.99
1,Survey1,55,2,S1_P55_O2,27,51.7630951,14.3369066,75.0,24786.3,-9999.99
1,Survey1,55,2,S1_P55_O2,28,51.763091,14.3369074,75.0,24771.28,-9999.99
1,Survey1,55,2,S1_P55_O2,29,51.7630869,14.3369083,75.0,24757.6,-9999.99
1,Survey1,55,2,S1_P55_O2,30,51.7630822,14.3369088,75.0,24792.28,-9999.99
1,Survey1,55,2,S1_P55_O2,31,51.7630775,14.3369093,75.0,24767.27,-9999.99
1,Survey1,55,2,S1_P55_O2,32,51.7630727,14.3369106,75.0,24667.91,-9999.99
1,Survey1,55,2,S1_P55_O2,33,51.763068,14.3369119,75.0,24574.49,-9999.99
1,Survey1,55,2,S1_P55_O2,34,51.7630634,14.336911,75.0,24734.92,-9999.99
1,Survey1,55,2,S1_P55_O2,35,51.7630589,14.3369101,76.0,24167.03,-9999.99
1,Survey1,55,2,S1_P55_O2,36,51.7630544,14.3369098,76.0,24586.16,-9999.99
1,Survey1,55,2,S1_P55_O2,37,51.76305,14.3369096,76.0,24455.69,-9999.99
1,Survey1,55,2,S1_P55_O2,38,51.7630439,14.3369127,76.0,24247.71,-9999.99
1,Survey1,55,2,S1_P55_O2,39,51.7630378,14.3369158,76.0,24688.93,-9999.99
1,Survey1,55,2,S1_P55_O2,40,51.7630332,14.3369186,76.0,24726.72,-9999.99
1,Survey1,55,2,S1_P55_O2,41,51.7630286,14.3369214,75.0,24270.63,-9999.99
1,Survey1,55,2,S1_P55_O2,42,51.7630238,14.3369225,75.0,24518.04,-9999.99
1,Survey1,55,2,S1_P55_O2,43,51.7630191,14.3369236,75.0,24195.52,-9999.99
1,Survey1,55,2,S1_P55_O2,44,51.7630173,14.3369242,75.0,24254.01,-9999.99
1,Survey1,55,2,S1_P55_O2,45,51.7630155,14.3369248,75.0,24029.69,-9999.99
1,Survey1,55,2,S1_P55_O2,46,51.7630157,14.3369277,75.0,24654.93,-9999.99
1,Survey1,55,2,S1_P55_O2,47,51.7630159,14.3369307,75.0,23894.54,-9999.99
1,Survey1,55,2,S1_P55_O2,48,51.7630153,14.3369313,75.0,24669.57,-9999.99
1,Survey1,55,2,S1_P55_O2,49,51.7630148,14.336932,75.0,23935.68,-9999.99
1,Survey1,55,2,S1_P55_O2,50,51.7630121,14.3369304,75.0,24671.61,-9999.99
1,Survey1,55,2,S1_P55_O2,51,51.7630094,14.3369288,74.0,25026.02,-9999.99
1,Survey1,55,2,S1_P55_O2,52,51.7630083,14.3369285,74.0,24867.46,-9999.99
1,Survey1,55,2,S1_P55_O2,53,51.7630072,14.3369283,74.0,24345.03,-9999.99
1,Survey1,55,2,S1_P55_O2,54,51.7630067,14.3369275,74.0,24584.31,-9999.99
1,Survey1,55,2,S1_P55_O2,55,51.7630062,14.3369268,74.0,23977.29,-9999.99
1,Survey1,55,2,S1_P55_O2,56,51.7630063,14.3369269,74.0,24485.31,-9999.99
1,Survey1,55,2,S1_P55_O2,57,51.7630065,14.3369271,74.0,24987.93,-9999.99
1,Survey1,55,2,S1_P55_O2,58,51.7630065,14.3369273,74.0,24496.87,-9999.99
1,Survey1,55,2,S1_P55_O2,59,51.7630066,14.3369276,74.0,24561.91,-9999.99
1,Survey1,55,2,S1_P55_O2,60,51.7630066,14.3369276,74.0,24561.91,-9999.99
1,Survey1,55,3,S1_P55_O3,1,51.7630123,14.3368908,72.0,23706.51,-9999.99
1,Survey1,55,3,S1_P55_O3,2,51.7630154,14.3368887,72.0,24426.67,-9999.99
1,Survey1,55,3,S1_P55_O3,3,51.7630186,14.3368866,72.0,22870.51,-9999.99
1,Survey1,55,3,S1_P55_O3,4,51.7630241,14.3368864,72.0,24290.83,-9999.99
1,Survey1,55,3,S1_P55_O3,5,51.7630296,14.3368862,72.0,22486.29,-9999.99
1,Survey1,55,3,S1_P55_O3,6,51.7630351,14.3368849,72.0,24344.81,-9999.99
1,Survey1,55,3,S1_P55_O3,7,51.7630407,14.3368837,72.0,21589.4,-9999.99
1,Survey1,55,3,S1_P55_O3,8,51.7630443,14.3368833,72.0,24189.61,-9999.99
1,Survey1,55,3,S1_P55_O3,9,51.7630479,14.336883,71.0,19181.51,-9999.99
1,Survey1,55,3,S1_P55_O3,10,51.763054,14.336881,71.0,24177.81,-9999.99
1,Survey1,55,3,S1_P55_O3,11,51.7630601,14.336879,72.0,17931.45,-9999.99
1,Survey1,55,3,S1_P55_O3,12,51.7630689,14.336877,72.0,24902.03,-9999.99
1,Survey1,55,3,S1_P55_O3,13,51.7630777,14.336875,72.0,17723.09,-9999.99
1,Survey1,55,3,S1_P55_O3,14,51.763086,14.3368725,72.0,24174.65,-9999.99
1,Survey1,55,3,S1_P55_O3,15,51.7630943,14.33687,73.0,17661.67,-9999.99
1,Survey1,55,3,S1_P55_O3,16,51.7630962,14.3368707,73.0,24549.53,-9999.99
1,Survey1,55,3,S1_P55_O3,17,51.7630981,14.3368715,72.0,17763.74,-9999.99
1,Survey1,55,3,S1_P55_O3,18,51.7631038,14.3368705,72.0,24708.07,-9999.99
1,Survey1,55,3,S1_P55_O3,19,51.7631096,14.3368696,72.0,17956.43,-9999.99
1,Survey1,55,3,S1_P55_O3,20,51.7631188,14.3368681,72.0,24073.18,-9999.99
1,Survey1,55,3,S1_P55_O3,21,51.7631281,14.3368666,73.0,18101.22,-9999.99
1,Survey1,55,3,S1_P55_O3,22,51.7631336,14.3368658,73.0,24161.5,-9999.99
1,Survey1,55,3,S1_P55_O3,23,51.7631391,14.3368651,73.0,17844.39,-9999.99
1,Survey1,55,3,S1_P55_O3,24,51.7631469,14.3368639,73.0,24161.64,-9999.99
1,Survey1,55,3,S1_P55_O3,25,51.7631548,14.3368627,73.0,17902.99,-9999.99
1,Survey1,55,3,S1_P55_O3,26,51.7631616,14.3368618,73.0,24442.67,-9999.99
1,Survey1,55,3,S1_P55_O3,27,51.7631685,14.336861,74.0,18368.22,-9999.99
1,Survey1,55,3,S1_P55_O3,28,51.7631746,14.3368581,74.0,24073.55,-9999.99
1,Survey1,55,3,S1_P55_O3,29,51.7631808,14.3368553,74.0,18607.31,-9999.99
1,Survey1,55,3,S1_P55_O3,30,51.7631874,14.3368538,74.0,24060.07,-9999.99
1,Survey1,55,3,S1_P55_O3,31,51.7631941,14.3368523,74.0,17795.13,-9999.99
1,Survey1,55,3,S1_P55_O3,32,51.7631998,14.3368513,74.0,24451.6,-9999.99
1,Survey1,55,3,S1_P55_O3,33,51.7632056,14.3368503,74.0,18208.04,-9999.99
1,Survey1,55,3,S1_P55_O3,34,51.7632112,14.3368496,74.0,24107.96,-9999.99
1,Survey1,55,3,S1_P55_O3,35,51.7632169,14.336849,74.0,18107.16,-9999.99
1,Survey1,55,3,S1_P55_O3,36,51.7632173,14.3368506,74.0,24480.08,-9999.99
1,Survey1,55,3,S1_P55_O3,37,51.7632177,14.3368522,73.0,17704.52,-9999.99
1,Survey1,55,3,S1_P55_O3,38,51.7632183,14.3368535,73.0,24009.07,-9999.99
1,Survey1,55,3,S1_P55_O3,39,51.7632189,14.3368548,73.0,17740.01,-9999.99
1,Survey1,55,3,S1_P55_O3,40,51.7632198,14.3368544,73.0,24032.82,-9999.99
1,Survey1,55,3,S1_P55_O3,41,51.7632208,14.336854,73.0,17800.48,-9999.99
1,Survey1,55,3,S1_P55_O3,42,51.7632209,14.336853,73.0,24261.03,-9999.99
1,Survey1,55,3,S1_P55_O3,43,51.763221,14.336852,73.0,17774.99,-9999.99
1,Survey1,55,3,S1_P55_O3,44,51.7632209,14.3368521,73.0,23603.06,-9999.99
1,Survey1,55,3,S1_P55_O3,45,51.7632208,14.3368522,73.0,18358.29,-9999.99
1,Survey1,55,3,S1_P55_O3,46,51.7632208,14.3368522,73.0,18358.29,-9999.99
1,Survey1,55,4,S1_P55_O4,1,51.7630069,14.3368874,79.0,24359.57,-9999.99
1,Survey1,55,4,S1_P55_O4,2,51.7630093,14.3368873,79.0,24774.05,-9999.99
1,Survey1,55,4,S1_P55_O4,3,51.7630118,14.3368873,79.0,24815.92,-9999.99
1,Survey1,55,4,S1_P55_O4,4,51.7630159,14.3368857,79.0,24589.26,-9999.99
1,Survey1,55,4,S1_P55_O4,5,51.7630201,14.3368842,78.0,24607.55,-9999.99
1,Survey1,55,4,S1_P55_O4,6,51.7630258,14.3368837,78.0,24573.83,-9999.99
1,Survey1,55,4,S1_P55_O4,7,51.7630315,14.3368832,79.0,24612.96,-9999.99
1,Survey1,55,4,S1_P55_O4,8,51.7630371,14.3368817,79.0,24720.02,-9999.99
1,Survey1,55,4,S1_P55_O4,9,51.7630427,14.3368802,78.0,24579.15,-9999.99
1,Survey1,55,4,S1_P55_O4,10,51.7630472,14.3368789,78.0,24584.0,-9999.99
1,Survey1,55,4,S1_P55_O4,11,51.7630517,14.3368776,78.0,24765.78,-9999.99
1,Survey1,55,4,S1_P55_O4,12,51.763057,14.3368758,78.0,24620.94,-9999.99
1,Survey1,55,4,S1_P55_O4,13,51.7630623,14.3368741,78.0,24579.42,-9999.99
1,Survey1,55,4,S1_P55_O4,14,51.7630691,14.3368725,78.0,24483.63,-9999.99
1,Survey1,55,4,S1_P55_O4,15,51.763076,14.336871,78.0,24604.45,-9999.99
1,Survey1,55,4,S1_P55_O4,16,51.763084,14.3368696,78.0,24652.49,-9999.99
1,Survey1,55,4,S1_P55_O4,17,51.763092,14.3368682,78.0,24585.96,-9999.99
1,Survey1,55,4,S1_P55_O4,18,51.7630987,14.3368671,78.0,25215.72,-9999.99
1,Survey1,55,4,S1_P55_O4,19,51.7631054,14.336866,78.0,24606.2,-9999.99
1,Survey1,55,4,S1_P55_O4,20,51.7631122,14.3368642,78.0,24779.02,-9999.99
1,Survey1,55,4,S1_P55_O4,21,51.7631191,14.3368625,78.0,24680.24,-9999.99
1,Survey1,55,4,S1_P55_O4,22,51.7631255,14.3368617,78.0,24753.91,-9999.99
1,Survey1,55,4,S1_P55_O4,23,51.7631319,14.3368609,78.0,24682.06,-9999.99
1,Survey1,55,4,S1_P55_O4,24,51.7631382,14.3368595,78.0,24678.58,-9999.99
1,Survey1,55,4,S1_P55_O4,25,51.7631446,14.3368582,78.0,24690.59,-9999.99
1,Survey1,55,4,S1_P55_O4,26,51.7631521,14.3368575,78.0,24781.07,-9999.99
1,Survey1,55,4,S1_P55_O4,27,51.7631596,14.3368568,79.0,24759.25,-9999.99
1,Survey1,55,4,S1_P55_O4,28,51.7631582,14.336858,79.0,24776.35,-9999.99
1,Survey1,55,4,S1_P55_O4,29,51.7631569,14.3368592,76.0,24742.74,-9999.99
1,Survey1,55,4,S1_P55_O4,30,51.7631621,14.3368578,76.0,24740.48,-9999.99
1,Survey1,55,4,S1_P55_O4,31,51.7631673,14.3368565,76.0,24741.05,-9999.99
1,Survey1,55,4,S1_P55_O4,32,51.763174,14.3368555,76.0,24731.42,-9999.99
1,Survey1,55,4,S1_P55_O4,33,51.7631808,14.3368546,76.0,24766.93,-9999.99
1,Survey1,55,4,S1_P55_O4,34,51.7631875,14.3368529,76.0,24781.54,-9999.99
1,Survey1,55,4,S1_P55_O4,35,51.7631942,14.3368513,76.0,24672.79,-9999.99
1,Survey1,55,4,S1_P55_O4,36,51.7632002,14.336851,76.0,24767.48,-9999.99
1,Survey1,55,4,S1_P55_O4,37,51.7632062,14.3368508,76.0,24618.69,-9999.99
1,Survey1,55,4,S1_P55_O4,38,51.7632097,14.3368502,76.0,24796.87,-9999.99
1,Survey1,55,4,S1_P55_O4,39,51.7632132,14.3368497,76.0,24794.28,-9999.99
1,Survey1,55,4,S1_P55_O4,40,51.7632154,14.3368488,76.0,24767.19,-9999.99
1,Survey1,55,4,S1_P55_O4,41,51.7632177,14.336848,75.0,24756.28,-9999.99
1,Survey1,55,4,S1_P55_O4,42,51.7632177,14.336848,75.0,24756.28,-9999.99
1,Survey1,55,5,S1_P55_O5,1,51.7632151,14.3368131,74.0,24617.38,-9999.99
1,Survey1,55,5,S1_P55_O5,2,51.7632115,14.3368143,74.0,24653.62,-9999.99
1,Survey1,55,5,S1_P55_O5,3,51.7632079,14.3368156,74.0,24664.32,-9999.99
1,Survey1,55,5,S1_P55_O5,4,51.7632028,14.3368176,74.0,24682.91,-9999.99
1,Survey1,55,5,S1_P55_O5,5,51.7631978,14.3368196,74.0,24655.34,-9999.99
1,Survey1,55,5,S1_P55_O5,6,51.7631928,14.3368209,74.0,24668.14,-9999.99
1,Survey1,55,5,S1_P55_O5,7,51.7631878,14.3368222,74.0,24664.54,-9999.99
1,Survey1,55,5,S1_P55_O5,8,51.7631822,14.3368238,74.0,24661.83,-9999.99
1,Survey1,55,5,S1_P55_O5,9,51.7631766,14.3368254,74.0,24665.42,-9999.99
1,Survey1,55,5,S1_P55_O5,10,51.763171,14.3368265,74.0,24719.08,-9999.99
1,Survey1,55,5,S1_P55_O5,11,51.7631655,14.3368277,74.0,24703.84,-9999.99
1,Survey1,55,5,S1_P55_O5,12,51.7631605,14.3368277,74.0,24629.32,-9999.99
1,Survey1,55,5,S1_P55_O5,13,51.7631556,14.3368278,74.0,24640.1,-9999.99
1,Survey1,55,5,S1_P55_O5,14,51.7631522,14.3368303,74.0,24589.15,-9999.99
1,Survey1,55,5,S1_P55_O5,15,51.7631488,14.3368329,74.0,24697.01,-9999.99
1,Survey1,55,5,S1_P55_O5,16,51.7631439,14.3368349,74.0,24642.8,-9999.99
1,Survey1,55,5,S1_P55_O5,17,51.763139,14.3368369,74.0,24724.9,-9999.99
1,Survey1,55,5,S1_P55_O5,18,51.763133,14.3368378,74.0,24681.12,-9999.99
1,Survey1,55,5,S1_P55_O5,19,51.763127,14.3368388,74.0,24622.34,-9999.99
1,Survey1,55,5,S1_P55_O5,20,51.7631201,14.3368398,74.0,24644.03,-9999.99
1,Survey1,55,5,S1_P55_O5,21,51.7631133,14.3368409,74.0,24656.21,-9999.99
1,Survey1,55,5,S1_P55_O5,22,51.7631075,14.3368424,74.0,24663.13,-9999.99
1,Survey1,55,5,S1_P55_O5,23,51.7631018,14.336844,74.0,24686.33,-9999.99
1,Survey1,55,5,S1_P55_O5,24,51.7630962,14.3368452,74.0,24610.14,-9999.99
1,Survey1,55,5,S1_P55_O5,25,51.7630907,14.3368465,74.0,24670.08,-9999.99
1,Survey1,55,5,S1_P55_O5,26,51.7630845,14.3368486,74.0,24670.17,-9999.99
1,Survey1,55,5,S1_P55_O5,27,51.7630784,14.3368507,74.0,24647.82,-9999.99
1,Survey1,55,5,S1_P55_O5,28,51.7630728,14.3368519,74.0,24649.94,-9999.99
1,Survey1,55,5,S1_P55_O5,29,51.7630673,14.3368531,74.0,24706.96,-9999.99
1,Survey1,55,5,S1_P55_O5,30,51.7630617,14.336854,74.0,24681.65,-9999.99
1,Survey1,55,5,S1_P55_O5,31,51.7630562,14.3368549,74.0,24664.35,-9999.99
1,Survey1,55,5,S1_P55_O5,32,51.7630511,14.3368566,74.0,24642.62,-9999.99
1,Survey1,55,5,S1_P55_O5,33,51.7630461,14.3368583,74.0,24672.42,-9999.99
1,Survey1,55,5,S1_P55_O5,34,51.7630415,14.3368593,74.0,24619.14,-9999.99
1,Survey1,55,5,S1_P55_O5,35,51.7630369,14.3368604,75.0,24681.9,-9999.99
1,Survey1,55,5,S1_P55_O5,36,51.7630346,14.336866,75.0,24582.94,-9999.99
1,Survey1,55,5,S1_P55_O5,37,51.7630323,14.3368716,75.0,24673.58,-9999.99
1,Survey1,55,5,S1_P55_O5,38,51.7630275,14.3368722,75.0,24658.07,-9999.99
1,Survey1,55,5,S1_P55_O5,39,51.7630227,14.3368729,75.0,24663.56,-9999.99
1,Survey1,55,5,S1_P55_O5,40,51.7630188,14.3368736,75.0,24664.0,-9999.99
1,Survey1,55,5,S1_P55_O5,41,51.763015,14.3368744,76.0,24698.64,-9999.99
1,Survey1,55,5,S1_P55_O5,42,51.7630136,14.3368752,76.0,24727.69,-9999.99
1,Survey1,55,5,S1_P55_O5,43,51.7630123,14.3368761,76.0,24636.55,-9999.99
1,Survey1,55,5,S1_P55_O5,44,51.7630119,14.3368771,76.0,24654.14,-9999.99
1,Survey1,55,5,S1_P55_O5,45,51.7630115,14.3368781,75.0,24525.15,-9999.99
1,Survey1,55,5,S1_P55_O5,46,51.7630023,14.3368726,75.0,24656.91,-9999.99
1,Survey1,55,5,S1_P55_O5,47,51.7629932,14.3368672,75.0,24652.11,-9999.99
1,Survey1,55,5,S1_P55_O5,48,51.7629899,14.3368633,75.0,24876.43,-9999.99
1,Survey1,55,5,S1_P55_O5,49,51.7629866,14.3368595,74.0,24534.08,-9999.99
1,Survey1,55,5,S1_P55_O5,50,51.7629866,14.3368595,74.0,24534.08,-9999.99
1,Survey1,56,6,S1_P56_O6,1,51.762994,14.3368595,72.0,24665.97,-9999.99
1,Survey1,56,6,S1_P56_O6,2,51.7629986,14.3368599,72.0,24407.57,-9999.99
1,Survey1,56,6,S1_P56_O6,3,51.7630032,14.3368604,72.0,24680.32,-9999.99
1,Survey1,56,6,S1_P56_O6,4,51.7630088,14.3368597,72.0,24758.35,-9999.99
1,Survey1,56,6,S1_P56_O6,5,51.7630144,14.336859,72.0,24664.11,-9999.99
1,Survey1,56,6,S1_P56_O6,6,51.7630227,14.3368606,72.0,24682.7,-9999.99
1,Survey1,56,6,S1_P56_O6,7,51.7630311,14.3368623,72.0,24713.74,-9999.99
1,Survey1,56,6,S1_P56_O6,8,51.763037,14.3368597,72.0,24684.26,-9999.99
1,Survey1,56,6,S1_P56_O6,9,51.7630429,14.3368571,72.0,24647.27,-9999.99
1,Survey1,56,6,S1_P56_O6,10,51.763049,14.3368555,72.0,24681.4,-9999.99
1,Survey1,56,6,S1_P56_O6,11,51.7630552,14.3368539,72.0,24719.87,-9999.99
1,Survey1,56,6,S1_P56_O6,12,51.7630599,14.3368522,72.0,24696.58,-9999.99
1,Survey1,56,6,S1_P56_O6,13,51.7630647,14.3368505,71.0,24695.44,-9999.99
1,Survey1,56,6,S1_P56_O6,14,51.7630716,14.3368484,71.0,24647.74,-9999.99
1,Survey1,56,6,S1_P56_O6,15,51.7630785,14.3368464,71.0,24761.97,-9999.99
1,Survey1,56,6,S1_P56_O6,16,51.7630861,14.3368445,71.0,24646.55,-9999.99
1,Survey1,56,6,S1_P56_O6,17,51.7630938,14.3368427,72.0,24755.94,-9999.99
1,Survey1,56,6,S1_P56_O6,18,51.7631007,14.3368409,72.0,24695.72,-9999.99
1,Survey1,56,6,S1_P56_O6,19,51.7631077,14.3368391,72.0,24767.22,-9999.99
1,Survey1,56,6,S1_P56_O6,20,51.763116,14.3368374,72.0,24682.22,-9999.99
1,Survey1,56,6,S1_P56_O6,21,51.7631244,14.3368358,72.0,24757.62,-9999.99
1,Survey1,56,6,S1_P56_O6,22,51.7631313,14.3368348,72.0,24721.16,-9999.99
1,Survey1,56,6,S1_P56_O6,23,51.7631382,14.3368338,72.0,24731.77,-9999.99
1,Survey1,56,6,S1_P56_O6,24,51.7631442,14.3368321,72.0,24681.88,-9999.99
1,Survey1,56,6,S1_P56_O6,25,51.7631503,14.3368304,73.0,24774.19,-9999.99
1,Survey1,56,6,S1_P56_O6,26,51.7631564,14.3368289,73.0,24756.02,-9999.99
1,Survey1,56,6,S1_P56_O6,27,51.7631625,14.3368274,73.0,24718.5,-9999.99
1,Survey1,56,6,S1_P56_O6,28,51.7631656,14.3368277,73.0,24745.55,-9999.99
1,Survey1,56,6,S1_P56_O6,29,51.7631688,14.3368281,72.0,24765.68,-9999.99
1,Survey1,56,6,S1_P56_O6,30,51.763174,14.336827,72.0,24694.73,-9999.99
1,Survey1,56,6,S1_P56_O6,31,51.7631793,14.336826,72.0,24651.91,-9999.99
1,Survey1,56,6,S1_P56_O6,32,51.7631853,14.3368247,72.0,24695.01,-9999.99
1,Survey1,56,6,S1_P56_O6,33,51.7631914,14.3368235,72.0,24599.95,-9999.99
1,Survey1,56,6,S1_P56_O6,34,51.7631972,14.3368224,72.0,24665.38,-9999.99
1,Survey1,56,6,S1_P56_O6,35,51.763203,14.3368213,72.0,24646.44,-9999.99
1,Survey1,56,6,S1_P56_O6,36,51.7632076,14.3368206,72.0,24756.7,-9999.99
1,Survey1,56,6,S1_P56_O6,37,51.7632123,14.33682,72.0,24737.06,-9999.99
1,Survey1,56,6,S1_P56_O6,38,51.7632136,14.3368181,72.0,24735.77,-9999.99
1,Survey1,56,6,S1_P56_O6,39,51.763215,14.3368162,72.0,24672.53,-9999.99
1,Survey1,56,6,S1_P56_O6,40,51.763215,14.3368162,72.0,24672.53,-9999.99
1,Survey1,57,7,S1_P57_O7,1,51.7632046,14.3368144,74.0,24677.21,-9999.99
1,Survey1,57,7,S1_P57_O7,2,51.7632008,14.3368156,74.0,24513.76,-9999.99
1,Survey1,57,7,S1_P57_O7,3,51.7631971,14.3368169,74.0,24776.98,-9999.99
1,Survey1,57,7,S1_P57_O7,4,51.7631927,14.3368173,74.0,24633.28,-9999.99
1,Survey1,57,7,S1_P57_O7,5,51.7631884,14.3368178,74.0,24744.47,-9999.99
1,Survey1,57,7,S1_P57_O7,6,51.7631837,14.336819,74.0,24619.9,-9999.99
1,Survey1,57,7,S1_P57_O7,7,51.7631791,14.3368203,74.0,24660.13,-9999.99
1,Survey1,57,7,S1_P57_O7,8,51.7631743,14.3368226,74.0,24678.86,-9999.99
1,Survey1,57,7,S1_P57_O7,9,51.7631696,14.3368249,74.0,24693.5,-9999.99
1,Survey1,57,7,S1_P57_O7,10,51.763165,14.3368258,74.0,24636.38,-9999.99
1,Survey1,57,7,S1_P57_O7,11,51.7631604,14.3368268,74.0,24602.83,-9999.99
1,Survey1,57,7,S1_P57_O7,12,51.7631555,14.3368289,74.0,24686.25,-9999.99
1,Survey1,57,7,S1_P57_O7,13,51.7631507,14.336831,74.0,24696.01,-9999.99
1,Survey1,57,7,S1_P57_O7,14,51.7631472,14.3368315,74.0,24763.55,-9999.99
1,Survey1,57,7,S1_P57_O7,15,51.7631438,14.3368321,74.0,24747.39,-9999.99
1,Survey1,57,7,S1_P57_O7,16,51.7631425,14.3368316,74.0,24786.22,-9999.99
1,Survey1,57,7,S1_P57_O7,17,51.7631413,14.3368311,74.0,24721.47,-9999.99
1,Survey1,57,7,S1_P57_O7,18,51.7631405,14.336832,74.0,24784.8,-9999.99
1,Survey1,57,7,S1_P57_O7,19,51.7631398,14.336833,74.0,24690.31,-9999.99
1,Survey1,57,7,S1_P57_O7,20,51.7631396,14.3368332,74.0,24761.64,-9999.99
1,Survey1,57,7,S1_P57_O7,21,51.7631395,14.3368334,74.0,24756.6,-9999.99
1,Survey1,57,7,S1_P57_O7,22,51.7631388,14.336834,74.0,24726.64,-9999.99
1,Survey1,57,7,S1_P57_O7,23,51.7631382,14.3368346,74.0,24696.19,-9999.99
1,Survey1,57,7,S1_P57_O7,24,51.7631381,14.3368351,74.0,24647.67,-9999.99
1,Survey1,57,7,S1_P57_O7,25,51.7631381,14.3368356,74.0,24680.78,-9999.99
1,Survey1,57,7,S1_P57_O7,26,51.7631387,14.3368359,74.0,24627.88,-9999.99
1,Survey1,57,7,S1_P57_O7,27,51.7631394,14.3368362,74.0,24762.63,-9999.99
1,Survey1,57,7,S1_P57_O7,28,51.7631387,14.3368364,74.0,24601.34,-9999.99
1,Survey1,57,7,S1_P57_O7,29,51.7631381,14.3368367,74.0,24659.39,-9999.99
1,Survey1,57,7,S1_P57_O7,30,51.7631379,14.3368359,74.0,24625.6,-9999.99
1,Survey1,57,7,S1_P57_O7,31,51.7631378,14.3368352,74.0,24722.04,-9999.99
1,Survey1,57,7,S1_P57_O7,32,51.7631376,14.3368351,74.0,24715.86,-9999.99
1,Survey1,57,7,S1_P57_O7,33,51.7631374,14.336835,74.0,24654.82,-9999.99
1,Survey1,57,7,S1_P57_O7,34,51.7631374,14.3368361,74.0,24676.15,-9999.99
1,Survey1,57,7,S1_P57_O7,35,51.7631375,14.3368373,74.0,24639.55,-9999.99
1,Survey1,57,7,S1_P57_O7,36,51.7631376,14.3368367,74.0,24720.36,-9999.99
1,Survey1,57,7,S1_P57_O7,37,51.7631377,14.3368362,74.0,24536.74,-9999.99
1,Survey1,57,7,S1_P57_O7,38,51.7631379,14.3368362,74.0,24682.29,-9999.99
1,Survey1,57,7,S1_P57_O7,39,51.7631381,14.3368362,74.0,24524.49,-9999.99
1,Survey1,57,7,S1_P57_O7,40,51.7631377,14.3368351,74.0,24693.03,-9999.99
1,Survey1,57,7,S1_P57_O7,41,51.7631374,14.3368341,74.0,24630.1,-9999.99
1,Survey1,57,7,S1_P57_O7,42,51.7631372,14.3368349,74.0,24707.44,-9999.99
1,Survey1,57,7,S1_P57_O7,43,51.763137,14.3368357,74.0,24699.77,-9999.99
1,Survey1,57,7,S1_P57_O7,44,51.763137,14.3368361,74.0,24693.08,-9999.99
1,Survey1,57,7,S1_P57_O7,45,51.763137,14.3368365,74.0,24671.82,-9999.99
1,Survey1,57,7,S1_P57_O7,46,51.7631388,14.3368367,74.0,24647.43,-9999.99
1,Survey1,57,7,S1_P57_O7,47,51.7631406,14.3368369,74.0,24745.21,-9999.99
1,Survey1,57,7,S1_P57_O7,48,51.7631443,14.3368364,74.0,24686.56,-9999.99
1,Survey1,57,7,S1_P57_O7,49,51.763148,14.336836,74.0,24556.81,-9999.99
1,Survey1,57,7,S1_P57_O7,50,51.763153,14.3368339,74.0,24683.9,-9999.99
1,Survey1,57,7,S1_P57_O7,51,51.7631581,14.3368318,74.0,24691.42,-9999.99
1,Survey1,57,7,S1_P57_O7,52,51.7631648,14.3368288,74.0,24599.83,-9999.99
1,Survey1,57,7,S1_P57_O7,53,51.7631715,14.3368259,74.0,24679.44,-9999.99
1,Survey1,57,7,S1_P57_O7,54,51.7631771,14.3368238,74.0,24656.38,-9999.99
1,Survey1,57,7,S1_P57_O7,55,51.7631827,14.3368217,74.0,24629.24,-9999.99
1,Survey1,57,7,S1_P57_O7,56,51.7631886,14.3368198,74.0,24672.81,-9999.99
1,Survey1,57,7,S1_P57_O7,57,51.7631945,14.3368179,74.0,24568.13,-9999.99
1,Survey1,57,7,S1_P57_O7,58,51.7631989,14.3368166,74.0,24593.79,-9999.99
1,Survey1,57,7,S1_P57_O7,59,51.7632033,14.3368153,74.0,24680.97,-9999.99
1,Survey1,57,7,S1_P57_O7,60,51.7632055,14.3368167,74.0,24645.68,-9999.99
1,Survey1,57,7,S1_P57_O7,61,51.7632077,14.3368181,74.0,24623.81,-9999.99
1,Survey1,57,7,S1_P57_O7,62,51.7632091,14.3368177,74.0,24781.72,-9999.99
1,Survey1,57,7,S1_P57_O7,63,51.7632106,14.3368174,74.0,24735.04,-9999.99
1,Survey1,57,7,S1_P57_O7,64,51.7632108,14.3368179,74.0,24683.37,-9999.99
1,Survey1,57,7,S1_P57_O7,65,51.7632111,14.3368184,74.0,24653.99,-9999.99
1,Survey1,57,7,S1_P57_O7,66,51.7632107,14.3368189,74.0,24738.71,-9999.99
1,Survey1,57,7,S1_P57_O7,67,51.7632103,14.3368195,73.0,24663.32,-9999.99
1,Survey1,57,7,S1_P57_O7,68,51.7632095,14.33682,73.0,24679.92,-9999.99
1,Survey1,57,7,S1_P57_O7,69,51.7632087,14.3368206,73.0,24635.57,-9999.99
1,Survey1,57,7,S1_P57_O7,70,51.7632084,14.3368205,73.0,24723.48,-9999.99
1,Survey1,57,7,S1_P57_O7,71,51.7632081,14.3368205,73.0,24574.58,-9999.99
1,Survey1,57,7,S1_P57_O7,72,51.7632083,14.3368206,73.0,24598.25,-9999.99
1,Survey1,57,7,S1_P57_O7,73,51.7632085,14.3368207,73.0,24543.73,-9999.99
1,Survey1,57,7,S1_P57_O7,74,51.7632087,14.3368206,73.0,24648.59,-9999.99
1,Survey1,57,7,S1_P57_O7,75,51.7632089,14.3368206,72.0,24588.16,-9999.99
1,Survey1,57,7,S1_P57_O7,76,51.763209,14.3368205,72.0,24762.13,-9999.99
1,Survey1,57,7,S1_P57_O7,77,51.7632092,14.3368204,72.0,24785.46,-9999.99
1,Survey1,57,7,S1_P57_O7,78,51.7632094,14.3368207,72.0,24751.17,-9999.99
1,Survey1,57,7,S1_P57_O7,79,51.7632096,14.336821,72.0,24747.5,-9999.99
1,Survey1,57,7,S1_P57_O7,80,51.7632098,14.3368209,72.0,24749.59,-9999.99
1,Survey1,57,7,S1_P57_O7,81,51.7632101,14.3368208,72.0,24749.51,-9999.99
1,Survey1,57,7,S1_P57_O7,82,51.7632103,14.3368207,72.0,24746.99,-9999.99
1,Survey1,57,7,S1_P57_O7,83,51.7632105,14.3368206,72.0,24723.55,-9999.99
1,Survey1,57,7,S1_P57_O7,84,51.7632108,14.3368206,72.0,24728.05,-9999.99
1,Survey1,57,7,S1_P57_O7,85,51.7632111,14.3368206,72.0,24535.55,-9999.99
1,Survey1,57,7,S1_P57_O7,86,51.7632113,14.3368205,72.0,24645.46,-9999.99
1,Survey1,57,7,S1_P57_O7,87,51.7632115,14.3368205,72.0,24735.39,-9999.99
1,Survey1,57,7,S1_P57_O7,88,51.7632116,14.3368204,72.0,24664.54,-9999.99
1,Survey1,57,7,S1_P57_O7,89,51.7632118,14.3368204,72.0,24677.64,-9999.99
1,Survey1,57,7,S1_P57_O7,90,51.7632118,14.3368204,72.0,24677.64,-9999.99
1,Survey1,57,7,S1_P57_O7,91,51.7632072,14.336793,74.0,24715.54,-9999.99
1,Survey1,57,7,S1_P57_O7,92,51.7632027,14.3367941,74.0,24761.4,-9999.99
1,Survey1,57,7,S1_P57_O7,93,51.7631983,14.3367952,74.0,24590.82,-9999.99
1,Survey1,57,7,S1_P57_O7,94,51.7631926,14.3367966,74.0,24598.17,-9999.99
1,Survey1,57,7,S1_P57_O7,95,51.7631869,14.3367981,74.0,24605.17,-9999.99
1,Survey1,57,7,S1_P57_O7,96,51.7631809,14.3367992,74.0,24829.25,-9999.99
1,Survey1,57,7,S1_P57_O7,97,51.7631749,14.3368003,74.0,24636.57,-9999.99
1,Survey1,57,7,S1_P57_O7,98,51.763169,14.336802,74.0,24721.63,-9999.99
1,Survey1,57,7,S1_P57_O7,99,51.7631631,14.3368037,74.0,24763.45,-9999.99
1,Survey1,57,7,S1_P57_O7,100,51.7631571,14.3368059,74.0,24670.32,-9999.99
1,Survey1,57,7,S1_P57_O7,101,51.7631511,14.3368082,74.0,24606.48,-9999.99
1,Survey1,57,7,S1_P57_O7,102,51.7631453,14.3368094,74.0,24715.0,-9999.99
1,Survey1,57,7,S1_P57_O7,103,51.7631396,14.3368107,74.0,24756.89,-9999.99
1,Survey1,57,7,S1_P57_O7,104,51.7631347,14.3368121,74.0,24682.78,-9999.99
1,Survey1,57,7,S1_P57_O7,105,51.7631299,14.3368135,74.0,24721.34,-9999.99
1,Survey1,57,7,S1_P57_O7,106,51.7631241,14.3368156,74.0,24756.5,-9999.99
1,Survey1,57,7,S1_P57_O7,107,51.7631183,14.3368178,74.0,24700.87,-9999.99
1,Survey1,57,7,S1_P57_O7,108,51.7631116,14.3368195,74.0,24682.29,-9999.99
1,Survey1,57,7,S1_P57_O7,109,51.763105,14.3368212,74.0,24686.27,-9999.99
1,Survey1,57,7,S1_P57_O7,110,51.7630991,14.3368232,74.0,24686.0,-9999.99
1,Survey1,57,7,S1_P57_O7,111,51.7630932,14.3368252,74.0,24750.36,-9999.99
1,Survey1,57,7,S1_P57_O7,112,51.763087,14.3368266,74.0,24744.13,-9999.99
1,Survey1,57,7,S1_P57_O7,113,51.7630809,14.336828,74.0,24681.85,-9999.99
1,Survey1,57,7,S1_P57_O7,114,51.7630748,14.33683,74.0,24619.93,-9999.99
1,Survey1,57,7,S1_P57_O7,115,51.7630688,14.336832,74.0,24732.83,-9999.99
1,Survey1,57,7,S1_P57_O7,116,51.7630628,14.3368338,74.0,24601.24,-9999.99
1,Survey1,57,7,S1_P57_O7,117,51.7630569,14.3368357,74.0,24629.16,-9999.99
1,Survey1,57,7,S1_P57_O7,118,51.7630518,14.3368372,74.0,24621.1,-9999.99
1,Survey1,57,7,S1_P57_O7,119,51.7630468,14.3368387,74.0,24646.33,-9999.99
1,Survey1,57,7,S1_P57_O7,120,51.7630427,14.3368411,74.0,24510.81,-9999.99
1,Survey1,57,7,S1_P57_O7,121,51.7630386,14.3368435,74.0,24358.14,-9999.99
1,Survey1,57,7,S1_P57_O7,122,51.7630328,14.3368455,74.0,24427.74,-9999.99
1,Survey1,57,7,S1_P57_O7,123,51.7630271,14.3368476,74.0,24380.96,-9999.99
1,Survey1,57,7,S1_P57_O7,124,51.7630218,14.3368497,74.0,24130.42,-9999.99
1,Survey1,57,7,S1_P57_O7,125,51.7630165,14.3368518,74.0,24768.38,-9999.99
1,Survey1,57,7,S1_P57_O7,126,51.7630119,14.3368535,74.0,24311.62,-9999.99
1,Survey1,57,7,S1_P57_O7,127,51.7630074,14.3368552,74.0,24606.48,-9999.99
1,Survey1,57,7,S1_P57_O7,128,51.7630044,14.3368574,74.0,24733.45,-9999.99
1,Survey1,57,7,S1_P57_O7,129,51.7630014,14.3368597,74.0,24770.31,-9999.99
1,Survey1,57,7,S1_P57_O7,130,51.7629984,14.3368593,74.0,24610.46,-9999.99
1,Survey1,57,7,S1_P57_O7,131,51.7629954,14.336859,74.0,24472.3,-9999.99
1,Survey1,57,7,S1_P57_O7,132,51.7629933,14.3368586,74.0,24678.02,-9999.99
1,Survey1,57,7,S1_P57_O7,133,51.7629913,14.3368582,73.0,24786.4,-9999.99
1,Survey1,57,7,S1_P57_O7,134,51.762988,14.3368522,73.0,24747.46,-9999.99
1,Survey1,57,7,S1_P57_O7,135,51.7629847,14.3368462,73.0,24658.0,-9999.99
1,Survey1,57,7,S1_P57_O7,136,51.7629859,14.3368492,73.0,24659.46,-9999.99
1,Survey1,57,7,S1_P57_O7,137,51.7629872,14.3368522,73.0,24643.37,-9999.99
1,Survey1,57,7,S1_P57_O7,138,51.7629875,14.3368521,73.0,24705.27,-9999.99
1,Survey1,57,7,S1_P57_O7,139,51.7629879,14.336852,72.0,24722.84,-9999.99
1,Survey1,57,7,S1_P57_O7,140,51.7629869,14.3368514,72.0,24643.75,-9999.99
1,Survey1,57,7,S1_P57_O7,141,51.762986,14.3368508,72.0,24706.64,-9999.99
1,Survey1,57,7,S1_P57_O7,142,51.7629835,14.3368519,72.0,24713.93,-9999.99
1,Survey1,57,7,S1_P57_O7,143,51.7629811,14.3368531,72.0,24729.84,-9999.99
1,Survey1,57,7,S1_P57_O7,144,51.7629818,14.3368542,72.0,24691.12,-9999.99
1,Survey1,57,7,S1_P57_O7,145,51.7629826,14.3368553,72.0,24868.77,-9999.99
1,Survey1,57,7,S1_P57_O7,146,51.7629826,14.3368553,72.0,24868.77,-9999.99
1,Survey1,58,8,S1_P58_O8,1,51.7629998,14.3368692,77.0,24686.65,-9999.99
1,Survey1,58,8,S1_P58_O8,2,51.7630033,14.3368688,77.0,24744.55,-9999.99
1,Survey1,58,8,S1_P58_O8,3,51.7630069,14.3368684,78.0,24819.83,-9999.99
1,Survey1,58,8,S1_P58_O8,4,51.7630115,14.3368659,78.0,24789.61,-9999.99
1,Survey1,58,8,S1_P58_O8,5,51.7630162,14.3368635,77.0,24809.52,-9999.99
1,Survey1,58,8,S1_P58_O8,6,51.7630225,14.3368628,77.0,24773.72,-9999.99
1,Survey1,58,8,S1_P58_O8,7,51.7630289,14.3368621,77.0,24727.95,-9999.99
1,Survey1,58,8,S1_P58_O8,8,51.7630342,14.3368603,77.0,24774.69,-9999.99
1,Survey1,58,8,S1_P58_O8,9,51.7630396,14.3368586,77.0,24724.11,-9999.99
1,Survey1,58,8,S1_P58_O8,10,51.7630474,14.336859,77.0,24796.12,-9999.99
1,Survey1,58,8,S1_P58_O8,11,51.7630552,14.3368594,77.0,24756.62,-9999.99
1,Survey1,58,8,S1_P58_O8,12,51.7630595,14.3368546,77.0,24769.4,-9999.99
1,Survey1,58,8,S1_P58_O8,13,51.7630638,14.3368498,77.0,24721.26,-9999.99
1,Survey1,58,8,S1_P58_O8,14,51.7630698,14.3368474,77.0,24720.34,-9999.99
1,Survey1,58,8,S1_P58_O8,15,51.7630758,14.3368451,77.0,24750.33,-9999.99
1,Survey1,58,8,S1_P58_O8,16,51.7630819,14.3368429,77.0,24727.85,-9999.99
1,Survey1,58,8,S1_P58_O8,17,51.763088,14.3368407,77.0,24806.34,-9999.99
1,Survey1,58,8,S1_P58_O8,18,51.7630937,14.3368389,77.0,24795.52,-9999.99
1,Survey1,58,8,S1_P58_O8,19,51.7630994,14.3368372,77.0,24712.35,-9999.99
1,Survey1,58,8,S1_P58_O8,20,51.763105,14.336835,77.0,24747.1,-9999.99
1,Survey1,58,8,S1_P58_O8,21,51.7631106,14.3368329,77.0,24759.77,-9999.99
1,Survey1,58,8,S1_P58_O8,22,51.7631166,14.336831,77.0,24793.14,-9999.99
1,Survey1,58,8,S1_P58_O8,23,51.7631226,14.3368291,77.0,24755.39,-9999.99
1,Survey1,58,8,S1_P58_O8,24,51.7631285,14.3368268,77.0,24755.6,-9999.99
1,Survey1,58,8,S1_P58_O8,25,51.7631345,14.3368245,77.0,24729.48,-9999.99
1,Survey1,58,8,S1_P58_O8,26,51.76314,14.336823,77.0,24748.25,-9999.99
1,Survey1,58,8,S1_P58_O8,27,51.7631456,14.3368215,77.0,24781.01,-9999.99
1,Survey1,58,8,S1_P58_O8,28,51.7631504,14.3368197,77.0,24786.27,-9999.99
1,Survey1,58,8,S1_P58_O8,29,51.7631552,14.3368179,76.0,24776.54,-9999.99
1,Survey1,58,8,S1_P58_O8,30,51.763161,14.3368162,76.0,24757.99,-9999.99
1,Survey1,58,8,S1_P58_O8,31,51.7631668,14.3368146,77.0,24716.77,-9999.99
1,Survey1,58,8,S1_P58_O8,32,51.7631728,14.3368121,77.0,24746.07,-9999.99
1,Survey1,58,8,S1_P58_O8,33,51.7631788,14.3368097,76.0,24746.05,-9999.99
1,Survey1,58,8,S1_P58_O8,34,51.763184,14.3368074,76.0,24770.34,-9999.99
1,Survey1,58,8,S1_P58_O8,35,51.7631893,14.3368052,76.0,24786.79,-9999.99
1,Survey1,58,8,S1_P58_O8,36,51.7631951,14.3368027,76.0,24763.16,-9999.99
1,Survey1,58,8,S1_P58_O8,37,51.7632009,14.3368002,76.0,24723.55,-9999.99
1,Survey1,58,8,S1_P58_O8,38,51.7632057,14.3367992,76.0,24787.97,-9999.99
1,Survey1,58,8,S1_P58_O8,39,51.7632106,14.3367982,76.0,24724.37,-9999.99
1,Survey1,58,8,S1_P58_O8,40,51.7632139,14.3367976,76.0,24765.93,-9999.99
1,Survey1,58,8,S1_P58_O8,41,51.7632173,14.3367971,76.0,24785.75,-9999.99
1,Survey1,58,8,S1_P58_O8,42,51.7632175,14.3367957,76.0,24746.05,-9999.99
1,Survey1,58,8,S1_P58_O8,43,51.7632177,14.3367944,76.0,24741.92,-9999.99
1,Survey1,58,8,S1_P58_O8,44,51.7632177,14.3367944,76.0,24741.92,-9999.99
1,Survey1,59,9,S1_P59_O9,1,51.7632023,14.3367632,74.0,24715.65,-9999.99
1,Survey1,59,9,S1_P59_O9,2,51.7631983,14.3367634,74.0,24801.31,-9999.99
1,Survey1,59,9,S1_P59_O9,3,51.7631943,14.3367637,74.0,24746.65,-9999.99
1,Survey1,59,9,S1_P59_O9,4,51.763189,14.3367652,74.0,24806.58,-9999.99
1,Survey1,59,9,S1_P59_O9,5,51.7631838,14.3367667,74.0,24730.77,-9999.99
1,Survey1,59,9,S1_P59_O9,6,51.7631782,14.3367688,74.0,24816.27,-9999.99
1,Survey1,59,9,S1_P59_O9,7,51.7631726,14.3367709,74.0,24771.69,-9999.99
1,Survey1,59,9,S1_P59_O9,8,51.7631666,14.3367729,74.0,24749.28,-9999.99
1,Survey1,59,9,S1_P59_O9,9,51.7631607,14.336775,74.0,24818.95,-9999.99
1,Survey1,59,9,S1_P59_O9,10,51.7631547,14.3367769,74.0,24741.95,-9999.99
1,Survey1,59,9,S1_P59_O9,11,51.7631487,14.3367788,74.0,24739.68,-9999.99
1,Survey1,59,9,S1_P59_O9,12,51.7631429,14.3367811,74.0,24737.19,-9999.99
1,Survey1,59,9,S1_P59_O9,13,51.7631371,14.3367834,74.0,24775.16,-9999.99
1,Survey1,59,9,S1_P59_O9,14,51.7631314,14.3367847,74.0,24684.83,-9999.99
1,Survey1,59,9,S1_P59_O9,15,51.7631257,14.3367861,74.0,24765.98,-9999.99
1,Survey1,59,9,S1_P59_O9,16,51.763119,14.336788,74.0,24716.36,-9999.99
1,Survey1,59,9,S1_P59_O9,17,51.7631123,14.33679,74.0,24761.01,-9999.99
1,Survey1,59,9,S1_P59_O9,18,51.7631053,14.3367921,74.0,24731.38,-9999.99
1,Survey1,59,9,S1_P59_O9,19,51.7630983,14.3367942,74.0,24748.3,-9999.99
1,Survey1,59,9,S1_P59_O9,20,51.7630922,14.3367961,74.0,24786.47,-9999.99
1,Survey1,59,9,S1_P59_O9,21,51.7630862,14.3367981,74.0,24762.37,-9999.99
1,Survey1,59,9,S1_P59_O9,22,51.7630801,14.3367995,74.0,24777.77,-9999.99
1,Survey1,59,9,S1_P59_O9,23,51.763074,14.336801,74.0,24772.7,-9999.99
1,Survey1,59,9,S1_P59_O9,24,51.7630679,14.3368024,74.0,24712.87,-9999.99
1,Survey1,59,9,S1_P59_O9,25,51.7630619,14.3368038,73.0,24744.0,-9999.99
1,Survey1,59,9,S1_P59_O9,26,51.7630547,14.3368059,73.0,24779.57,-9999.99
1,Survey1,59,9,S1_P59_O9,27,51.7630476,14.3368081,73.0,24595.44,-9999.99
1,Survey1,59,9,S1_P59_O9,28,51.7630414,14.3368099,73.0,24739.03,-9999.99
1,Survey1,59,9,S1_P59_O9,29,51.7630353,14.3368117,73.0,24704.24,-9999.99
1,Survey1,59,9,S1_P59_O9,30,51.7630294,14.3368136,73.0,24864.4,-9999.99
1,Survey1,59,9,S1_P59_O9,31,51.7630236,14.3368156,74.0,24769.74,-9999.99
1,Survey1,59,9,S1_P59_O9,32,51.7630176,14.3368176,74.0,24810.75,-9999.99
1,Survey1,59,9,S1_P59_O9,33,51.7630117,14.3368197,74.0,24823.88,-9999.99
1,Survey1,59,9,S1_P59_O9,34,51.763006,14.3368222,74.0,24767.67,-9999.99
1,Survey1,59,9,S1_P59_O9,35,51.7630004,14.3368247,74.0,24716.12,-9999.99
1,Survey1,59,9,S1_P59_O9,36,51.7629968,14.336827,74.0,24742.76,-9999.99
1,Survey1,59,9,S1_P59_O9,37,51.7629932,14.3368294,74.0,24757.49,-9999.99
1,Survey1,59,9,S1_P59_O9,38,51.7629902,14.3368303,74.0,24718.96,-9999.99
1,Survey1,59,9,S1_P59_O9,39,51.7629872,14.3368313,74.0,24762.94,-9999.99
1,Survey1,59,9,S1_P59_O9,40,51.7629852,14.3368294,74.0,24696.11,-9999.99
1,Survey1,59,9,S1_P59_O9,41,51.7629832,14.3368275,74.0,24717.36,-9999.99
1,Survey1,59,9,S1_P59_O9,42,51.7629832,14.3368275,74.0,24717.36,-9999.99
1,Survey1,60,10,S1_P60_O10,1,51.7629843,14.3368318,74.0,24759.44,-9999.99
1,Survey1,60,10,S1_P60_O10,2,51.7629881,14.3368312,74.0,24677.24,-9999.99
1,Survey1,60,10,S1_P60_O10,3,51.7629919,14.3368306,74.0,24624.45,-9999.99
1,Survey1,60,10,S1_P60_O10,4,51.7629975,14.3368295,74.0,24829.31,-9999.99
1,Survey1,60,10,S1_P60_O10,5,51.7630031,14.3368284,74.0,24718.1,-9999.99
1,Survey1,60,10,S1_P60_O10,6,51.76301,14.3368271,74.0,24745.7,-9999.99
1,Survey1,60,10,S1_P60_O10,7,51.7630169,14.3368259,74.0,24759.73,-9999.99
1,Survey1,60,10,S1_P60_O10,8,51.7630227,14.3368239,74.0,24909.7,-9999.99
1,Survey1,60,10,S1_P60_O10,9,51.7630286,14.3368219,74.0,24788.31,-9999.99
1,Survey1,60,10,S1_P60_O10,10,51.7630343,14.3368199,74.0,24802.35,-9999.99
1,Survey1,60,10,S1_P60_O10,11,51.76304,14.336818,74.0,24708.6,-9999.99
1,Survey1,60,10,S1_P60_O10,12,51.7630457,14.3368148,74.0,24801.05,-9999.99
1,Survey1,60,10,S1_P60_O10,13,51.7630515,14.3368117,74.0,24788.04,-9999.99
1,Survey1,60,10,S1_P60_O10,14,51.7630578,14.3368095,74.0,24810.37,-9999.99
1,Survey1,60,10,S1_P60_O10,15,51.7630641,14.3368073,74.0,24791.73,-9999.99
1,Survey1,60,10,S1_P60_O10,16,51.7630703,14.336805,74.0,24798.86,-9999.99
1,Survey1,60,10,S1_P60_O10,17,51.7630766,14.3368027,74.0,24737.05,-9999.99
1,Survey1,60,10,S1_P60_O10,18,51.7630825,14.3368011,74.0,24760.2,-9999.99
1,Survey1,60,10,S1_P60_O10,19,51.7630884,14.3367996,74.0,24734.87,-9999.99
1,Survey1,60,10,S1_P60_O10,20,51.7630935,14.3367983,74.0,24796.77,-9999.99
1,Survey1,60,10,S1_P60_O10,21,51.7630987,14.336797,73.0,24781.51,-9999.99
1,Survey1,60,10,S1_P60_O10,22,51.7631047,14.3367951,73.0,24771.18,-9999.99
1,Survey1,60,10,S1_P60_O10,23,51.7631107,14.3367932,73.0,24793.24,-9999.99
1,Survey1,60,10,S1_P60_O10,24,51.7631172,14.3367911,73.0,24775.13,-9999.99
1,Survey1,60,10,S1_P60_O10,25,51.7631238,14.336789,73.0,24771.7,-9999.99
1,Survey1,60,10,S1_P60_O10,26,51.7631294,14.3367868,73.0,24809.7,-9999.99
1,Survey1,60,10,S1_P60_O10,27,51.763135,14.3367847,74.0,24719.7,-9999.99
1,Survey1,60,10,S1_P60_O10,28,51.763141,14.3367819,74.0,24758.81,-9999.99
1,Survey1,60,10,S1_P60_O10,29,51.7631471,14.3367791,74.0,24720.55,-9999.99
1,Survey1,60,10,S1_P60_O10,30,51.7631533,14.3367771,74.0,24884.53,-9999.99
1,Survey1,60,10,S1_P60_O10,31,51.7631595,14.3367752,74.0,24736.42,-9999.99
1,Survey1,60,10,S1_P60_O10,32,51.7631659,14.3367728,74.0,24813.51,-9999.99
1,Survey1,60,10,S1_P60_O10,33,51.7631723,14.3367704,74.0,24781.09,-9999.99
1,Survey1,60,10,S1_P60_O10,34,51.7631785,14.3367684,74.0,24738.48,-9999.99
1,Survey1,60,10,S1_P60_O10,35,51.7631848,14.3367665,74.0,24778.16,-9999.99
1,Survey1,60,10,S1_P60_O10,36,51.7631904,14.3367645,74.0,24772.17,-9999.99
1,Survey1,60,10,S1_P60_O10,37,51.763196,14.3367626,74.0,24727.55,-9999.99
1,Survey1,60,10,S1_P60_O10,38,51.7631999,14.3367616,74.0,24757.94,-9999.99
1,Survey1,60,10,S1_P60_O10,39,51.7632039,14.3367607,74.0,24748.88,-9999.99
1,Survey1,60,10,S1_P60_O10,40,51.7632039,14.3367607,74.0,24748.88,-9999.99
1,Survey1,61,11,S1_P61_O11,1,51.7631994,14.3367379,73.0,24739.71,-9999.99
1,Survey1,61,11,S1_P61_O11,2,51.7631981,14.3367383,73.0,24755.95,-9999.99
1,Survey1,61,11,S1_P61_O11,3,51.7631969,14.3367387,73.0,24752.88,-9999.99
1,Survey1,61,11,S1_P61_O11,4,51.7631926,14.3367397,73.0,24771.94,-9999.99
1,Survey1,61,11,S1_P61_O11,5,51.7631884,14.3367407,73.0,24803.29,-9999.99
1,Survey1,61,11,S1_P61_O11,6,51.7631822,14.3367432,73.0,24785.01,-9999.99
1,Survey1,61,11,S1_P61_O11,7,51.7631761,14.3367458,73.0,24755.52,-9999.99
1,Survey1,61,11,S1_P61_O11,8,51.7631701,14.3367477,73.0,24769.65,-9999.99
1,Survey1,61,11,S1_P61_O11,9,51.7631641,14.3367496,72.0,24755.39,-9999.99
1,Survey1,61,11,S1_P61_O11,10,51.763158,14.3367512,72.0,24733.58,-9999.99
1,Survey1,61,11,S1_P61_O11,11,51.763152,14.3367528,72.0,24841.42,-9999.99
1,Survey1,61,11,S1_P61_O11,12,51.763146,14.3367548,72.0,24746.31,-9999.99
1,Survey1,61,11,S1_P61_O11,13,51.7631401,14.3367568,72.0,24807.95,-9999.99
1,Survey1,61,11,S1_P61_O11,14,51.7631334,14.336758,72.0,24829.19,-9999.99
1,Survey1,61,11,S1_P61_O11,15,51.7631268,14.3367592,73.0,24702.98,-9999.99
1,Survey1,61,11,S1_P61_O11,16,51.7631216,14.3367612,73.0,24712.19,-9999.99
1,Survey1,61,11,S1_P61_O11,17,51.7631165,14.3367633,73.0,24791.29,-9999.99
1,Survey1,61,11,S1_P61_O11,18,51.7631102,14.3367659,73.0,24698.82,-9999.99
1,Survey1,61,11,S1_P61_O11,19,51.7631039,14.3367685,73.0,24772.8,-9999.99
1,Survey1,61,11,S1_P61_O11,20,51.7630981,14.3367703,73.0,24815.15,-9999.99
1,Survey1,61,11,S1_P61_O11,21,51.7630924,14.3367721,73.0,24869.37,-9999.99
1,Survey1,61,11,S1_P61_O11,22,51.763086,14.3367745,73.0,24726.74,-9999.99
1,Survey1,61,11,S1_P61_O11,23,51.7630797,14.3367769,73.0,24818.78,-9999.99
1,Survey1,61,11,S1_P61_O11,24,51.7630733,14.3367792,73.0,24810.14,-9999.99
1,Survey1,61,11,S1_P61_O11,25,51.7630669,14.3367815,73.0,24727.62,-9999.99
1,Survey1,61,11,S1_P61_O11,26,51.7630606,14.3367834,73.0,24813.34,-9999.99
1,Survey1,61,11,S1_P61_O11,27,51.7630543,14.3367853,73.0,24814.94,-9999.99
1,Survey1,61,11,S1_P61_O11,28,51.763048,14.3367875,73.0,24809.03,-9999.99
1,Survey1,61,11,S1_P61_O11,29,51.7630417,14.3367898,73.0,24839.92,-9999.99
1,Survey1,61,11,S1_P61_O11,30,51.7630357,14.3367916,73.0,24865.69,-9999.99
1,Survey1,61,11,S1_P61_O11,31,51.7630297,14.3367935,73.0,24753.76,-9999.99
1,Survey1,61,11,S1_P61_O11,32,51.7630237,14.3367958,73.0,24821.81,-9999.99
1,Survey1,61,11,S1_P61_O11,33,51.7630178,14.3367981,73.0,24476.2,-9999.99
1,Survey1,61,11,S1_P61_O11,34,51.7630123,14.3368012,73.0,24660.14,-9999.99
1,Survey1,61,11,S1_P61_O11,35,51.7630068,14.3368044,73.0,24774.27,-9999.99
1,Survey1,61,11,S1_P61_O11,36,51.7630013,14.3368067,73.0,24834.8,-9999.99
1,Survey1,61,11,S1_P61_O11,37,51.7629959,14.336809,73.0,24793.38,-9999.99
1,Survey1,61,11,S1_P61_O11,38,51.7629911,14.336809,73.0,24878.28,-9999.99
1,Survey1,61,11,S1_P61_O11,39,51.7629863,14.3368091,73.0,24442.86,-9999.99
1,Survey1,61,11,S1_P61_O11,40,51.7629832,14.3368067,73.0,24838.28,-9999.99
1,Survey1,61,11,S1_P61_O11,41,51.7629801,14.3368043,73.0,24526.7,-9999.99
1,Survey1,61,11,S1_P61_O11,42,51.7629801,14.3368043,73.0,24526.7,-9999.99
1,Survey1,62,12,S1_P62_O12,1,51.7629381,14.3368136,81.0,24683.13,-9999.99
1,Survey1,62,12,S1_P62_O12,2,51.7629391,14.3368135,81.0,24728.03,-9999.99
1,Survey1,62,12,S1_P62_O12,3,51.7629402,14.3368135,81.0,24649.49,-9999.99
1,Survey1,62,12,S1_P62_O12,4,51.7629429,14.336814,81.0,24733.61,-9999.99
1,Survey1,62,12,S1_P62_O12,5,51.7629456,14.3368145,81.0,24740.76,-9999.99
1,Survey1,62,12,S1_P62_O12,6,51.7629508,14.3368127,81.0,24719.76,-9999.99
1,Survey1,62,12,S1_P62_O12,7,51.762956,14.3368109,81.0,24754.29,-9999.99
1,Survey1,62,12,S1_P62_O12,8,51.7629618,14.3368096,81.0,24752.82,-9999.99
1,Survey1,62,12,S1_P62_O12,9,51.7629677,14.3368083,81.0,24714.74,-9999.99
1,Survey1,62,12,S1_P62_O12,10,51.7629739,14.3368072,81.0,24740.06,-9999.99
1,Survey1,62,12,S1_P62_O12,11,51.7629801,14.3368062,80.0,24716.48,-9999.99
1,Survey1,62,12,S1_P62_O12,12,51.7629871,14.3368041,80.0,24730.61,-9999.99
1,Survey1,62,12,S1_P62_O12,13,51.7629941,14.3368021,80.0,24699.34,-9999.99
1,Survey1,62,12,S1_P62_O12,14,51.7630012,14.3368013,80.0,24764.92,-9999.99
1,Survey1,62,12,S1_P62_O12,15,51.7630084,14.3368006,80.0,24658.4,-9999.99
1,Survey1,62,12,S1_P62_O12,16,51.7630173,14.3368,80.0,24709.65,-9999.99
1,Survey1,62,12,S1_P62_O12,17,51.7630263,14.3367994,79.0,24609.15,-9999.99
1,Survey1,62,12,S1_P62_O12,18,51.7630344,14.3367983,79.0,24714.86,-9999.99
1,Survey1,62,12,S1_P62_O12,19,51.7630426,14.3367972,79.0,24723.59,-9999.99
1,Survey1,62,12,S1_P62_O12,20,51.7630501,14.3367958,79.0,24761.42,-9999.99
1,Survey1,62,12,S1_P62_O12,21,51.7630576,14.3367945,79.0,24784.75,-9999.99
1,Survey1,62,12,S1_P62_O12,22,51.763066,14.3367929,79.0,24766.31,-9999.99
1,Survey1,62,12,S1_P62_O12,23,51.7630744,14.3367913,79.0,24742.37,-9999.99
1,Survey1,62,12,S1_P62_O12,24,51.7630823,14.33679,79.0,24763.53,-9999.99
1,Survey1,62,12,S1_P62_O12,25,51.7630903,14.3367888,78.0,24712.55,-9999.99
1,Survey1,62,12,S1_P62_O12,26,51.7630968,14.3367869,78.0,24764.89,-9999.99
1,Survey1,62,12,S1_P62_O12,27,51.7631034,14.336785,78.0,24653.27,-9999.99
1,Survey1,62,12,S1_P62_O12,28,51.76311,14.3367829,78.0,24808.14,-9999.99
1,Survey1,62,12,S1_P62_O12,29,51.7631167,14.3367809,78.0,24680.32,-9999.99
1,Survey1,62,12,S1_P62_O12,30,51.7631233,14.3367792,78.0,24751.45,-9999.99
1,Survey1,62,12,S1_P62_O12,31,51.7631299,14.3367775,78.0,24641.09,-9999.99
1,Survey1,62,12,S1_P62_O12,32,51.7631364,14.3367757,78.0,24780.0,-9999.99
1,Survey1,62,12,S1_P62_O12,33,51.7631429,14.336774,78.0,24693.15,-9999.99
1,Survey1,62,12,S1_P62_O12,34,51.7631502,14.3367721,78.0,24791.03,-9999.99
1,Survey1,62,12,S1_P62_O12,35,51.7631576,14.3367703,77.0,24667.38,-9999.99
1,Survey1,62,12,S1_P62_O12,36,51.7631641,14.3367678,77.0,24759.75,-9999.99
1,Survey1,62,12,S1_P62_O12,37,51.7631706,14.3367654,77.0,24600.98,-9999.99
1,Survey1,62,12,S1_P62_O12,38,51.7631761,14.3367633,77.0,24759.64,-9999.99
1,Survey1,62,12,S1_P62_O12,39,51.7631816,14.3367612,77.0,24675.44,-9999.99
1,Survey1,62,12,S1_P62_O12,40,51.7631862,14.3367606,77.0,24797.76,-9999.99
1,Survey1,62,12,S1_P62_O12,41,51.7631909,14.3367601,77.0,24724.1,-9999.99
1,Survey1,62,12,S1_P62_O12,42,51.7631944,14.3367594,77.0,24791.93,-9999.99
1,Survey1,62,12,S1_P62_O12,43,51.7631979,14.3367588,77.0,24637.5,-9999.99
1,Survey1,62,12,S1_P62_O12,44,51.7631979,14.3367588,77.0,24637.5,-9999.99
1,Survey1,63,13,S1_P63_O13,1,51.7631903,14.3367358,79.0,24730.24,-9999.99
1,Survey1,63,13,S1_P63_O13,2,51.7631854,14.3367384,79.0,24752.85,-9999.99
1,Survey1,63,13,S1_P63_O13,3,51.7631805,14.336741,78.0,24736.87,-9999.99
1,Survey1,63,13,S1_P63_O13,4,51.7631742,14.3367434,78.0,24623.37,-9999.99
1,Survey1,63,13,S1_P63_O13,5,51.7631679,14.3367459,78.0,24790.19,-9999.99
1,Survey1,63,13,S1_P63_O13,6,51.763162,14.3367483,78.0,24726.92,-9999.99
1,Survey1,63,13,S1_P63_O13,7,51.7631562,14.3367507,78.0,24719.54,-9999.99
1,Survey1,63,13,S1_P63_O13,8,51.7631501,14.3367523,78.0,24694.44,-9999.99
1,Survey1,63,13,S1_P63_O13,9,51.763144,14.3367539,78.0,24749.77,-9999.99
1,Survey1,63,13,S1_P63_O13,10,51.7631377,14.3367559,78.0,24711.18,-9999.99
1,Survey1,63,13,S1_P63_O13,11,51.7631314,14.3367579,78.0,24785.23,-9999.99
1,Survey1,63,13,S1_P63_O13,12,51.7631249,14.3367601,78.0,24781.87,-9999.99
1,Survey1,63,13,S1_P63_O13,13,51.7631185,14.3367624,78.0,24811.78,-9999.99
1,Survey1,63,13,S1_P63_O13,14,51.7631126,14.3367644,78.0,24648.62,-9999.99
1,Survey1,63,13,S1_P63_O13,15,51.7631067,14.3367664,78.0,24803.52,-9999.99
1,Survey1,63,13,S1_P63_O13,16,51.7631003,14.3367692,78.0,24806.86,-9999.99
1,Survey1,63,13,S1_P63_O13,17,51.7630939,14.336772,78.0,24697.72,-9999.99
1,Survey1,63,13,S1_P63_O13,18,51.7630874,14.3367739,78.0,24755.32,-9999.99
1,Survey1,63,13,S1_P63_O13,19,51.763081,14.3367759,78.0,24734.37,-9999.99
1,Survey1,63,13,S1_P63_O13,20,51.7630743,14.3367778,78.0,24766.85,-9999.99
1,Survey1,63,13,S1_P63_O13,21,51.7630677,14.3367797,78.0,24696.18,-9999.99
1,Survey1,63,13,S1_P63_O13,22,51.7630613,14.3367821,78.0,24746.71,-9999.99
1,Survey1,63,13,S1_P63_O13,23,51.763055,14.3367846,77.0,24760.99,-9999.99
1,Survey1,63,13,S1_P63_O13,24,51.7630486,14.3367867,77.0,24759.07,-9999.99
1,Survey1,63,13,S1_P63_O13,25,51.7630423,14.3367889,77.0,24721.02,-9999.99
1,Survey1,63,13,S1_P63_O13,26,51.763036,14.3367908,77.0,24750.35,-9999.99
1,Survey1,63,13,S1_P63_O13,27,51.7630298,14.3367927,77.0,24766.31,-9999.99
1,Survey1,63,13,S1_P63_O13,28,51.7630236,14.3367946,77.0,24778.77,-9999.99
1,Survey1,63,13,S1_P63_O13,29,51.7630174,14.3367965,77.0,24709.34,-9999.99
1,Survey1,63,13,S1_P63_O13,30,51.7630112,14.3367985,77.0,24766.28,-9999.99
1,Survey1,63,13,S1_P63_O13,31,51.763005,14.3368006,77.0,24644.59,-9999.99
1,Survey1,63,13,S1_P63_O13,32,51.7629993,14.3368027,77.0,24800.34,-9999.99
1,Survey1,63,13,S1_P63_O13,33,51.7629936,14.3368048,77.0,24783.26,-9999.99
1,Survey1,63,13,S1_P63_O13,34,51.7629885,14.3368063,77.0,24732.17,-9999.99
1,Survey1,63,13,S1_P63_O13,35,51.7629834,14.3368078,77.0,24795.46,-9999.99
1,Survey1,63,13,S1_P63_O13,36,51.7629834,14.3368078,77.0,24795.46,-9999.99
1,Survey1,64,14,S1_P64_O14,1,51.7629703,14.3368061,75.0,24789.41,-9999.99
1,Survey1,64,14,S1_P64_O14,2,51.7629744,14.3368044,75.0,24818.52,-9999.99
1,Survey1,64,14,S1_P64_O14,3,51.7629785,14.3368027,75.0,24769.55,-9999.99
1,Survey1,64,14,S1_P64_O14,4,51.7629843,14.3368009,75.0,24795.09,-9999.99
1,Survey1,64,14,S1_P64_O14,5,51.7629901,14.3367991,75.0,24811.89,-9999.99
1,Survey1,64,14,S1_P64_O14,6,51.7629961,14.3367965,75.0,24765.36,-9999.99
1,Survey1,64,14,S1_P64_O14,7,51.7630022,14.3367939,75.0,24766.7,-9999.99
1,Survey1,64,14,S1_P64_O14,8,51.7630083,14.3367915,75.0,24825.35,-9999.99
1,Survey1,64,14,S1_P64_O14,9,51.7630144,14.3367892,75.0,24818.61,-9999.99
1,Survey1,64,14,S1_P64_O14,10,51.7630209,14.3367869,75.0,24756.13,-9999.99
1,Survey1,64,14,S1_P64_O14,11,51.7630275,14.3367847,74.0,24793.74,-9999.99
1,Survey1,64,14,S1_P64_O14,12,51.7630342,14.3367826,74.0,24771.69,-9999.99
1,Survey1,64,14,S1_P64_O14,13,51.7630409,14.3367806,74.0,24764.0,-9999.99
1,Survey1,64,14,S1_P64_O14,14,51.763047,14.3367786,74.0,24760.96,-9999.99
1,Survey1,64,14,S1_P64_O14,15,51.7630532,14.3367767,74.0,24834.38,-9999.99
1,Survey1,64,14,S1_P64_O14,16,51.7630595,14.336774,74.0,24767.95,-9999.99
1,Survey1,64,14,S1_P64_O14,17,51.7630659,14.3367713,74.0,24781.49,-9999.99
1,Survey1,64,14,S1_P64_O14,18,51.7630723,14.3367692,74.0,24790.94,-9999.99
1,Survey1,64,14,S1_P64_O14,19,51.7630788,14.3367671,74.0,24762.0,-9999.99
1,Survey1,64,14,S1_P64_O14,20,51.7630853,14.3367645,74.0,24765.75,-9999.99
1,Survey1,64,14,S1_P64_O14,21,51.7630918,14.336762,74.0,24875.9,-9999.99
1,Survey1,64,14,S1_P64_O14,22,51.7630978,14.3367591,74.0,24777.71,-9999.99
1,Survey1,64,14,S1_P64_O14,23,51.7631039,14.3367562,74.0,24748.62,-9999.99
1,Survey1,64,14,S1_P64_O14,24,51.7631099,14.3367539,74.0,24720.92,-9999.99
1,Survey1,64,14,S1_P64_O14,25,51.763116,14.3367517,75.0,24770.54,-9999.99
1,Survey1,64,14,S1_P64_O14,26,51.7631225,14.3367499,75.0,24767.95,-9999.99
1,Survey1,64,14,S1_P64_O14,27,51.763129,14.3367481,75.0,24750.82,-9999.99
1,Survey1,64,14,S1_P64_O14,28,51.7631351,14.336746,75.0,24754.69,-9999.99
1,Survey1,64,14,S1_P64_O14,29,51.7631413,14.336744,75.0,24730.37,-9999.99
1,Survey1,64,14,S1_P64_O14,30,51.7631474,14.3367416,75.0,24777.69,-9999.99
1,Survey1,64,14,S1_P64_O14,31,51.7631536,14.3367392,75.0,24764.1,-9999.99
1,Survey1,64,14,S1_P64_O14,32,51.7631594,14.336736,75.0,24782.68,-9999.99
1,Survey1,64,14,S1_P64_O14,33,51.7631653,14.3367328,75.0,24765.55,-9999.99
1,Survey1,64,14,S1_P64_O14,34,51.7631712,14.336731,75.0,24760.95,-9999.99
1,Survey1,64,14,S1_P64_O14,35,51.7631772,14.3367292,75.0,24781.41,-9999.99
1,Survey1,64,14,S1_P64_O14,36,51.7631823,14.336727,75.0,24741.18,-9999.99
1,Survey1,64,14,S1_P64_O14,37,51.7631875,14.3367248,75.0,24705.82,-9999.99
1,Survey1,64,14,S1_P64_O14,38,51.7631875,14.3367248,75.0,24705.82,-9999.99
1,Survey1,65,15,S1_P65_O15,1,51.7631895,14.3367055,76.0,24786.01,-9999.99
1,Survey1,65,15,S1_P65_O15,2,51.7631851,14.3367062,76.0,24767.14,-9999.99
1,Survey1,65,15,S1_P65_O15,3,51.7631808,14.3367069,76.0,24801.26,-9999.99
1,Survey1,65,15,S1_P65_O15,4,51.763175,14.3367085,76.0,24778.06,-9999.99
1,Survey1,65,15,S1_P65_O15,5,51.7631693,14.3367102,76.0,24801.85,-9999.99
1,Survey1,65,15,S1_P65_O15,6,51.7631632,14.3367128,76.0,24752.83,-9999.99
1,Survey1,65,15,S1_P65_O15,7,51.7631572,14.3367155,76.0,24767.12,-9999.99
1,Survey1,65,15,S1_P65_O15,8,51.7631506,14.3367168,76.0,24794.68,-9999.99
1,Survey1,65,15,S1_P65_O15,9,51.7631441,14.3367181,76.0,24785.69,-9999.99
1,Survey1,65,15,S1_P65_O15,10,51.7631381,14.3367207,76.0,24734.87,-9999.99
1,Survey1,65,15,S1_P65_O15,11,51.7631322,14.3367233,76.0,24796.69,-9999.99
1,Survey1,65,15,S1_P65_O15,12,51.7631259,14.336726,76.0,24745.41,-9999.99
1,Survey1,65,15,S1_P65_O15,13,51.7631196,14.3367288,76.0,24755.21,-9999.99
1,Survey1,65,15,S1_P65_O15,14,51.7631129,14.3367304,76.0,24697.74,-9999.99
1,Survey1,65,15,S1_P65_O15,15,51.7631063,14.3367321,76.0,24724.68,-9999.99
1,Survey1,65,15,S1_P65_O15,16,51.7630995,14.336734,76.0,24782.74,-9999.99
1,Survey1,65,15,S1_P65_O15,17,51.7630927,14.3367359,76.0,24713.14,-9999.99
1,Survey1,65,15,S1_P65_O15,18,51.7630862,14.3367377,76.0,24770.42,-9999.99
1,Survey1,65,15,S1_P65_O15,19,51.7630798,14.3367396,76.0,24792.69,-9999.99
1,Survey1,65,15,S1_P65_O15,20,51.7630738,14.3367424,76.0,24706.77,-9999.99
1,Survey1,65,15,S1_P65_O15,21,51.7630678,14.3367452,76.0,24743.32,-9999.99
1,Survey1,65,15,S1_P65_O15,22,51.7630613,14.336748,76.0,24732.33,-9999.99
1,Survey1,65,15,S1_P65_O15,23,51.7630548,14.3367509,76.0,24763.55,-9999.99
1,Survey1,65,15,S1_P65_O15,24,51.7630481,14.3367535,76.0,24800.99,-9999.99
1,Survey1,65,15,S1_P65_O15,25,51.7630415,14.3367561,76.0,24749.33,-9999.99
1,Survey1,65,15,S1_P65_O15,26,51.763035,14.3367585,76.0,24744.52,-9999.99
1,Survey1,65,15,S1_P65_O15,27,51.7630285,14.3367609,76.0,24769.6,-9999.99
1,Survey1,65,15,S1_P65_O15,28,51.763022,14.3367633,76.0,24782.37,-9999.99
1,Survey1,65,15,S1_P65_O15,29,51.7630155,14.3367657,76.0,24796.19,-9999.99
1,Survey1,65,15,S1_P65_O15,30,51.7630091,14.3367678,76.0,24929.01,-9999.99
1,Survey1,65,15,S1_P65_O15,31,51.7630027,14.3367699,76.0,24753.29,-9999.99
1,Survey1,65,15,S1_P65_O15,32,51.7629968,14.3367717,76.0,24760.82,-9999.99
1,Survey1,65,15,S1_P65_O15,33,51.7629909,14.3367736,76.0,24771.04,-9999.99
1,Survey1,65,15,S1_P65_O15,34,51.7629858,14.3367758,76.0,24738.96,-9999.99
1,Survey1,65,15,S1_P65_O15,35,51.7629808,14.3367781,76.0,24781.27,-9999.99
1,Survey1,65,15,S1_P65_O15,36,51.7629808,14.3367781,76.0,24781.27,-9999.99
1,Survey1,66,16,S1_P66_O16,1,51.7629597,14.336765,75.0,24779.63,-9999.99
1,Survey1,66,16,S1_P66_O16,2,51.7629637,14.3367643,75.0,24665.93,-9999.99
1,Survey1,66,16,S1_P66_O16,3,51.7629678,14.3367637,75.0,25073.36,-9999.99
1,Survey1,66,16,S1_P66_O16,4,51.7629733,14.3367617,75.0,24595.47,-9999.99
1,Survey1,66,16,S1_P66_O16,5,51.7629788,14.3367597,75.0,24762.82,-9999.99
1,Survey1,66,16,S1_P66_O16,6,51.7629845,14.3367575,75.0,24619.51,-9999.99
1,Survey1,66,16,S1_P66_O16,7,51.7629903,14.3367554,75.0,24751.69,-9999.99
1,Survey1,66,16,S1_P66_O16,8,51.7629965,14.3367534,75.0,24750.94,-9999.99
1,Survey1,66,16,S1_P66_O16,9,51.7630028,14.3367514,75.0,24775.57,-9999.99
1,Survey1,66,16,S1_P66_O16,10,51.7630092,14.3367494,75.0,24778.63,-9999.99
1,Survey1,66,16,S1_P66_O16,11,51.7630157,14.3367475,75.0,24705.04,-9999.99
1,Survey1,66,16,S1_P66_O16,12,51.7630217,14.3367454,75.0,24783.36,-9999.99
1,Survey1,66,16,S1_P66_O16,13,51.7630277,14.3367433,75.0,24766.33,-9999.99
1,Survey1,66,16,S1_P66_O16,14,51.7630342,14.3367408,75.0,24711.89,-9999.99
1,Survey1,66,16,S1_P66_O16,15,51.7630407,14.3367384,75.0,24766.02,-9999.99
1,Survey1,66,16,S1_P66_O16,16,51.7630469,14.3367361,75.0,24810.64,-9999.99
1,Survey1,66,16,S1_P66_O16,17,51.7630532,14.3367339,74.0,24747.83,-9999.99
1,Survey1,66,16,S1_P66_O16,18,51.7630597,14.3367315,74.0,24745.97,-9999.99
1,Survey1,66,16,S1_P66_O16,19,51.7630662,14.3367292,74.0,24744.87,-9999.99
1,Survey1,66,16,S1_P66_O16,20,51.7630724,14.3367268,74.0,24702.79,-9999.99
1,Survey1,66,16,S1_P66_O16,21,51.7630787,14.3367244,74.0,24756.94,-9999.99
1,Survey1,66,16,S1_P66_O16,22,51.7630852,14.3367224,74.0,24790.66,-9999.99
1,Survey1,66,16,S1_P66_O16,23,51.7630918,14.3367205,74.0,24773.64,-9999.99
1,Survey1,66,16,S1_P66_O16,24,51.7630982,14.3367181,74.0,24794.57,-9999.99
1,Survey1,66,16,S1_P66_O16,25,51.7631047,14.3367158,74.0,24725.14,-9999.99
1,Survey1,66,16,S1_P66_O16,26,51.763111,14.3367132,74.0,24731.59,-9999.99
1,Survey1,66,16,S1_P66_O16,27,51.7631174,14.3367106,74.0,24645.16,-9999.99
1,Survey1,66,16,S1_P66_O16,28,51.7631241,14.3367083,74.0,24736.87,-9999.99
1,Survey1,66,16,S1_P66_O16,29,51.7631309,14.3367061,74.0,24790.24,-9999.99
1,Survey1,66,16,S1_P66_O16,30,51.7631371,14.3367048,74.0,24743.81,-9999.99
1,Survey1,66,16,S1_P66_O16,31,51.7631434,14.3367035,74.0,24737.49,-9999.99
1,Survey1,66,16,S1_P66_O16,32,51.7631493,14.3367013,74.0,24747.44,-9999.99
1,Survey1,66,16,S1_P66_O16,33,51.7631552,14.3366992,74.0,24751.19,-9999.99
1,Survey1,66,16,S1_P66_O16,34,51.7631608,14.3366973,74.0,24743.19,-9999.99
1,Survey1,66,16,S1_P66_O16,35,51.7631664,14.3366955,74.0,24583.71,-9999.99
1,Survey1,66,16,S1_P66_O16,36,51.7631719,14.336694,74.0,24645.64,-9999.99
1,Survey1,66,16,S1_P66_O16,37,51.7631774,14.3366926,74.0,24604.56,-9999.99
1,Survey1,66,16,S1_P66_O16,38,51.7631774,14.3366926,74.0,24604.56,-9999.99
1,Survey1,67,17,S1_P67_O17,1,51.7631653,14.3366739,75.0,24701.5,-9999.99
1,Survey1,67,17,S1_P67_O17,2,51.7631594,14.3366757,75.0,24735.9,-9999.99
1,Survey1,67,17,S1_P67_O17,3,51.7631535,14.3366775,75.0,24596.17,-9999.99
1,Survey1,67,17,S1_P67_O17,4,51.7631476,14.3366797,75.0,24770.1,-9999.99
1,Survey1,67,17,S1_P67_O17,5,51.7631417,14.336682,75.0,24750.4,-9999.99
1,Survey1,67,17,S1_P67_O17,6,51.7631358,14.3366843,75.0,24699.3,-9999.99
1,Survey1,67,17,S1_P67_O17,7,51.7631299,14.3366866,75.0,24714.19,-9999.99
1,Survey1,67,17,S1_P67_O17,8,51.7631241,14.3366887,75.0,24684.23,-9999.99
1,Survey1,67,17,S1_P67_O17,9,51.7631183,14.3366908,75.0,24731.93,-9999.99
1,Survey1,67,17,S1_P67_O17,10,51.7631125,14.3366929,75.0,24642.3,-9999.99
1,Survey1,67,17,S1_P67_O17,11,51.7631068,14.336695,75.0,24754.71,-9999.99
1,Survey1,67,17,S1_P67_O17,12,51.7631005,14.3366969,75.0,24618.58,-9999.99
1,Survey1,67,17,S1_P67_O17,13,51.7630943,14.3366988,75.0,24721.61,-9999.99
1,Survey1,67,17,S1_P67_O17,14,51.7630883,14.3367005,75.0,24755.14,-9999.99
1,Survey1,67,17,S1_P67_O17,15,51.7630823,14.3367023,75.0,24717.84,-9999.99
1,Survey1,67,17,S1_P67_O17,16,51.7630763,14.336705,75.0,24693.09,-9999.99
1,Survey1,67,17,S1_P67_O17,17,51.7630703,14.3367078,75.0,24650.76,-9999.99
1,Survey1,67,17,S1_P67_O17,18,51.7630639,14.3367097,75.0,24770.67,-9999.99
1,Survey1,67,17,S1_P67_O17,19,51.7630576,14.3367117,75.0,24738.74,-9999.99
1,Survey1,67,17,S1_P67_O17,20,51.7630512,14.3367141,75.0,24743.77,-9999.99
1,Survey1,67,17,S1_P67_O17,21,51.7630449,14.3367166,75.0,24689.08,-9999.99
1,Survey1,67,17,S1_P67_O17,22,51.7630387,14.3367189,75.0,24747.42,-9999.99
1,Survey1,67,17,S1_P67_O17,23,51.7630325,14.3367212,75.0,24692.6,-9999.99
1,Survey1,67,17,S1_P67_O17,24,51.7630259,14.3367233,75.0,24741.42,-9999.99
1,Survey1,67,17,S1_P67_O17,25,51.7630194,14.3367254,75.0,24669.78,-9999.99
1,Survey1,67,17,S1_P67_O17,26,51.7630131,14.3367277,75.0,24756.74,-9999.99
1,Survey1,67,17,S1_P67_O17,27,51.7630069,14.33673,75.0,24657.31,-9999.99
1,Survey1,67,17,S1_P67_O17,28,51.7630008,14.3367322,75.0,24538.55,-9999.99
1,Survey1,67,17,S1_P67_O17,29,51.7629947,14.3367345,75.0,24586.54,-9999.99
1,Survey1,67,17,S1_P67_O17,30,51.7629888,14.3367364,75.0,24571.66,-9999.99
1,Survey1,67,17,S1_P67_O17,31,51.762983,14.3367384,75.0,24540.95,-9999.99
1,Survey1,67,17,S1_P67_O17,32,51.762978,14.3367404,75.0,24862.38,-9999.99
1,Survey1,67,17,S1_P67_O17,33,51.762973,14.3367425,75.0,24799.71,-9999.99
1,Survey1,67,17,S1_P67_O17,34,51.762973,14.3367425,75.0,24799.71,-9999.99
1,Survey1,68,18,S1_P68_O18,1,51.7629667,14.3367315,76.0,24720.74,-9999.99
1,Survey1,68,18,S1_P68_O18,2,51.7629719,14.3367293,76.0,24792.69,-9999.99
1,Survey1,68,18,S1_P68_O18,3,51.7629772,14.3367272,76.0,24502.5,-9999.99
1,Survey1,68,18,S1_P68_O18,4,51.7629831,14.336725,76.0,24620.58,-9999.99
1,Survey1,68,18,S1_P68_O18,5,51.7629891,14.3367228,76.0,24688.65,-9999.99
1,Survey1,68,18,S1_P68_O18,6,51.7629952,14.3367197,76.0,24676.0,-9999.99
1,Survey1,68,18,S1_P68_O18,7,51.7630013,14.3367166,75.0,24721.46,-9999.99
1,Survey1,68,18,S1_P68_O18,8,51.7630076,14.3367138,75.0,24690.46,-9999.99
1,Survey1,68,18,S1_P68_O18,9,51.7630139,14.336711,75.0,24530.63,-9999.99
1,Survey1,68,18,S1_P68_O18,10,51.7630205,14.336709,75.0,24750.86,-9999.99
1,Survey1,68,18,S1_P68_O18,11,51.7630271,14.3367071,75.0,24698.5,-9999.99
1,Survey1,68,18,S1_P68_O18,12,51.7630336,14.3367046,75.0,24676.78,-9999.99
1,Survey1,68,18,S1_P68_O18,13,51.7630401,14.3367022,75.0,24691.72,-9999.99
1,Survey1,68,18,S1_P68_O18,14,51.7630464,14.3366997,75.0,24674.79,-9999.99
1,Survey1,68,18,S1_P68_O18,15,51.7630527,14.3366972,74.0,24671.54,-9999.99
1,Survey1,68,18,S1_P68_O18,16,51.7630589,14.3366951,74.0,24635.09,-9999.99
1,Survey1,68,18,S1_P68_O18,17,51.7630651,14.3366931,74.0,24631.51,-9999.99
1,Survey1,68,18,S1_P68_O18,18,51.7630716,14.3366904,74.0,24628.54,-9999.99
1,Survey1,68,18,S1_P68_O18,19,51.7630782,14.3366877,74.0,24714.66,-9999.99
1,Survey1,68,18,S1_P68_O18,20,51.7630838,14.3366857,74.0,24640.76,-9999.99
1,Survey1,68,18,S1_P68_O18,21,51.7630894,14.3366837,74.0,24732.08,-9999.99
1,Survey1,68,18,S1_P68_O18,22,51.7630915,14.3366825,74.0,24755.21,-9999.99
1,Survey1,68,18,S1_P68_O18,23,51.7630936,14.3366814,74.0,24762.19,-9999.99
1,Survey1,68,18,S1_P68_O18,24,51.763096,14.3366809,74.0,24725.87,-9999.99
1,Survey1,68,18,S1_P68_O18,25,51.7630984,14.3366805,74.0,24780.52,-9999.99
1,Survey1,68,18,S1_P68_O18,26,51.7631044,14.3366781,74.0,24714.12,-9999.99
1,Survey1,68,18,S1_P68_O18,27,51.7631105,14.3366758,73.0,24733.27,-9999.99
1,Survey1,68,18,S1_P68_O18,28,51.763116,14.3366735,73.0,24701.36,-9999.99
1,Survey1,68,18,S1_P68_O18,29,51.7631215,14.3366712,73.0,24766.09,-9999.99
1,Survey1,68,18,S1_P68_O18,30,51.7631281,14.3366688,73.0,24742.02,-9999.99
1,Survey1,68,18,S1_P68_O18,31,51.7631347,14.3366665,73.0,24728.53,-9999.99
1,Survey1,68,18,S1_P68_O18,32,51.7631403,14.3366642,73.0,24711.89,-9999.99
1,Survey1,68,18,S1_P68_O18,33,51.7631459,14.336662,73.0,24748.28,-9999.99
1,Survey1,68,18,S1_P68_O18,34,51.7631523,14.3366598,73.0,24667.97,-9999.99
1,Survey1,68,18,S1_P68_O18,35,51.7631587,14.3366576,73.0,24677.33,-9999.99
1,Survey1,68,18,S1_P68_O18,36,51.7631641,14.3366554,73.0,24705.49,-9999.99
1,Survey1,68,18,S1_P68_O18,37,51.7631695,14.3366533,73.0,24732.61,-9999.99
1,Survey1,68,18,S1_P68_O18,38,51.7631743,14.3366519,73.0,24648.93,-9999.99
1,Survey1,68,18,S1_P68_O18,39,51.7631792,14.3366506,73.0,24473.14,-9999.99
1,Survey1,68,18,S1_P68_O18,40,51.7631819,14.3366487,73.0,24017.38,-9999.99
1,Survey1,68,18,S1_P68_O18,41,51.7631847,14.3366468,73.0,23953.81,-9999.99
1,Survey1,68,18,S1_P68_O18,42,51.7631844,14.3366461,73.0,21153.62,-9999.99
1,Survey1,68,18,S1_P68_O18,43,51.7631842,14.3366454,73.0,23275.78,-9999.99
1,Survey1,68,18,S1_P68_O18,44,51.7631838,14.3366443,73.0,19467.32,-9999.99
1,Survey1,68,18,S1_P68_O18,45,51.7631835,14.3366433,74.0,22858.83,-9999.99
1,Survey1,68,18,S1_P68_O18,46,51.7631841,14.3366431,74.0,17786.38,-9999.99
1,Survey1,68,18,S1_P68_O18,47,51.7631848,14.3366429,73.0,21956.05,-9999.99
1,Survey1,68,18,S1_P68_O18,48,51.7631848,14.3366429,73.0,21956.05,-9999.99
1,Survey1,69,19,S1_P69_O19,1,51.7631778,14.3366247,76.0,17637.95,-9999.99
1,Survey1,69,19,S1_P69_O19,2,51.7631736,14.3366277,76.0,17804.38,-9999.99
1,Survey1,69,19,S1_P69_O19,3,51.7631695,14.3366308,76.0,17710.12,-9999.99
1,Survey1,69,19,S1_P69_O19,4,51.763164,14.3366323,76.0,17633.81,-9999.99
1,Survey1,69,19,S1_P69_O19,5,51.7631586,14.3366339,76.0,17709.19,-9999.99
1,Survey1,69,19,S1_P69_O19,6,51.7631525,14.3366364,76.0,17934.99,-9999.99
1,Survey1,69,19,S1_P69_O19,7,51.7631465,14.3366389,76.0,17797.38,-9999.99
1,Survey1,69,19,S1_P69_O19,8,51.7631396,14.3366417,76.0,17657.68,-9999.99
1,Survey1,69,19,S1_P69_O19,9,51.7631328,14.3366446,75.0,17707.91,-9999.99
1,Survey1,69,19,S1_P69_O19,10,51.763126,14.3366475,75.0,17788.7,-9999.99
1,Survey1,69,19,S1_P69_O19,11,51.7631193,14.3366505,75.0,17638.74,-9999.99
1,Survey1,69,19,S1_P69_O19,12,51.7631128,14.3366531,75.0,17860.2,-9999.99
1,Survey1,69,19,S1_P69_O19,13,51.7631064,14.3366557,75.0,17775.13,-9999.99
1,Survey1,69,19,S1_P69_O19,14,51.7631006,14.3366582,75.0,17778.54,-9999.99
1,Survey1,69,19,S1_P69_O19,15,51.7630949,14.3366608,75.0,17731.8,-9999.99
1,Survey1,69,19,S1_P69_O19,16,51.7630886,14.3366632,75.0,17648.18,-9999.99
1,Survey1,69,19,S1_P69_O19,17,51.7630823,14.3366656,75.0,17757.6,-9999.99
1,Survey1,69,19,S1_P69_O19,18,51.7630761,14.3366683,75.0,17832.48,-9999.99
1,Survey1,69,19,S1_P69_O19,19,51.76307,14.3366711,74.0,17670.87,-9999.99
1,Survey1,69,19,S1_P69_O19,20,51.7630627,14.3366728,74.0,17804.62,-9999.99
1,Survey1,69,19,S1_P69_O19,21,51.7630555,14.3366746,74.0,17767.84,-9999.99
1,Survey1,69,19,S1_P69_O19,22,51.7630493,14.3366776,74.0,17813.6,-9999.99
1,Survey1,69,19,S1_P69_O19,23,51.7630432,14.3366807,74.0,17771.0,-9999.99
1,Survey1,69,19,S1_P69_O19,24,51.7630365,14.3366831,74.0,17809.21,-9999.99
1,Survey1,69,19,S1_P69_O19,25,51.7630298,14.3366856,74.0,17784.87,-9999.99
1,Survey1,69,19,S1_P69_O19,26,51.7630235,14.3366875,74.0,17827.24,-9999.99
1,Survey1,69,19,S1_P69_O19,27,51.7630173,14.3366895,74.0,17693.57,-9999.99
1,Survey1,69,19,S1_P69_O19,28,51.7630111,14.3366919,74.0,17712.18,-9999.99
1,Survey1,69,19,S1_P69_O19,29,51.763005,14.3366943,74.0,17688.27,-9999.99
1,Survey1,69,19,S1_P69_O19,30,51.762999,14.3366969,74.0,17908.86,-9999.99
1,Survey1,69,19,S1_P69_O19,31,51.7629931,14.3366996,74.0,17705.99,-9999.99
1,Survey1,69,19,S1_P69_O19,32,51.7629871,14.3367021,74.0,17772.58,-9999.99
1,Survey1,69,19,S1_P69_O19,33,51.7629811,14.3367046,74.0,17736.88,-9999.99
1,Survey1,69,19,S1_P69_O19,34,51.7629752,14.3367064,74.0,17692.33,-9999.99
1,Survey1,69,19,S1_P69_O19,35,51.7629693,14.3367083,74.0,17860.2,-9999.99
1,Survey1,69,19,S1_P69_O19,36,51.7629649,14.3367096,74.0,17913.21,-9999.99
1,Survey1,69,19,S1_P69_O19,37,51.7629606,14.3367109,74.0,17749.46,-9999.99
1,Survey1,69,19,S1_P69_O19,38,51.7629581,14.3367102,74.0,17795.31,-9999.99
1,Survey1,69,19,S1_P69_O19,39,51.7629557,14.3367096,74.0,17781.08,-9999.99
1,Survey1,69,19,S1_P69_O19,40,51.7629557,14.3367096,74.0,17781.08,-9999.99
1,Survey1,70,20,S1_P70_O20,1,51.7629618,14.3367078,73.0,17738.9,-9999.99
1,Survey1,70,20,S1_P70_O20,2,51.7629657,14.3367065,73.0,17691.56,-9999.99
1,Survey1,70,20,S1_P70_O20,3,51.7629697,14.3367053,73.0,17671.55,-9999.99
1,Survey1,70,20,S1_P70_O20,4,51.7629753,14.3367025,73.0,17687.5,-9999.99
1,Survey1,70,20,S1_P70_O20,5,51.762981,14.3366997,73.0,17709.19,-9999.99
1,Survey1,70,20,S1_P70_O20,6,51.7629868,14.3366976,73.0,17659.91,-9999.99
1,Survey1,70,20,S1_P70_O20,7,51.7629927,14.3366956,73.0,17751.63,-9999.99
1,Survey1,70,20,S1_P70_O20,8,51.762999,14.3366933,73.0,17645.55,-9999.99
1,Survey1,70,20,S1_P70_O20,9,51.7630053,14.336691,73.0,17737.68,-9999.99
1,Survey1,70,20,S1_P70_O20,10,51.7630114,14.3366886,73.0,17721.5,-9999.99
1,Survey1,70,20,S1_P70_O20,11,51.7630175,14.3366863,73.0,17709.23,-9999.99
1,Survey1,70,20,S1_P70_O20,12,51.7630237,14.3366837,73.0,17731.71,-9999.99
1,Survey1,70,20,S1_P70_O20,13,51.7630299,14.3366811,73.0,17714.01,-9999.99
1,Survey1,70,20,S1_P70_O20,14,51.7630364,14.3366786,73.0,17747.27,-9999.99
1,Survey1,70,20,S1_P70_O20,15,51.763043,14.3366762,73.0,17791.45,-9999.99
1,Survey1,70,20,S1_P70_O20,16,51.7630494,14.3366744,73.0,17750.17,-9999.99
1,Survey1,70,20,S1_P70_O20,17,51.7630558,14.3366726,73.0,17744.3,-9999.99
1,Survey1,70,20,S1_P70_O20,18,51.7630624,14.3366699,73.0,17709.19,-9999.99
1,Survey1,70,20,S1_P70_O20,19,51.763069,14.3366672,73.0,17694.6,-9999.99
1,Survey1,70,20,S1_P70_O20,20,51.7630749,14.3366649,73.0,17715.33,-9999.99
1,Survey1,70,20,S1_P70_O20,21,51.7630809,14.3366626,73.0,17768.44,-9999.99
1,Survey1,70,20,S1_P70_O20,22,51.7630871,14.33666,73.0,17734.01,-9999.99
1,Survey1,70,20,S1_P70_O20,23,51.7630933,14.3366575,73.0,17746.1,-9999.99
1,Survey1,70,20,S1_P70_O20,24,51.7630993,14.3366559,73.0,17733.3,-9999.99
1,Survey1,70,20,S1_P70_O20,25,51.7631053,14.3366543,73.0,17728.72,-9999.99
1,Survey1,70,20,S1_P70_O20,26,51.7631114,14.3366519,73.0,17751.49,-9999.99
1,Survey1,70,20,S1_P70_O20,27,51.7631176,14.3366496,73.0,17710.19,-9999.99
1,Survey1,70,20,S1_P70_O20,28,51.7631234,14.3366467,73.0,17777.26,-9999.99
1,Survey1,70,20,S1_P70_O20,29,51.7631293,14.3366439,73.0,17727.1,-9999.99
1,Survey1,70,20,S1_P70_O20,30,51.7631353,14.3366415,73.0,17653.87,-9999.99
1,Survey1,70,20,S1_P70_O20,31,51.7631413,14.3366391,73.0,17629.85,-9999.99
1,Survey1,70,20,S1_P70_O20,32,51.763147,14.3366371,73.0,17755.22,-9999.99
1,Survey1,70,20,S1_P70_O20,33,51.7631527,14.3366352,73.0,17732.71,-9999.99
1,Survey1,70,20,S1_P70_O20,34,51.7631582,14.3366328,73.0,17649.12,-9999.99
1,Survey1,70,20,S1_P70_O20,35,51.7631638,14.3366305,73.0,17780.05,-9999.99
1,Survey1,70,20,S1_P70_O20,36,51.7631687,14.3366288,73.0,17762.65,-9999.99
1,Survey1,70,20,S1_P70_O20,37,51.7631736,14.3366271,73.0,17746.76,-9999.99
1,Survey1,70,20,S1_P70_O20,38,51.7631736,14.3366271,73.0,17746.76,-9999.99
1,Survey1,71,21,S1_P71_O21,1,51.7631718,14.3366099,73.0,17652.75,-9999.99
1,Survey1,71,21,S1_P71_O21,2,51.7631669,14.3366115,73.0,17616.0,-9999.99
1,Survey1,71,21,S1_P71_O21,3,51.763162,14.3366131,73.0,17701.78,-9999.99
1,Survey1,71,21,S1_P71_O21,4,51.763156,14.3366157,73.0,17638.03,-9999.99
1,Survey1,71,21,S1_P71_O21,5,51.76315,14.3366184,74.0,17712.49,-9999.99
1,Survey1,71,21,S1_P71_O21,6,51.7631443,14.3366214,74.0,17615.69,-9999.99
1,Survey1,71,21,S1_P71_O21,7,51.7631387,14.3366244,74.0,17712.49,-9999.99
1,Survey1,71,21,S1_P71_O21,8,51.7631329,14.3366265,74.0,17718.65,-9999.99
1,Survey1,71,21,S1_P71_O21,9,51.7631272,14.3366287,74.0,17754.55,-9999.99
1,Survey1,71,21,S1_P71_O21,10,51.7631214,14.3366309,74.0,17690.89,-9999.99
1,Survey1,71,21,S1_P71_O21,11,51.7631157,14.3366332,74.0,17738.87,-9999.99
1,Survey1,71,21,S1_P71_O21,12,51.7631099,14.3366355,74.0,17754.9,-9999.99
1,Survey1,71,21,S1_P71_O21,13,51.7631041,14.3366379,74.0,17688.9,-9999.99
1,Survey1,71,21,S1_P71_O21,14,51.7630982,14.3366404,74.0,17650.44,-9999.99
1,Survey1,71,21,S1_P71_O21,15,51.7630923,14.336643,74.0,17743.13,-9999.99
1,Survey1,71,21,S1_P71_O21,16,51.7630868,14.3366453,74.0,17781.02,-9999.99
1,Survey1,71,21,S1_P71_O21,17,51.7630813,14.3366476,74.0,17769.4,-9999.99
1,Survey1,71,21,S1_P71_O21,18,51.7630752,14.3366501,74.0,17724.85,-9999.99
1,Survey1,71,21,S1_P71_O21,19,51.7630691,14.3366527,74.0,17752.5,-9999.99
1,Survey1,71,21,S1_P71_O21,20,51.7630633,14.336655,74.0,17724.14,-9999.99
1,Survey1,71,21,S1_P71_O21,21,51.7630575,14.3366574,74.0,17712.6,-9999.99
1,Survey1,71,21,S1_P71_O21,22,51.7630511,14.3366595,74.0,17725.35,-9999.99
1,Survey1,71,21,S1_P71_O21,23,51.7630448,14.3366617,74.0,17673.22,-9999.99
1,Survey1,71,21,S1_P71_O21,24,51.763039,14.3366638,74.0,17614.8,-9999.99
1,Survey1,71,21,S1_P71_O21,25,51.7630332,14.336666,74.0,17696.58,-9999.99
1,Survey1,71,21,S1_P71_O21,26,51.7630272,14.3366683,74.0,17494.75,-9999.99
1,Survey1,71,21,S1_P71_O21,27,51.7630212,14.3366706,74.0,17743.75,-9999.99
1,Survey1,71,21,S1_P71_O21,28,51.7630149,14.3366726,74.0,17751.65,-9999.99
1,Survey1,71,21,S1_P71_O21,29,51.7630087,14.3366747,74.0,17729.79,-9999.99
1,Survey1,71,21,S1_P71_O21,30,51.7630029,14.336677,74.0,17816.53,-9999.99
1,Survey1,71,21,S1_P71_O21,31,51.7629972,14.3366794,74.0,17596.48,-9999.99
1,Survey1,71,21,S1_P71_O21,32,51.7629915,14.3366814,74.0,17689.56,-9999.99
1,Survey1,71,21,S1_P71_O21,33,51.7629859,14.3366834,74.0,17755.51,-9999.99
1,Survey1,71,21,S1_P71_O21,34,51.7629803,14.3366856,74.0,17636.61,-9999.99
1,Survey1,71,21,S1_P71_O21,35,51.7629747,14.3366878,74.0,17691.04,-9999.99
1,Survey1,71,21,S1_P71_O21,36,51.7629696,14.3366894,74.0,17688.35,-9999.99
1,Survey1,71,21,S1_P71_O21,37,51.7629645,14.3366911,74.0,17632.49,-9999.99
1,Survey1,71,21,S1_P71_O21,38,51.7629603,14.3366914,74.0,17633.34,-9999.99
1,Survey1,71,21,S1_P71_O21,39,51.7629562,14.3366918,74.0,17637.28,-9999.99
1,Survey1,71,21,S1_P71_O21,40,51.7629562,14.3366918,74.0,17637.28,-9999.99
1,Survey1,72,22,S1_P72_O22,1,51.7629649,14.3366812,73.0,17619.72,-9999.99
1,Survey1,72,22,S1_P72_O22,2,51.7629704,14.3366808,73.0,17611.98,-9999.99
1,Survey1,72,22,S1_P72_O22,3,51.762976,14.3366804,73.0,17674.65,-9999.99
1,Survey1,72,22,S1_P72_O22,4,51.7629809,14.3366776,73.0,17669.13,-9999.99
1,Survey1,72,22,S1_P72_O22,5,51.7629859,14.3366749,73.0,17643.66,-9999.99
1,Survey1,72,22,S1_P72_O22,6,51.7629919,14.3366726,73.0,17722.77,-9999.99
1,Survey1,72,22,S1_P72_O22,7,51.7629979,14.3366704,73.0,17695.57,-9999.99
1,Survey1,72,22,S1_P72_O22,8,51.7630032,14.3366689,73.0,17738.52,-9999.99
1,Survey1,72,22,S1_P72_O22,9,51.7630085,14.3366675,73.0,17649.69,-9999.99
1,Survey1,72,22,S1_P72_O22,10,51.7630145,14.3366646,73.0,17749.05,-9999.99
1,Survey1,72,22,S1_P72_O22,11,51.7630206,14.3366617,73.0,17731.59,-9999.99
1,Survey1,72,22,S1_P72_O22,12,51.7630265,14.3366599,73.0,17745.19,-9999.99
1,Survey1,72,22,S1_P72_O22,13,51.7630324,14.3366582,73.0,17536.09,-9999.99
1,Survey1,72,22,S1_P72_O22,14,51.7630384,14.3366556,73.0,17790.92,-9999.99
1,Survey1,72,22,S1_P72_O22,15,51.7630445,14.3366531,73.0,17701.87,-9999.99
1,Survey1,72,22,S1_P72_O22,16,51.7630506,14.33665,73.0,17650.91,-9999.99
1,Survey1,72,22,S1_P72_O22,17,51.7630567,14.336647,73.0,17690.01,-9999.99
1,Survey1,72,22,S1_P72_O22,18,51.7630629,14.3366442,73.0,17649.01,-9999.99
1,Survey1,72,22,S1_P72_O22,19,51.7630692,14.3366414,73.0,17664.63,-9999.99
1,Survey1,72,22,S1_P72_O22,20,51.763075,14.3366396,73.0,17731.34,-9999.99
1,Survey1,72,22,S1_P72_O22,21,51.7630808,14.3366378,73.0,17712.22,-9999.99
1,Survey1,72,22,S1_P72_O22,22,51.7630866,14.3366343,73.0,17743.91,-9999.99
1,Survey1,72,22,S1_P72_O22,23,51.7630925,14.3366309,73.0,17736.49,-9999.99
1,Survey1,72,22,S1_P72_O22,24,51.7630979,14.3366289,73.0,17659.24,-9999.99
1,Survey1,72,22,S1_P72_O22,25,51.7631034,14.336627,73.0,17712.6,-9999.99
1,Survey1,72,22,S1_P72_O22,26,51.7631092,14.3366246,73.0,17766.04,-9999.99
1,Survey1,72,22,S1_P72_O22,27,51.763115,14.3366222,74.0,17632.34,-9999.99
1,Survey1,72,22,S1_P72_O22,28,51.7631207,14.3366202,74.0,17723.03,-9999.99
1,Survey1,72,22,S1_P72_O22,29,51.7631264,14.3366183,74.0,17786.96,-9999.99
1,Survey1,72,22,S1_P72_O22,30,51.7631321,14.3366162,74.0,17647.53,-9999.99
1,Survey1,72,22,S1_P72_O22,31,51.7631378,14.3366141,74.0,17645.32,-9999.99
1,Survey1,72,22,S1_P72_O22,32,51.7631435,14.3366114,74.0,17780.69,-9999.99
1,Survey1,72,22,S1_P72_O22,33,51.7631493,14.3366088,74.0,17762.5,-9999.99
1,Survey1,72,22,S1_P72_O22,34,51.7631544,14.3366067,74.0,17667.45,-9999.99
1,Survey1,72,22,S1_P72_O22,35,51.7631596,14.3366046,74.0,17686.09,-9999.99
1,Survey1,72,22,S1_P72_O22,36,51.7631636,14.3366024,74.0,17653.52,-9999.99
1,Survey1,72,22,S1_P72_O22,37,51.7631677,14.3366002,74.0,17778.06,-9999.99
1,Survey1,72,22,S1_P72_O22,38,51.7631677,14.3366002,74.0,17778.06,-9999.99
1,Survey1,73,23,S1_P73_O23,1,51.7631577,14.3365861,74.0,17621.46,-9999.99
1,Survey1,73,23,S1_P73_O23,2,51.7631531,14.3365878,74.0,17625.09,-9999.99
1,Survey1,73,23,S1_P73_O23,3,51.7631485,14.3365895,74.0,17637.71,-9999.99
1,Survey1,73,23,S1_P73_O23,4,51.7631433,14.336592,74.0,17632.86,-9999.99
1,Survey1,73,23,S1_P73_O23,5,51.7631381,14.3365945,74.0,17637.9,-9999.99
1,Survey1,73,23,S1_P73_O23,6,51.7631324,14.3365972,74.0,17647.52,-9999.99
1,Survey1,73,23,S1_P73_O23,7,51.7631268,14.3366,74.0,17640.47,-9999.99
1,Survey1,73,23,S1_P73_O23,8,51.7631218,14.3366024,74.0,17732.96,-9999.99
1,Survey1,73,23,S1_P73_O23,9,51.7631168,14.3366048,74.0,17619.97,-9999.99
1,Survey1,73,23,S1_P73_O23,10,51.7631112,14.336607,74.0,17744.5,-9999.99
1,Survey1,73,23,S1_P73_O23,11,51.7631056,14.3366092,75.0,17670.2,-9999.99
1,Survey1,73,23,S1_P73_O23,12,51.7630998,14.3366112,75.0,17643.68,-9999.99
1,Survey1,73,23,S1_P73_O23,13,51.763094,14.3366133,74.0,17632.44,-9999.99
1,Survey1,73,23,S1_P73_O23,14,51.7630882,14.3366155,74.0,17629.03,-9999.99
1,Survey1,73,23,S1_P73_O23,15,51.7630824,14.3366178,74.0,17613.57,-9999.99
1,Survey1,73,23,S1_P73_O23,16,51.7630767,14.3366205,74.0,17628.58,-9999.99
1,Survey1,73,23,S1_P73_O23,17,51.763071,14.3366233,74.0,17609.22,-9999.99
1,Survey1,73,23,S1_P73_O23,18,51.7630652,14.3366258,74.0,17613.24,-9999.99
1,Survey1,73,23,S1_P73_O23,19,51.7630594,14.3366284,74.0,17694.71,-9999.99
1,Survey1,73,23,S1_P73_O23,20,51.7630535,14.3366309,74.0,17622.43,-9999.99
1,Survey1,73,23,S1_P73_O23,21,51.7630477,14.3366334,75.0,17707.14,-9999.99
1,Survey1,73,23,S1_P73_O23,22,51.7630417,14.3366365,75.0,17626.47,-9999.99
1,Survey1,73,23,S1_P73_O23,23,51.7630357,14.3366396,75.0,17672.09,-9999.99
1,Survey1,73,23,S1_P73_O23,24,51.7630294,14.3366419,75.0,17638.14,-9999.99
1,Survey1,73,23,S1_P73_O23,25,51.7630231,14.3366442,75.0,17601.46,-9999.99
1,Survey1,73,23,S1_P73_O23,26,51.7630171,14.3366461,75.0,17848.37,-9999.99
1,Survey1,73,23,S1_P73_O23,27,51.7630112,14.3366481,75.0,17706.23,-9999.99
1,Survey1,73,23,S1_P73_O23,28,51.7630055,14.3366503,75.0,17691.44,-9999.99
1,Survey1,73,23,S1_P73_O23,29,51.7629999,14.3366525,75.0,17682.37,-9999.99
1,Survey1,73,23,S1_P73_O23,30,51.7629936,14.3366553,75.0,17711.8,-9999.99
1,Survey1,73,23,S1_P73_O23,31,51.7629874,14.3366581,75.0,17661.93,-9999.99
1,Survey1,73,23,S1_P73_O23,32,51.7629817,14.3366605,75.0,17710.73,-9999.99
1,Survey1,73,23,S1_P73_O23,33,51.762976,14.336663,75.0,17576.02,-9999.99
1,Survey1,73,23,S1_P73_O23,34,51.7629704,14.3366646,75.0,18312.61,-9999.99
1,Survey1,73,23,S1_P73_O23,35,51.7629648,14.3366663,75.0,17607.64,-9999.99
1,Survey1,73,23,S1_P73_O23,36,51.7629599,14.3366682,75.0,17722.31,-9999.99
1,Survey1,73,23,S1_P73_O23,37,51.7629551,14.3366701,75.0,17612.15,-9999.99
1,Survey1,73,23,S1_P73_O23,38,51.762951,14.3366707,75.0,17706.48,-9999.99
1,Survey1,73,23,S1_P73_O23,39,51.762947,14.3366713,75.0,17589.29,-9999.99
1,Survey1,73,23,S1_P73_O23,40,51.762947,14.3366713,75.0,17589.29,-9999.99
1,Survey1,74,24,S1_P74_O24,1,51.7629524,14.336666,75.0,17768.74,-9999.99
1,Survey1,74,24,S1_P74_O24,2,51.7629579,14.3366637,75.0,17682.03,-9999.99
1,Survey1,74,24,S1_P74_O24,3,51.7629634,14.3366615,75.0,17722.89,-9999.99
1,Survey1,74,24,S1_P74_O24,4,51.7629692,14.3366593,75.0,17620.45,-9999.99
1,Survey1,74,24,S1_P74_O24,5,51.7629751,14.3366572,75.0,17783.0,-9999.99
1,Survey1,74,24,S1_P74_O24,6,51.7629811,14.336655,75.0,17724.65,-9999.99
1,Survey1,74,24,S1_P74_O24,7,51.7629871,14.3366529,76.0,17669.33,-9999.99
1,Survey1,74,24,S1_P74_O24,8,51.7629934,14.3366506,76.0,17670.81,-9999.99
1,Survey1,74,24,S1_P74_O24,9,51.7629997,14.3366483,76.0,17619.78,-9999.99
1,Survey1,74,24,S1_P74_O24,10,51.7630059,14.3366454,76.0,17634.75,-9999.99
1,Survey1,74,24,S1_P74_O24,11,51.7630122,14.3366426,76.0,17730.98,-9999.99
1,Survey1,74,24,S1_P74_O24,12,51.7630181,14.3366403,76.0,17725.69,-9999.99
1,Survey1,74,24,S1_P74_O24,13,51.7630241,14.336638,76.0,17575.68,-9999.99
1,Survey1,74,24,S1_P74_O24,14,51.7630301,14.3366356,76.0,17749.89,-9999.99
1,Survey1,74,24,S1_P74_O24,15,51.7630361,14.3366332,76.0,17680.94,-9999.99
1,Survey1,74,24,S1_P74_O24,16,51.7630419,14.3366303,76.0,17721.73,-9999.99
1,Survey1,74,24,S1_P74_O24,17,51.7630478,14.3366274,76.0,17724.33,-9999.99
1,Survey1,74,24,S1_P74_O24,18,51.763054,14.3366251,76.0,17759.26,-9999.99
1,Survey1,74,24,S1_P74_O24,19,51.7630602,14.3366229,76.0,17640.31,-9999.99
1,Survey1,74,24,S1_P74_O24,20,51.763066,14.3366204,76.0,17719.74,-9999.99
1,Survey1,74,24,S1_P74_O24,21,51.7630719,14.3366179,76.0,17731.48,-9999.99
1,Survey1,74,24,S1_P74_O24,22,51.7630778,14.3366153,76.0,17648.48,-9999.99
1,Survey1,74,24,S1_P74_O24,23,51.7630837,14.3366128,76.0,17747.22,-9999.99
1,Survey1,74,24,S1_P74_O24,24,51.7630897,14.3366103,76.0,17767.11,-9999.99
1,Survey1,74,24,S1_P74_O24,25,51.7630957,14.3366079,76.0,17686.52,-9999.99
1,Survey1,74,24,S1_P74_O24,26,51.7631014,14.3366051,76.0,17731.86,-9999.99
1,Survey1,74,24,S1_P74_O24,27,51.7631071,14.3366023,76.0,17750.08,-9999.99
1,Survey1,74,24,S1_P74_O24,28,51.7631131,14.3365998,76.0,17653.6,-9999.99
1,Survey1,74,24,S1_P74_O24,29,51.7631191,14.3365973,76.0,17650.93,-9999.99
1,Survey1,74,24,S1_P74_O24,30,51.7631247,14.3365955,76.0,17755.08,-9999.99
1,Survey1,74,24,S1_P74_O24,31,51.7631304,14.3365938,76.0,17722.75,-9999.99
1,Survey1,74,24,S1_P74_O24,32,51.7631362,14.3365911,76.0,17742.2,-9999.99
1,Survey1,74,24,S1_P74_O24,33,51.763142,14.3365885,76.0,17722.0,-9999.99
1,Survey1,74,24,S1_P74_O24,34,51.7631478,14.3365864,76.0,17742.36,-9999.99
1,Survey1,74,24,S1_P74_O24,35,51.7631537,14.3365843,76.0,17632.07,-9999.99
1,Survey1,74,24,S1_P74_O24,36,51.7631579,14.3365816,76.0,17741.76,-9999.99
1,Survey1,74,24,S1_P74_O24,37,51.7631622,14.3365789,76.0,17738.96,-9999.99
1,Survey1,74,24,S1_P74_O24,38,51.763165,14.3365786,76.0,17639.45,-9999.99
1,Survey1,74,24,S1_P74_O24,39,51.7631679,14.3365784,76.0,17646.03,-9999.99
1,Survey1,74,24,S1_P74_O24,40,51.7631681,14.3365777,76.0,17690.86,-9999.99
1,Survey1,74,24,S1_P74_O24,41,51.7631683,14.336577,76.0,17692.1,-9999.99
1,Survey1,74,24,S1_P74_O24,42,51.7631683,14.3365737,76.0,17636.89,-9999.99
1,Survey1,74,24,S1_P74_O24,43,51.7631683,14.3365705,76.0,17624.85,-9999.99
1,Survey1,74,24,S1_P74_O24,44,51.7631683,14.3365705,76.0,17624.85,-9999.99
1,Survey1,75,25,S1_P75_O25,1,51.763154,14.3365564,76.0,17690.93,-9999.99
1,Survey1,75,25,S1_P75_O25,2,51.7631495,14.3365589,76.0,17648.48,-9999.99
1,Survey1,75,25,S1_P75_O25,3,51.763145,14.3365615,76.0,17777.9,-9999.99
1,Survey1,75,25,S1_P75_O25,4,51.7631392,14.3365643,76.0,17700.44,-9999.99
1,Survey1,75,25,S1_P75_O25,5,51.7631335,14.3365671,77.0,17690.53,-9999.99
1,Survey1,75,25,S1_P75_O25,6,51.763128,14.3365696,77.0,17755.31,-9999.99
1,Survey1,75,25,S1_P75_O25,7,51.7631226,14.3365721,77.0,17622.45,-9999.99
1,Survey1,75,25,S1_P75_O25,8,51.763117,14.3365752,77.0,17775.97,-9999.99
1,Survey1,75,25,S1_P75_O25,9,51.7631115,14.3365784,77.0,17827.24,-9999.99
1,Survey1,75,25,S1_P75_O25,10,51.7631058,14.3365809,77.0,17755.26,-9999.99
1,Survey1,75,25,S1_P75_O25,11,51.7631002,14.3365834,77.0,17818.58,-9999.99
1,Survey1,75,25,S1_P75_O25,12,51.7630943,14.3365857,77.0,17638.46,-9999.99
1,Survey1,75,25,S1_P75_O25,13,51.7630885,14.336588,76.0,17735.33,-9999.99
1,Survey1,75,25,S1_P75_O25,14,51.7630827,14.3365909,76.0,17728.95,-9999.99
1,Survey1,75,25,S1_P75_O25,15,51.763077,14.3365939,77.0,17761.89,-9999.99
1,Survey1,75,25,S1_P75_O25,16,51.7630711,14.3365963,77.0,17768.9,-9999.99
1,Survey1,75,25,S1_P75_O25,17,51.7630653,14.3365987,76.0,17832.1,-9999.99
1,Survey1,75,25,S1_P75_O25,18,51.763059,14.3366014,76.0,17687.77,-9999.99
1,Survey1,75,25,S1_P75_O25,19,51.7630528,14.3366041,76.0,17515.97,-9999.99
1,Survey1,75,25,S1_P75_O25,20,51.7630471,14.3366067,76.0,17503.61,-9999.99
1,Survey1,75,25,S1_P75_O25,21,51.7630414,14.3366093,76.0,17484.52,-9999.99
1,Survey1,75,25,S1_P75_O25,22,51.7630353,14.3366117,76.0,17689.88,-9999.99
1,Survey1,75,25,S1_P75_O25,23,51.7630293,14.3366141,76.0,17760.79,-9999.99
1,Survey1,75,25,S1_P75_O25,24,51.7630235,14.3366164,76.0,17793.68,-9999.99
1,Survey1,75,25,S1_P75_O25,25,51.7630177,14.3366187,76.0,17647.44,-9999.99
1,Survey1,75,25,S1_P75_O25,26,51.7630113,14.3366214,76.0,17755.15,-9999.99
1,Survey1,75,25,S1_P75_O25,27,51.763005,14.3366241,76.0,17763.34,-9999.99
1,Survey1,75,25,S1_P75_O25,28,51.7629995,14.336626,76.0,17765.78,-9999.99
1,Survey1,75,25,S1_P75_O25,29,51.7629941,14.336628,76.0,17720.56,-9999.99
1,Survey1,75,25,S1_P75_O25,30,51.7629882,14.3366309,76.0,17722.99,-9999.99
1,Survey1,75,25,S1_P75_O25,31,51.7629823,14.3366338,76.0,17730.41,-9999.99
1,Survey1,75,25,S1_P75_O25,32,51.7629767,14.3366352,76.0,17768.6,-9999.99
1,Survey1,75,25,S1_P75_O25,33,51.7629712,14.3366367,76.0,17770.8,-9999.99
1,Survey1,75,25,S1_P75_O25,34,51.7629657,14.336639,76.0,17619.65,-9999.99
1,Survey1,75,25,S1_P75_O25,35,51.7629603,14.3366413,76.0,17704.69,-9999.99
1,Survey1,75,25,S1_P75_O25,36,51.7629555,14.3366428,76.0,17749.98,-9999.99
1,Survey1,75,25,S1_P75_O25,37,51.7629508,14.3366444,76.0,17840.61,-9999.99
1,Survey1,75,25,S1_P75_O25,38,51.7629469,14.3366455,76.0,17728.77,-9999.99
1,Survey1,75,25,S1_P75_O25,39,51.762943,14.3366467,76.0,17730.73,-9999.99
1,Survey1,75,25,S1_P75_O25,40,51.762943,14.3366467,76.0,17730.73,-9999.99
1,Survey1,76,26,S1_P76_O26,1,51.7629446,14.3366471,77.0,17753.29,-9999.99
1,Survey1,76,26,S1_P76_O26,2,51.7629486,14.3366451,77.0,17722.27,-9999.99
1,Survey1,76,26,S1_P76_O26,3,51.7629527,14.3366432,77.0,17700.69,-9999.99
1,Survey1,76,26,S1_P76_O26,4,51.7629586,14.3366402,77.0,17570.62,-9999.99
1,Survey1,76,26,S1_P76_O26,5,51.7629645,14.3366373,77.0,17708.19,-9999.99
1,Survey1,76,26,S1_P76_O26,6,51.76297,14.3366342,77.0,17736.67,-9999.99
1,Survey1,76,26,S1_P76_O26,7,51.7629755,14.3366312,77.0,17723.48,-9999.99
1,Survey1,76,26,S1_P76_O26,8,51.7629808,14.336629,77.0,17656.75,-9999.99
1,Survey1,76,26,S1_P76_O26,9,51.7629862,14.3366269,77.0,17651.19,-9999.99
1,Survey1,76,26,S1_P76_O26,10,51.7629918,14.3366245,77.0,17653.34,-9999.99
1,Survey1,76,26,S1_P76_O26,11,51.7629975,14.3366221,77.0,17710.3,-9999.99
1,Survey1,76,26,S1_P76_O26,12,51.7630026,14.3366211,77.0,17695.89,-9999.99
1,Survey1,76,26,S1_P76_O26,13,51.7630078,14.3366202,77.0,17577.94,-9999.99
1,Survey1,76,26,S1_P76_O26,14,51.7630139,14.3366186,77.0,17750.44,-9999.99
1,Survey1,76,26,S1_P76_O26,15,51.76302,14.336617,77.0,17472.82,-9999.99
1,Survey1,76,26,S1_P76_O26,16,51.7630256,14.3366149,77.0,18203.87,-9999.99
1,Survey1,76,26,S1_P76_O26,17,51.7630313,14.3366128,77.0,17767.52,-9999.99
1,Survey1,76,26,S1_P76_O26,18,51.7630371,14.3366109,77.0,17727.12,-9999.99
1,Survey1,76,26,S1_P76_O26,19,51.7630429,14.336609,77.0,17708.94,-9999.99
1,Survey1,76,26,S1_P76_O26,20,51.7630491,14.3366063,77.0,17734.92,-9999.99
1,Survey1,76,26,S1_P76_O26,21,51.7630554,14.3366037,77.0,17791.06,-9999.99
1,Survey1,76,26,S1_P76_O26,22,51.7630613,14.3366006,77.0,17710.01,-9999.99
1,Survey1,76,26,S1_P76_O26,23,51.7630672,14.3365975,77.0,17663.96,-9999.99
1,Survey1,76,26,S1_P76_O26,24,51.7630729,14.3365943,77.0,17771.82,-9999.99
1,Survey1,76,26,S1_P76_O26,25,51.7630786,14.3365911,77.0,17727.81,-9999.99
1,Survey1,76,26,S1_P76_O26,26,51.763084,14.3365891,77.0,17652.03,-9999.99
1,Survey1,76,26,S1_P76_O26,27,51.7630895,14.3365871,77.0,17762.97,-9999.99
1,Survey1,76,26,S1_P76_O26,28,51.7630954,14.3365842,77.0,17730.09,-9999.99
1,Survey1,76,26,S1_P76_O26,29,51.7631014,14.3365814,77.0,17757.32,-9999.99
1,Survey1,76,26,S1_P76_O26,30,51.7631072,14.3365794,77.0,17759.96,-9999.99
1,Survey1,76,26,S1_P76_O26,31,51.763113,14.3365774,76.0,17679.58,-9999.99
1,Survey1,76,26,S1_P76_O26,32,51.7631196,14.3365736,76.0,17629.28,-9999.99
1,Survey1,76,26,S1_P76_O26,33,51.7631263,14.3365699,76.0,17730.06,-9999.99
1,Survey1,76,26,S1_P76_O26,34,51.7631324,14.336567,76.0,17750.42,-9999.99
1,Survey1,76,26,S1_P76_O26,35,51.7631385,14.3365641,76.0,17744.96,-9999.99
1,Survey1,76,26,S1_P76_O26,36,51.7631441,14.3365612,76.0,17760.4,-9999.99
1,Survey1,76,26,S1_P76_O26,37,51.7631497,14.3365583,76.0,17806.34,-9999.99
1,Survey1,76,26,S1_P76_O26,38,51.7631533,14.3365569,76.0,17753.16,-9999.99
1,Survey1,76,26,S1_P76_O26,39,51.763157,14.3365555,76.0,17756.63,-9999.99
1,Survey1,76,26,S1_P76_O26,40,51.763157,14.3365555,76.0,17756.63,-9999.99
1,Survey1,77,27,S1_P77_O27,1,51.7631503,14.3365346,77.0,17773.54,-9999.99
1,Survey1,77,27,S1_P77_O27,2,51.7631503,14.3365339,77.0,17729.06,-9999.99
1,Survey1,77,27,S1_P77_O27,3,51.7631504,14.3365333,77.0,17719.61,-9999.99
1,Survey1,77,27,S1_P77_O27,4,51.7631466,14.3365355,77.0,17789.0,-9999.99
1,Survey1,77,27,S1_P77_O27,5,51.7631428,14.3365378,77.0,17782.7,-9999.99
1,Survey1,77,27,S1_P77_O27,6,51.7631369,14.3365397,77.0,17721.59,-9999.99
1,Survey1,77,27,S1_P77_O27,7,51.763131,14.3365416,77.0,17763.02,-9999.99
1,Survey1,77,27,S1_P77_O27,8,51.763125,14.3365442,77.0,17577.51,-9999.99
1,Survey1,77,27,S1_P77_O27,9,51.7631191,14.3365468,77.0,17664.37,-9999.99
1,Survey1,77,27,S1_P77_O27,10,51.7631131,14.3365491,77.0,17668.98,-9999.99
1,Survey1,77,27,S1_P77_O27,11,51.7631071,14.3365514,77.0,17660.39,-9999.99
1,Survey1,77,27,S1_P77_O27,12,51.7631012,14.3365533,77.0,17624.24,-9999.99
1,Survey1,77,27,S1_P77_O27,13,51.7630953,14.3365552,77.0,17681.18,-9999.99
1,Survey1,77,27,S1_P77_O27,14,51.7630892,14.3365577,77.0,17780.19,-9999.99
1,Survey1,77,27,S1_P77_O27,15,51.7630832,14.3365603,77.0,17664.79,-9999.99
1,Survey1,77,27,S1_P77_O27,16,51.7630772,14.3365621,77.0,17630.19,-9999.99
1,Survey1,77,27,S1_P77_O27,17,51.7630713,14.336564,77.0,17657.1,-9999.99
1,Survey1,77,27,S1_P77_O27,18,51.7630654,14.3365673,77.0,17644.42,-9999.99
1,Survey1,77,27,S1_P77_O27,19,51.7630596,14.3365706,77.0,17638.14,-9999.99
1,Survey1,77,27,S1_P77_O27,20,51.7630534,14.3365727,77.0,17560.79,-9999.99
1,Survey1,77,27,S1_P77_O27,21,51.7630473,14.3365748,77.0,17767.87,-9999.99
1,Survey1,77,27,S1_P77_O27,22,51.7630411,14.336578,77.0,17671.17,-9999.99
1,Survey1,77,27,S1_P77_O27,23,51.7630349,14.3365812,77.0,17803.71,-9999.99
1,Survey1,77,27,S1_P77_O27,24,51.7630289,14.3365838,77.0,17781.2,-9999.99
1,Survey1,77,27,S1_P77_O27,25,51.7630229,14.3365864,77.0,17821.38,-9999.99
1,Survey1,77,27,S1_P77_O27,26,51.7630163,14.336589,77.0,17750.9,-9999.99
1,Survey1,77,27,S1_P77_O27,27,51.7630097,14.3365916,76.0,17572.76,-9999.99
1,Survey1,77,27,S1_P77_O27,28,51.7630037,14.336594,76.0,17649.35,-9999.99
1,Survey1,77,27,S1_P77_O27,29,51.7629977,14.3365964,76.0,17693.15,-9999.99
1,Survey1,77,27,S1_P77_O27,30,51.7629913,14.3365985,76.0,17812.78,-9999.99
1,Survey1,77,27,S1_P77_O27,31,51.7629849,14.3366006,76.0,17832.63,-9999.99
1,Survey1,77,27,S1_P77_O27,32,51.7629788,14.3366032,76.0,17779.26,-9999.99
1,Survey1,77,27,S1_P77_O27,33,51.7629727,14.3366059,76.0,17683.67,-9999.99
1,Survey1,77,27,S1_P77_O27,34,51.7629667,14.3366083,76.0,17981.17,-9999.99
1,Survey1,77,27,S1_P77_O27,35,51.7629607,14.3366107,76.0,17644.41,-9999.99
1,Survey1,77,27,S1_P77_O27,36,51.7629551,14.336613,76.0,17622.0,-9999.99
1,Survey1,77,27,S1_P77_O27,37,51.7629496,14.3366154,76.0,17632.62,-9999.99
1,Survey1,77,27,S1_P77_O27,38,51.7629455,14.3366173,76.0,17635.24,-9999.99
1,Survey1,77,27,S1_P77_O27,39,51.7629414,14.3366192,76.0,17698.49,-9999.99
1,Survey1,77,27,S1_P77_O27,40,51.7629414,14.3366192,76.0,17698.49,-9999.99
1,Survey1,78,28,S1_P78_O28,1,51.7629422,14.3366267,77.0,17714.52,-9999.99
1,Survey1,78,28,S1_P78_O28,2,51.7629468,14.3366248,77.0,17622.74,-9999.99
1,Survey1,78,28,S1_P78_O28,3,51.7629515,14.336623,77.0,17661.84,-9999.99
1,Survey1,78,28,S1_P78_O28,4,51.7629573,14.33662,77.0,17636.4,-9999.99
1,Survey1,78,28,S1_P78_O28,5,51.7629631,14.336617,77.0,16934.1,-9999.99
1,Survey1,78,28,S1_P78_O28,6,51.7629686,14.3366149,77.0,17644.96,-9999.99
1,Survey1,78,28,S1_P78_O28,7,51.7629741,14.3366129,77.0,17695.05,-9999.99
1,Survey1,78,28,S1_P78_O28,8,51.7629802,14.3366102,77.0,17577.54,-9999.99
1,Survey1,78,28,S1_P78_O28,9,51.7629863,14.3366076,77.0,17578.42,-9999.99
1,Survey1,78,28,S1_P78_O28,10,51.7629923,14.336605,77.0,17582.67,-9999.99
1,Survey1,78,28,S1_P78_O28,11,51.7629983,14.3366025,77.0,17652.55,-9999.99
1,Survey1,78,28,S1_P78_O28,12,51.7630043,14.3365997,77.0,17679.48,-9999.99
1,Survey1,78,28,S1_P78_O28,13,51.7630104,14.3365969,77.0,17642.96,-9999.99
1,Survey1,78,28,S1_P78_O28,14,51.7630163,14.3365943,77.0,17793.89,-9999.99
1,Survey1,78,28,S1_P78_O28,15,51.7630222,14.3365918,77.0,17883.53,-9999.99
1,Survey1,78,28,S1_P78_O28,16,51.7630278,14.3365874,77.0,18024.2,-9999.99
1,Survey1,78,28,S1_P78_O28,17,51.7630335,14.3365831,77.0,17884.63,-9999.99
1,Survey1,78,28,S1_P78_O28,18,51.76304,14.3365802,77.0,17679.8,-9999.99
1,Survey1,78,28,S1_P78_O28,19,51.7630465,14.3365773,77.0,17851.97,-9999.99
1,Survey1,78,28,S1_P78_O28,20,51.7630521,14.3365748,77.0,17659.28,-9999.99
1,Survey1,78,28,S1_P78_O28,21,51.7630578,14.3365724,77.0,17761.16,-9999.99
1,Survey1,78,28,S1_P78_O28,22,51.7630644,14.3365696,77.0,17638.65,-9999.99
1,Survey1,78,28,S1_P78_O28,23,51.763071,14.3365668,77.0,17723.67,-9999.99
1,Survey1,78,28,S1_P78_O28,24,51.763077,14.3365639,77.0,17751.85,-9999.99
1,Survey1,78,28,S1_P78_O28,25,51.7630831,14.336561,77.0,17666.31,-9999.99
1,Survey1,78,28,S1_P78_O28,26,51.7630892,14.3365582,77.0,17743.07,-9999.99
1,Survey1,78,28,S1_P78_O28,27,51.7630953,14.3365555,76.0,17629.92,-9999.99
1,Survey1,78,28,S1_P78_O28,28,51.763101,14.3365528,76.0,17888.97,-9999.99
1,Survey1,78,28,S1_P78_O28,29,51.7631068,14.3365502,76.0,17662.98,-9999.99
1,Survey1,78,28,S1_P78_O28,30,51.7631125,14.3365471,76.0,17682.52,-9999.99
1,Survey1,78,28,S1_P78_O28,31,51.7631182,14.3365441,76.0,17689.27,-9999.99
1,Survey1,78,28,S1_P78_O28,32,51.7631243,14.3365423,76.0,17703.48,-9999.99
1,Survey1,78,28,S1_P78_O28,33,51.7631305,14.3365406,76.0,17681.86,-9999.99
1,Survey1,78,28,S1_P78_O28,34,51.7631362,14.3365399,76.0,17786.01,-9999.99
1,Survey1,78,28,S1_P78_O28,35,51.7631419,14.3365392,76.0,17737.38,-9999.99
1,Survey1,78,28,S1_P78_O28,36,51.7631462,14.3365381,76.0,17644.39,-9999.99
1,Survey1,78,28,S1_P78_O28,37,51.7631505,14.336537,76.0,17625.48,-9999.99
1,Survey1,78,28,S1_P78_O28,38,51.7631505,14.336537,76.0,17625.48,-9999.99
1,Survey1,79,29,S1_P79_O29,1,51.7631414,14.3365121,78.0,17631.12,-9999.99
1,Survey1,79,29,S1_P79_O29,2,51.763136,14.3365146,78.0,17649.37,-9999.99
1,Survey1,79,29,S1_P79_O29,3,51.7631307,14.3365172,78.0,17706.25,-9999.99
1,Survey1,79,29,S1_P79_O29,4,51.7631248,14.3365196,78.0,17689.11,-9999.99
1,Survey1,79,29,S1_P79_O29,5,51.7631189,14.3365221,78.0,17707.69,-9999.99
1,Survey1,79,29,S1_P79_O29,6,51.7631126,14.3365248,78.0,17639.65,-9999.99
1,Survey1,79,29,S1_P79_O29,7,51.7631064,14.3365275,78.0,17724.33,-9999.99
1,Survey1,79,29,S1_P79_O29,8,51.7631015,14.3365303,78.0,17660.2,-9999.99
1,Survey1,79,29,S1_P79_O29,9,51.7630966,14.3365331,78.0,17633.79,-9999.99
1,Survey1,79,29,S1_P79_O29,10,51.7630903,14.3365351,78.0,17701.39,-9999.99
1,Survey1,79,29,S1_P79_O29,11,51.763084,14.3365372,78.0,17690.33,-9999.99
1,Survey1,79,29,S1_P79_O29,12,51.7630778,14.3365404,78.0,17669.82,-9999.99
1,Survey1,79,29,S1_P79_O29,13,51.7630717,14.3365437,78.0,17703.03,-9999.99
1,Survey1,79,29,S1_P79_O29,14,51.7630657,14.3365457,78.0,17634.41,-9999.99
1,Survey1,79,29,S1_P79_O29,15,51.7630598,14.3365477,78.0,17634.5,-9999.99
1,Survey1,79,29,S1_P79_O29,16,51.7630536,14.3365504,78.0,17735.19,-9999.99
1,Survey1,79,29,S1_P79_O29,17,51.7630474,14.3365531,78.0,17620.02,-9999.99
1,Survey1,79,29,S1_P79_O29,18,51.7630413,14.3365553,78.0,17642.37,-9999.99
1,Survey1,79,29,S1_P79_O29,19,51.7630353,14.3365576,78.0,17849.55,-9999.99
1,Survey1,79,29,S1_P79_O29,20,51.7630291,14.3365595,78.0,17625.78,-9999.99
1,Survey1,79,29,S1_P79_O29,21,51.763023,14.3365614,77.0,17624.89,-9999.99
1,Survey1,79,29,S1_P79_O29,22,51.7630171,14.3365632,77.0,17663.38,-9999.99
1,Survey1,79,29,S1_P79_O29,23,51.7630112,14.336565,77.0,17698.8,-9999.99
1,Survey1,79,29,S1_P79_O29,24,51.7630053,14.3365676,77.0,17682.76,-9999.99
1,Survey1,79,29,S1_P79_O29,25,51.7629994,14.3365703,77.0,17460.55,-9999.99
1,Survey1,79,29,S1_P79_O29,26,51.7629935,14.3365722,77.0,16723.66,-9999.99
1,Survey1,79,29,S1_P79_O29,27,51.7629877,14.3365742,77.0,16507.32,-9999.99
1,Survey1,79,29,S1_P79_O29,28,51.7629818,14.3365765,77.0,16569.52,-9999.99
1,Survey1,79,29,S1_P79_O29,29,51.7629759,14.3365789,77.0,17620.56,-9999.99
1,Survey1,79,29,S1_P79_O29,30,51.7629696,14.3365807,77.0,17697.0,-9999.99
1,Survey1,79,29,S1_P79_O29,31,51.7629633,14.3365825,77.0,18479.16,-9999.99
1,Survey1,79,29,S1_P79_O29,32,51.7629578,14.3365852,77.0,17715.71,-9999.99
1,Survey1,79,29,S1_P79_O29,33,51.7629524,14.336588,77.0,17592.33,-9999.99
1,Survey1,79,29,S1_P79_O29,34,51.7629464,14.3365901,77.0,17767.06,-9999.99
1,Survey1,79,29,S1_P79_O29,35,51.7629405,14.3365923,77.0,17952.85,-9999.99
1,Survey1,79,29,S1_P79_O29,36,51.7629372,14.3365941,77.0,17728.43,-9999.99
1,Survey1,79,29,S1_P79_O29,37,51.762934,14.336596,77.0,17692.57,-9999.99
1,Survey1,79,29,S1_P79_O29,38,51.7629313,14.3365966,77.0,17722.16,-9999.99
1,Survey1,79,29,S1_P79_O29,39,51.7629286,14.3365972,77.0,17706.37,-9999.99
1,Survey1,79,29,S1_P79_O29,40,51.7629283,14.3365998,77.0,17698.05,-9999.99
1,Survey1,79,29,S1_P79_O29,41,51.7629281,14.3366024,77.0,17700.81,-9999.99
1,Survey1,79,29,S1_P79_O29,42,51.7629281,14.3366024,77.0,17700.81,-9999.99
1,Survey1,80,30,S1_P80_O30,1,51.7629337,14.3365944,77.0,17624.31,-9999.99
1,Survey1,80,30,S1_P80_O30,2,51.7629388,14.336592,77.0,17747.88,-9999.99
1,Survey1,80,30,S1_P80_O30,3,51.762944,14.3365897,77.0,17839.81,-9999.99
1,Survey1,80,30,S1_P80_O30,4,51.7629496,14.3365872,77.0,17594.37,-9999.99
1,Survey1,80,30,S1_P80_O30,5,51.7629552,14.3365847,77.0,17703.1,-9999.99
1,Survey1,80,30,S1_P80_O30,6,51.7629611,14.3365823,77.0,17797.91,-9999.99
1,Survey1,80,30,S1_P80_O30,7,51.762967,14.3365799,77.0,17843.91,-9999.99
1,Survey1,80,30,S1_P80_O30,8,51.7629728,14.3365777,77.0,17703.69,-9999.99
1,Survey1,80,30,S1_P80_O30,9,51.7629787,14.3365755,76.0,17854.54,-9999.99
1,Survey1,80,30,S1_P80_O30,10,51.7629849,14.3365723,76.0,17685.4,-9999.99
1,Survey1,80,30,S1_P80_O30,11,51.7629912,14.3365691,76.0,17332.14,-9999.99
1,Survey1,80,30,S1_P80_O30,12,51.7629967,14.3365665,76.0,17237.65,-9999.99
1,Survey1,80,30,S1_P80_O30,13,51.7630022,14.3365639,76.0,16904.46,-9999.99
1,Survey1,80,30,S1_P80_O30,14,51.7630084,14.3365612,76.0,16709.48,-9999.99
1,Survey1,80,30,S1_P80_O30,15,51.7630147,14.3365586,76.0,17733.37,-9999.99
1,Survey1,80,30,S1_P80_O30,16,51.7630204,14.3365554,76.0,16778.92,-9999.99
1,Survey1,80,30,S1_P80_O30,17,51.7630262,14.3365523,76.0,16715.72,-9999.99
1,Survey1,80,30,S1_P80_O30,18,51.7630327,14.3365491,76.0,17788.87,-9999.99
1,Survey1,80,30,S1_P80_O30,19,51.7630392,14.3365459,76.0,17750.1,-9999.99
1,Survey1,80,30,S1_P80_O30,20,51.7630453,14.3365438,76.0,17724.65,-9999.99
1,Survey1,80,30,S1_P80_O30,21,51.7630515,14.3365417,76.0,17771.52,-9999.99
1,Survey1,80,30,S1_P80_O30,22,51.7630575,14.336538,76.0,17766.93,-9999.99
1,Survey1,80,30,S1_P80_O30,23,51.7630635,14.3365344,76.0,17744.37,-9999.99
1,Survey1,80,30,S1_P80_O30,24,51.7630698,14.3365319,76.0,17637.54,-9999.99
1,Survey1,80,30,S1_P80_O30,25,51.7630761,14.3365294,76.0,17697.56,-9999.99
1,Survey1,80,30,S1_P80_O30,26,51.7630825,14.3365263,76.0,17739.23,-9999.99
1,Survey1,80,30,S1_P80_O30,27,51.7630889,14.3365232,76.0,17747.61,-9999.99
1,Survey1,80,30,S1_P80_O30,28,51.7630946,14.3365216,76.0,17750.37,-9999.99
1,Survey1,80,30,S1_P80_O30,29,51.7631003,14.33652,76.0,17803.23,-9999.99
1,Survey1,80,30,S1_P80_O30,30,51.7631061,14.3365175,76.0,17646.65,-9999.99
1,Survey1,80,30,S1_P80_O30,31,51.7631119,14.336515,76.0,17725.23,-9999.99
1,Survey1,80,30,S1_P80_O30,32,51.7631178,14.3365128,76.0,17720.13,-9999.99
1,Survey1,80,30,S1_P80_O30,33,51.7631238,14.3365107,76.0,17638.55,-9999.99
1,Survey1,80,30,S1_P80_O30,34,51.7631293,14.3365077,76.0,17642.57,-9999.99
1,Survey1,80,30,S1_P80_O30,35,51.7631348,14.3365048,76.0,17719.89,-9999.99
1,Survey1,80,30,S1_P80_O30,36,51.7631394,14.3365027,76.0,17756.31,-9999.99
1,Survey1,80,30,S1_P80_O30,37,51.7631441,14.3365006,76.0,17672.13,-9999.99
1,Survey1,80,30,S1_P80_O30,38,51.7631466,14.3364998,76.0,17634.61,-9999.99
1,Survey1,80,30,S1_P80_O30,39,51.7631492,14.336499,76.0,17617.64,-9999.99
1,Survey1,80,30,S1_P80_O30,40,51.7631492,14.3364965,76.0,17683.11,-9999.99
1,Survey1,80,30,S1_P80_O30,41,51.7631493,14.3364941,76.0,17630.62,-9999.99
1,Survey1,80,30,S1_P80_O30,42,51.7631493,14.3364941,76.0,17630.62,-9999.99
1,Survey1,81,31,S1_P81_O31,1,51.7631354,14.3364814,76.0,17649.14,-9999.99
1,Survey1,81,31,S1_P81_O31,2,51.7631304,14.3364837,76.0,17616.79,-9999.99
1,Survey1,81,31,S1_P81_O31,3,51.7631254,14.3364861,76.0,17640.28,-9999.99
1,Survey1,81,31,S1_P81_O31,4,51.7631195,14.3364877,76.0,17626.56,-9999.99
1,Survey1,81,31,S1_P81_O31,5,51.7631136,14.3364894,76.0,17723.18,-9999.99
1,Survey1,81,31,S1_P81_O31,6,51.7631074,14.3364921,76.0,17682.32,-9999.99
1,Survey1,81,31,S1_P81_O31,7,51.7631013,14.3364948,76.0,17765.69,-9999.99
1,Survey1,81,31,S1_P81_O31,8,51.763096,14.3364976,76.0,17717.06,-9999.99
1,Survey1,81,31,S1_P81_O31,9,51.7630907,14.3365005,76.0,17639.35,-9999.99
1,Survey1,81,31,S1_P81_O31,10,51.7630845,14.336503,76.0,17560.49,-9999.99
1,Survey1,81,31,S1_P81_O31,11,51.7630784,14.3365056,76.0,17785.1,-9999.99
1,Survey1,81,31,S1_P81_O31,12,51.7630718,14.3365086,76.0,17754.21,-9999.99
1,Survey1,81,31,S1_P81_O31,13,51.7630652,14.3365117,76.0,17803.95,-9999.99
1,Survey1,81,31,S1_P81_O31,14,51.763059,14.3365137,76.0,17782.14,-9999.99
1,Survey1,81,31,S1_P81_O31,15,51.7630528,14.3365158,76.0,17756.22,-9999.99
1,Survey1,81,31,S1_P81_O31,16,51.7630464,14.3365185,76.0,17762.55,-9999.99
1,Survey1,81,31,S1_P81_O31,17,51.76304,14.3365213,76.0,17652.93,-9999.99
1,Survey1,81,31,S1_P81_O31,18,51.7630332,14.3365246,76.0,17757.62,-9999.99
1,Survey1,81,31,S1_P81_O31,19,51.7630265,14.3365279,76.0,17784.36,-9999.99
1,Survey1,81,31,S1_P81_O31,20,51.7630197,14.3365297,76.0,17609.3,-9999.99
1,Survey1,81,31,S1_P81_O31,21,51.763013,14.3365316,76.0,17759.33,-9999.99
1,Survey1,81,31,S1_P81_O31,22,51.7630065,14.3365339,76.0,17723.12,-9999.99
1,Survey1,81,31,S1_P81_O31,23,51.7630001,14.3365363,76.0,17746.81,-9999.99
1,Survey1,81,31,S1_P81_O31,24,51.7629938,14.336539,76.0,17676.87,-9999.99
1,Survey1,81,31,S1_P81_O31,25,51.7629875,14.3365418,76.0,17650.21,-9999.99
1,Survey1,81,31,S1_P81_O31,26,51.7629809,14.336545,76.0,17705.57,-9999.99
1,Survey1,81,31,S1_P81_O31,27,51.7629744,14.3365482,76.0,17794.74,-9999.99
1,Survey1,81,31,S1_P81_O31,28,51.7629681,14.3365503,76.0,17733.29,-9999.99
1,Survey1,81,31,S1_P81_O31,29,51.7629618,14.3365525,76.0,17595.46,-9999.99
1,Survey1,81,31,S1_P81_O31,30,51.7629559,14.3365546,76.0,17708.14,-9999.99
1,Survey1,81,31,S1_P81_O31,31,51.76295,14.3365568,76.0,17663.92,-9999.99
1,Survey1,81,31,S1_P81_O31,32,51.7629444,14.3365603,76.0,17731.18,-9999.99
1,Survey1,81,31,S1_P81_O31,33,51.7629389,14.3365638,76.0,17543.19,-9999.99
1,Survey1,81,31,S1_P81_O31,34,51.7629347,14.3365657,76.0,17729.89,-9999.99
1,Survey1,81,31,S1_P81_O31,35,51.7629305,14.3365677,76.0,17589.87,-9999.99
1,Survey1,81,31,S1_P81_O31,36,51.7629305,14.3365677,76.0,17589.87,-9999.99
1,Survey1,82,32,S1_P82_O32,1,51.7629342,14.3365633,75.0,17628.96,-9999.99
1,Survey1,82,32,S1_P82_O32,2,51.7629393,14.3365613,75.0,17702.46,-9999.99
1,Survey1,82,32,S1_P82_O32,3,51.7629444,14.3365594,75.0,17659.17,-9999.99
1,Survey1,82,32,S1_P82_O32,4,51.7629504,14.3365569,75.0,17630.67,-9999.99
1,Survey1,82,32,S1_P82_O32,5,51.7629564,14.3365545,75.0,17676.86,-9999.99
1,Survey1,82,32,S1_P82_O32,6,51.7629628,14.3365521,75.0,17715.59,-9999.99
1,Survey1,82,32,S1_P82_O32,7,51.7629693,14.3365498,75.0,17610.68,-9999.99
1,Survey1,82,32,S1_P82_O32,8,51.7629752,14.3365469,75.0,17637.33,-9999.99
1,Survey1,82,32,S1_P82_O32,9,51.7629812,14.3365441,75.0,17614.9,-9999.99
1,Survey1,82,32,S1_P82_O32,10,51.7629877,14.3365415,75.0,17621.49,-9999.99
1,Survey1,82,32,S1_P82_O32,11,51.7629943,14.336539,75.0,17632.1,-9999.99
1,Survey1,82,32,S1_P82_O32,12,51.7630006,14.3365363,75.0,17655.78,-9999.99
1,Survey1,82,32,S1_P82_O32,13,51.7630069,14.3365336,75.0,17627.39,-9999.99
1,Survey1,82,32,S1_P82_O32,14,51.7630132,14.3365304,75.0,17613.73,-9999.99
1,Survey1,82,32,S1_P82_O32,15,51.7630196,14.3365273,75.0,17614.8,-9999.99
1,Survey1,82,32,S1_P82_O32,16,51.7630262,14.336524,75.0,17611.98,-9999.99
1,Survey1,82,32,S1_P82_O32,17,51.7630329,14.3365207,75.0,17673.13,-9999.99
1,Survey1,82,32,S1_P82_O32,18,51.7630396,14.3365172,75.0,17652.84,-9999.99
1,Survey1,82,32,S1_P82_O32,19,51.7630463,14.3365138,75.0,17748.32,-9999.99
1,Survey1,82,32,S1_P82_O32,20,51.763053,14.3365111,75.0,17663.11,-9999.99
1,Survey1,82,32,S1_P82_O32,21,51.7630597,14.3365084,75.0,17611.04,-9999.99
1,Survey1,82,32,S1_P82_O32,22,51.7630664,14.3365052,75.0,17659.87,-9999.99
1,Survey1,82,32,S1_P82_O32,23,51.7630732,14.3365021,75.0,17657.41,-9999.99
1,Survey1,82,32,S1_P82_O32,24,51.7630796,14.336499,75.0,17625.75,-9999.99
1,Survey1,82,32,S1_P82_O32,25,51.7630861,14.336496,75.0,17631.0,-9999.99
1,Survey1,82,32,S1_P82_O32,26,51.7630921,14.3364932,75.0,17619.38,-9999.99
1,Survey1,82,32,S1_P82_O32,27,51.7630981,14.3364904,75.0,17742.81,-9999.99
1,Survey1,82,32,S1_P82_O32,28,51.7631046,14.3364868,75.0,17752.84,-9999.99
1,Survey1,82,32,S1_P82_O32,29,51.7631111,14.3364832,75.0,17763.91,-9999.99
1,Survey1,82,32,S1_P82_O32,30,51.763117,14.3364805,75.0,17751.08,-9999.99
1,Survey1,82,32,S1_P82_O32,31,51.7631229,14.3364779,75.0,17746.67,-9999.99
1,Survey1,82,32,S1_P82_O32,32,51.7631285,14.3364755,75.0,17654.88,-9999.99
1,Survey1,82,32,S1_P82_O32,33,51.7631341,14.3364732,75.0,17649.02,-9999.99
1,Survey1,82,32,S1_P82_O32,34,51.7631378,14.3364728,75.0,17690.27,-9999.99
1,Survey1,82,32,S1_P82_O32,35,51.7631415,14.3364725,75.0,17647.71,-9999.99
1,Survey1,82,32,S1_P82_O32,36,51.7631439,14.3364697,75.0,17620.71,-9999.99
1,Survey1,82,32,S1_P82_O32,37,51.7631463,14.3364669,75.0,17668.77,-9999.99
1,Survey1,82,32,S1_P82_O32,38,51.7631457,14.3364659,75.0,17708.05,-9999.99
1,Survey1,82,32,S1_P82_O32,39,51.7631451,14.3364649,75.0,17716.54,-9999.99
1,Survey1,82,32,S1_P82_O32,40,51.7631453,14.336465,75.0,17624.43,-9999.99
1,Survey1,82,32,S1_P82_O32,41,51.7631456,14.3364651,75.0,17657.34,-9999.99
1,Survey1,82,32,S1_P82_O32,42,51.7631456,14.3364649,75.0,17616.82,-9999.99
1,Survey1,82,32,S1_P82_O32,43,51.7631456,14.3364647,75.0,17913.29,-9999.99
1,Survey1,82,32,S1_P82_O32,44,51.7631456,14.3364645,75.0,17766.95,-9999.99
1,Survey1,82,32,S1_P82_O32,45,51.7631456,14.3364643,75.0,17632.85,-9999.99
1,Survey1,82,32,S1_P82_O32,46,51.7631451,14.3364652,75.0,17664.97,-9999.99
1,Survey1,82,32,S1_P82_O32,47,51.7631447,14.3364662,76.0,17655.71,-9999.99
1,Survey1,82,32,S1_P82_O32,48,51.7631451,14.3364651,76.0,17722.36,-9999.99
1,Survey1,82,32,S1_P82_O32,49,51.7631455,14.336464,76.0,17651.43,-9999.99
1,Survey1,82,32,S1_P82_O32,50,51.7631457,14.3364634,76.0,17632.22,-9999.99
1,Survey1,82,32,S1_P82_O32,51,51.7631459,14.3364629,75.0,17674.43,-9999.99
1,Survey1,82,32,S1_P82_O32,52,51.7631459,14.3364629,75.0,17674.43,-9999.99
2,Survey2,82,1,S2_P82_O1,1,51.7631636,14.3365546,73.0,48766.67,-1116.46
2,Survey2,82,1,S2_P82_O1,2,51.7631635,14.3365544,73.0,41016.08,-9999.99
2,Survey2,82,1,S2_P82_O1,3,51.7631635,14.3365543,73.0,48456.68,-1919.52
2,Survey2,82,1,S2_P82_O1,4,51.7631626,14.3365541,73.0,34711.92,-9999.99
2,Survey2,82,1,S2_P82_O1,5,51.7631617,14.3365539,73.0,49523.69,-293.1
2,Survey2,82,1,S2_P82_O1,6,51.7631595,14.336556,73.0,40242.01,-9999.99
2,Survey2,82,1,S2_P82_O1,7,51.7631573,14.3365582,73.0,49707.38,-281.64
2,Survey2,82,1,S2_P82_O1,8,51.7631563,14.3365583,73.0,34711.92,-9999.99
2,Survey2,82,1,S2_P82_O1,9,51.7631553,14.3365585,73.0,49694.2,-731.34
2,Survey2,82,1,S2_P82_O1,10,51.7631549,14.3365584,73.0,44223.57,-9999.99
2,Survey2,82,1,S2_P82_O1,11,51.7631545,14.3365584,73.0,49940.58,-643.46
2,Survey2,82,1,S2_P82_O1,12,51.7631529,14.3365598,73.0,32299.16,-9999.99
2,Survey2,82,1,S2_P82_O1,13,51.7631513,14.3365613,73.0,50315.54,-337.0
2,Survey2,82,1,S2_P82_O1,14,51.7631475,14.3365634,73.0,39867.43,-9999.99
2,Survey2,82,1,S2_P82_O1,15,51.7631437,14.3365655,73.0,50413.58,-418.78
2,Survey2,82,1,S2_P82_O1,16,51.7631385,14.3365677,73.0,41440.53,-9999.99
2,Survey2,82,1,S2_P82_O1,17,51.7631333,14.3365699,73.0,50790.71,-245.52
2,Survey2,82,1,S2_P82_O1,18,51.7631274,14.3365727,73.0,42738.58,-9999.99
2,Survey2,82,1,S2_P82_O1,19,51.7631216,14.3365755,73.0,51240.69,317.78
2,Survey2,82,1,S2_P82_O1,20,51.7631162,14.3365778,73.0,43551.03,-9999.99
2,Survey2,82,1,S2_P82_O1,21,51.7631109,14.3365802,73.0,51113.39,153.16
2,Survey2,82,1,S2_P82_O1,22,51.7631055,14.3365813,73.0,45687.98,-9999.99
2,Survey2,82,1,S2_P82_O1,23,51.7631001,14.3365825,73.0,50813.44,-310.62
2,Survey2,82,1,S2_P82_O1,24,51.7630946,14.3365846,73.0,46892.82,-8075.16
2,Survey2,82,1,S2_P82_O1,25,51.7630892,14.3365867,74.0,50765.59,-217.76
2,Survey2,82,1,S2_P82_O1,26,51.7630835,14.3365893,74.0,50657.81,-154.82
2,Survey2,82,1,S2_P82_O1,27,51.7630779,14.336592,74.0,50124.24,75.64
2,Survey2,82,1,S2_P82_O1,28,51.7630723,14.3365933,74.0,49791.13,-148.02
2,Survey2,82,1,S2_P82_O1,29,51.7630667,14.3365946,74.0,49668.52,-137.96
2,Survey2,82,1,S2_P82_O1,30,51.763061,14.3365963,74.0,49616.8,-128.6
2,Survey2,82,1,S2_P82_O1,31,51.7630553,14.336598,74.0,49534.86,-122.72
2,Survey2,82,1,S2_P82_O1,32,51.7630499,14.3365993,74.0,49532.22,-112.1
2,Survey2,82,1,S2_P82_O1,33,51.7630446,14.3366007,74.0,49540.58,-94.34
2,Survey2,82,1,S2_P82_O1,34,51.7630412,14.3366027,74.0,49543.25,-52.54
2,Survey2,82,1,S2_P82_O1,35,51.7630379,14.3366048,74.0,49411.35,-76.16
2,Survey2,82,1,S2_P82_O1,36,51.7630368,14.3366056,74.0,49362.22,-159.0
2,Survey2,82,1,S2_P82_O1,37,51.7630357,14.3366065,74.0,49506.09,-72.24
2,Survey2,82,1,S2_P82_O1,38,51.7630364,14.3366064,74.0,49515.12,-72.18
2,Survey2,82,1,S2_P82_O1,39,51.7630371,14.3366063,74.0,49505.02,-70.62
2,Survey2,82,1,S2_P82_O1,40,51.763037,14.3366064,74.0,49493.84,-93.46
2,Survey2,82,1,S2_P82_O1,41,51.763037,14.3366065,74.0,49512.34,-52.82
2,Survey2,82,1,S2_P82_O1,42,51.763037,14.3366067,74.0,49516.47,-51.18
2,Survey2,82,1,S2_P82_O1,43,51.763037,14.336607,74.0,49468.26,-54.8
2,Survey2,82,1,S2_P82_O1,44,51.7630369,14.3366076,74.0,49437.3,-59.52
2,Survey2,82,1,S2_P82_O1,45,51.7630368,14.3366082,74.0,49432.75,-63.96
2,Survey2,82,1,S2_P82_O1,46,51.7630368,14.336609,74.0,49430.53,-63.74
2,Survey2,82,1,S2_P82_O1,47,51.7630369,14.3366098,74.0,49427.74,-67.8
2,Survey2,82,1,S2_P82_O1,48,51.7630369,14.3366098,74.0,49427.74,-67.8
2,Survey2,83,2,S2_P83_O2,1,51.7630433,14.3366256,75.0,49599.86,-62.96
2,Survey2,83,2,S2_P83_O2,2,51.7630483,14.3366237,75.0,49580.53,-97.72
2,Survey2,83,2,S2_P83_O2,3,51.7630533,14.3366218,75.0,49571.2,-128.8
2,Survey2,83,2,S2_P83_O2,4,51.7630592,14.3366202,75.0,49570.21,-146.1
2,Survey2,83,2,S2_P83_O2,5,51.7630652,14.3366187,75.0,49577.95,-160.26
2,Survey2,83,2,S2_P83_O2,6,51.7630715,14.3366168,75.0,49578.49,-202.54
2,Survey2,83,2,S2_P83_O2,7,51.7630778,14.3366149,75.0,49605.14,-207.9
2,Survey2,83,2,S2_P83_O2,8,51.7630835,14.3366121,75.0,49605.38,-262.5
2,Survey2,83,2,S2_P83_O2,9,51.7630893,14.3366093,75.0,49618.01,-308.66
2,Survey2,83,2,S2_P83_O2,10,51.763094,14.3366075,75.0,49650.88,-298.0
2,Survey2,83,2,S2_P83_O2,11,51.7630987,14.3366057,75.0,49660.33,-339.6
2,Survey2,83,2,S2_P83_O2,12,51.7631027,14.3366039,75.0,49686.9,-327.56
2,Survey2,83,2,S2_P83_O2,13,51.7631067,14.3366022,75.0,49689.73,-370.78
2,Survey2,83,2,S2_P83_O2,14,51.7631117,14.3366005,75.0,49736.99,-354.08
2,Survey2,83,2,S2_P83_O2,15,51.7631167,14.3365989,75.0,49878.58,-72.56
2,Survey2,83,2,S2_P83_O2,16,51.7631221,14.3365966,75.0,50003.11,234.28
2,Survey2,83,2,S2_P83_O2,17,51.7631276,14.3365944,75.0,50018.16,465.54
2,Survey2,83,2,S2_P83_O2,18,51.7631341,14.3365916,75.0,49833.3,395.86
2,Survey2,83,2,S2_P83_O2,19,51.7631407,14.3365888,75.0,49494.97,33.32
2,Survey2,83,2,S2_P83_O2,20,51.7631459,14.3365868,75.0,49302.49,-154.34
2,Survey2,83,2,S2_P83_O2,21,51.7631512,14.3365848,75.0,49179.66,-234.36
2,Survey2,83,2,S2_P83_O2,22,51.7631565,14.3365809,75.0,49130.87,-223.74
2,Survey2,83,2,S2_P83_O2,23,51.7631618,14.3365771,74.0,49101.02,-221.12
2,Survey2,83,2,S2_P83_O2,24,51.7631629,14.3365746,74.0,49097.09,-204.44
2,Survey2,83,2,S2_P83_O2,25,51.7631641,14.3365722,74.0,49104.48,-193.68
2,Survey2,83,2,S2_P83_O2,26,51.7631645,14.3365694,74.0,49110.63,-174.7
2,Survey2,83,2,S2_P83_O2,27,51.763165,14.3365667,74.0,49114.34,-169.3
2,Survey2,83,2,S2_P83_O2,28,51.763165,14.3365667,74.0,49114.34,-169.3
2,Survey2,84,3,S2_P84_O3,1,51.7631576,14.3365704,75.0,49185.39,-250.02
2,Survey2,84,3,S2_P84_O3,2,51.7631535,14.3365732,75.0,49181.99,-321.98
2,Survey2,84,3,S2_P84_O3,3,51.7631494,14.3365761,75.0,49174.57,-414.68
2,Survey2,84,3,S2_P84_O3,4,51.7631434,14.3365787,75.0,49261.46,-422.8
2,Survey2,84,3,S2_P84_O3,5,51.7631375,14.3365814,75.0,49453.49,-298.72
2,Survey2,84,3,S2_P84_O3,6,51.7631311,14.336584,75.0,49671.34,-102.3
2,Survey2,84,3,S2_P84_O3,7,51.7631247,14.3365866,75.0,49932.17,303.06
2,Survey2,84,3,S2_P84_O3,8,51.7631188,14.3365892,75.0,49959.03,343.6
2,Survey2,84,3,S2_P84_O3,9,51.7631129,14.3365918,75.0,49812.42,142.18
2,Survey2,84,3,S2_P84_O3,10,51.7631069,14.3365951,75.0,49681.88,-54.84
2,Survey2,84,3,S2_P84_O3,11,51.763101,14.3365985,75.0,49548.67,-209.66
2,Survey2,84,3,S2_P84_O3,12,51.7630951,14.3365997,75.0,49508.95,-208.4
2,Survey2,84,3,S2_P84_O3,13,51.7630892,14.336601,75.0,49453.52,-220.24
2,Survey2,84,3,S2_P84_O3,14,51.7630834,14.3366024,75.0,49418.75,-202.2
2,Survey2,84,3,S2_P84_O3,15,51.7630776,14.3366038,75.0,49402.04,-155.1
2,Survey2,84,3,S2_P84_O3,16,51.7630716,14.3366056,75.0,49387.26,-143.5
2,Survey2,84,3,S2_P84_O3,17,51.7630657,14.3366075,75.0,49412.7,-136.22
2,Survey2,84,3,S2_P84_O3,18,51.7630598,14.3366088,75.0,49407.8,-112.98
2,Survey2,84,3,S2_P84_O3,19,51.763054,14.3366102,75.0,49373.77,-113.68
2,Survey2,84,3,S2_P84_O3,20,51.7630489,14.3366105,75.0,49365.4,-85.34
2,Survey2,84,3,S2_P84_O3,21,51.7630438,14.3366109,74.0,49347.07,-77.32
2,Survey2,84,3,S2_P84_O3,22,51.7630428,14.3366108,74.0,49342.55,-80.46
2,Survey2,84,3,S2_P84_O3,23,51.7630418,14.3366107,74.0,49335.8,-79.7
2,Survey2,84,3,S2_P84_O3,24,51.7630429,14.3366129,74.0,49322.35,-75.54
2,Survey2,84,3,S2_P84_O3,25,51.763044,14.3366152,74.0,49328.27,-78.24
2,Survey2,84,3,S2_P84_O3,26,51.7630438,14.3366139,74.0,49337.06,-80.62
2,Survey2,84,3,S2_P84_O3,27,51.7630436,14.3366126,74.0,49360.13,-74.78
2,Survey2,84,3,S2_P84_O3,28,51.7630421,14.3366116,74.0,49370.85,-68.94
2,Survey2,84,3,S2_P84_O3,29,51.7630406,14.3366107,74.0,49368.64,-67.06
2,Survey2,84,3,S2_P84_O3,30,51.7630406,14.3366107,74.0,49368.64,-67.06
3,Survey3,84,1,S3_P84_O1,1,51.7631498,14.3364617,74.0,48973.74,-371.18
3,Survey3,84,1,S3_P84_O1,2,51.7631497,14.3364619,74.0,48960.4,-391.6
3,Survey3,84,1,S3_P84_O1,3,51.7631496,14.3364622,74.0,48958.39,-384.3
3,Survey3,84,1,S3_P84_O1,4,51.7631497,14.3364621,74.0,48964.6,-378.22
3,Survey3,84,1,S3_P84_O1,5,51.7631499,14.3364621,74.0,48959.75,-382.38
3,Survey3,84,1,S3_P84_O1,6,51.7631501,14.3364624,74.0,48957.08,-397.98
3,Survey3,84,1,S3_P84_O1,7,51.7631504,14.3364627,74.0,48961.31,-377.68
3,Survey3,84,1,S3_P84_O1,8,51.7631503,14.3364627,74.0,48953.42,-387.78
3,Survey3,84,1,S3_P84_O1,9,51.7631503,14.3364627,74.0,48952.11,-402.86
3,Survey3,84,1,S3_P84_O1,10,51.7631504,14.3364627,74.0,48943.02,-396.18
3,Survey3,84,1,S3_P84_O1,11,51.7631505,14.3364627,74.0,48952.27,-387.82
3,Survey3,84,1,S3_P84_O1,12,51.7631507,14.3364627,74.0,48951.08,-383.7
3,Survey3,84,1,S3_P84_O1,13,51.763151,14.3364627,74.0,48948.52,-375.32
3,Survey3,84,1,S3_P84_O1,14,51.7631511,14.3364625,74.0,48939.61,-382.92
3,Survey3,84,1,S3_P84_O1,15,51.7631513,14.3364623,74.0,48933.71,-387.32
3,Survey3,84,1,S3_P84_O1,16,51.7631513,14.3364621,74.0,48922.38,-397.98
3,Survey3,84,1,S3_P84_O1,17,51.7631514,14.336462,74.0,48912.21,-404.74
3,Survey3,84,1,S3_P84_O1,18,51.7631514,14.3364616,74.0,48907.42,-412.54
3,Survey3,84,1,S3_P84_O1,19,51.7631515,14.3364613,74.0,48917.28,-393.7
3,Survey3,84,1,S3_P84_O1,20,51.7631515,14.336461,74.0,48914.31,-389.88
3,Survey3,84,1,S3_P84_O1,21,51.7631515,14.3364608,74.0,48919.13,-376.56
3,Survey3,84,1,S3_P84_O1,22,51.7631515,14.3364608,74.0,48919.13,-376.56
3,Survey3,85,2,S3_P85_O2,1,51.7631494,14.3364564,73.0,49197.63,-356.4
3,Survey3,85,2,S3_P85_O2,2,51.7631481,14.3364537,73.0,49207.79,-343.36
3,Survey3,85,2,S3_P85_O2,3,51.7631469,14.336451,73.0,49222.81,-356.26
3,Survey3,85,2,S3_P85_O2,4,51.763145,14.3364481,73.0,49248.64,-358.14
3,Survey3,85,2,S3_P85_O2,5,51.7631432,14.3364452,73.0,49324.32,-292.32
3,Survey3,85,2,S3_P85_O2,6,51.7631426,14.3364372,73.0,49404.18,-215.78
3,Survey3,85,2,S3_P85_O2,7,51.7631421,14.3364293,73.0,49494.51,-150.14
3,Survey3,85,2,S3_P85_O2,8,51.7631409,14.3364196,73.0,49535.08,-108.3
3,Survey3,85,2,S3_P85_O2,9,51.7631398,14.33641,73.0,49566.05,-75.28
3,Survey3,85,2,S3_P85_O2,10,51.763138,14.3364008,73.0,49491.85,-23.22
3,Survey3,85,2,S3_P85_O2,11,51.7631362,14.3363916,73.0,49268.19,-34.38
3,Survey3,85,2,S3_P85_O2,12,51.7631344,14.3363807,73.0,49134.29,-23.04
3,Survey3,85,2,S3_P85_O2,13,51.7631326,14.3363699,73.0,48988.41,-59.72
3,Survey3,85,2,S3_P85_O2,14,51.7631304,14.3363596,73.0,48855.45,-111.58
3,Survey3,85,2,S3_P85_O2,15,51.7631282,14.3363493,73.0,48784.21,-51.42
3,Survey3,85,2,S3_P85_O2,16,51.763126,14.3363404,73.0,48656.63,-95.46
3,Survey3,85,2,S3_P85_O2,17,51.7631238,14.3363315,74.0,48553.22,-24.92
3,Survey3,85,2,S3_P85_O2,18,51.7631222,14.3363207,74.0,48345.86,-36.58
3,Survey3,85,2,S3_P85_O2,19,51.7631206,14.3363099,74.0,48288.41,472.68
3,Survey3,85,2,S3_P85_O2,20,51.763118,14.3363002,74.0,46330.76,-2790.46
3,Survey3,85,2,S3_P85_O2,21,51.7631155,14.3362905,74.0,24145.2,-9999.99
3,Survey3,85,2,S3_P85_O2,22,51.7631132,14.3362809,74.0,17749.98,9999.99
3,Survey3,85,2,S3_P85_O2,23,51.763111,14.3362714,74.0,20656.83,9999.99
3,Survey3,85,2,S3_P85_O2,24,51.7631091,14.3362613,74.0,0.0,-9999.99
3,Survey3,85,2,S3_P85_O2,25,51.7631073,14.3362513,74.0,28906.23,-9999.99
3,Survey3,85,2,S3_P85_O2,26,51.7631059,14.3362436,74.0,15912.2,-9999.99
3,Survey3,85,2,S3_P85_O2,27,51.7631046,14.336236,74.0,13457.98,-9999.99
3,Survey3,85,2,S3_P85_O2,28,51.7631025,14.3362247,74.0,19210.69,-9999.99
3,Survey3,85,2,S3_P85_O2,29,51.7631005,14.3362134,74.0,17240.02,-9999.99
3,Survey3,85,2,S3_P85_O2,30,51.7630992,14.3362039,74.0,18033.98,-9999.99
3,Survey3,85,2,S3_P85_O2,31,51.7630979,14.3361945,74.0,18037.28,-9999.99
3,Survey3,85,2,S3_P85_O2,32,51.7630968,14.3361863,74.0,17931.06,-9999.99
3,Survey3,85,2,S3_P85_O2,33,51.7630957,14.3361781,74.0,18578.4,-9999.99
3,Survey3,85,2,S3_P85_O2,34,51.7630959,14.3361692,74.0,18420.34,-9999.99
3,Survey3,85,2,S3_P85_O2,35,51.7630961,14.3361604,74.0,17636.22,-9999.99
3,Survey3,85,2,S3_P85_O2,36,51.763095,14.3361494,74.0,16913.74,-9999.99
3,Survey3,85,2,S3_P85_O2,37,51.7630939,14.3361385,75.0,16665.95,-9999.99
3,Survey3,85,2,S3_P85_O2,38,51.7630897,14.3361287,75.0,17101.66,-9999.99
3,Survey3,85,2,S3_P85_O2,39,51.7630855,14.3361189,75.0,16798.02,-9999.99
3,Survey3,85,2,S3_P85_O2,40,51.7630819,14.3361099,75.0,0.0,0.0
3,Survey3,85,2,S3_P85_O2,41,51.7630784,14.336101,75.0,0.0,0.0
3,Survey3,85,2,S3_P85_O2,42,51.7630745,14.3360961,75.0,0.0,0.0
3,Survey3,85,2,S3_P85_O2,43,51.7630706,14.3360912,78.0,17697.92,-9999.99
3,Survey3,85,2,S3_P85_O2,44,51.7630704,14.3360803,78.0,17610.35,-9999.99
3,Survey3,85,2,S3_P85_O2,45,51.7630702,14.3360695,77.0,17741.22,-9999.99
3,Survey3,85,2,S3_P85_O2,46,51.7630739,14.3360654,77.0,17610.35,-9999.99
3,Survey3,85,2,S3_P85_O2,47,51.7630776,14.3360613,77.0,17610.92,-9999.99
3,Survey3,85,2,S3_P85_O2,48,51.7630767,14.3360575,77.0,17574.67,-9999.99
3,Survey3,85,2,S3_P85_O2,49,51.7630758,14.3360537,77.0,17598.04,-9999.99
3,Survey3,85,2,S3_P85_O2,50,51.7630758,14.3360537,77.0,17598.04,-9999.99
